id,serial,name,name_pt,set,rarity,bp,base,fire,air,earth,water,ability,ability_pt,flavorText,flavorText_pt,unique,artist,imageUrl,uniqueId
DOP-87/232,87/232,Allmageddon,Allmageddon,dop,super rare,5,10,10,10,10,10,,,"This is the end of all fighting, for you!","Esse é o fim da luta, pra você!",TRUE,"Edwin Nebres, David Curiel ",https://i.imgur.com/7A3qZHW.png,Allmageddon__dop
DOP-88/232,88/232,Ash Torrent,Torrente de Cinzas,dop,uncommon,1,0,5,,5,,"Challenge :power:Power 15: Deal 10 damage. (Compare the Discipline of the Creature that played this Attack with the opposing engaged Creature. If yours has that amount or more higher, deal the damage.)",Desafio de :power:Poder 15: Cause 10 de dano.,,,FALSE,"Andrew Bradshaw, Etienne St.Laurent",https://i.imgur.com/KEJLzAh.png,Ash Torrent__dop
DOP-89/232,89/232,Coil Crush,Esmagamento Espiral,dop,super rare,3,5,,,,,Stat Check :power:Power 75: Choose a Battlegear equipped to an opposing Creature and destroy it.,Checar Status :power:Poder 75: Escolha um Equipamento equipado em uma criatura do oponente e destrua-o.,,,FALSE,"David Rodriguez, Edwin Nebres, David Curiel ",https://i.imgur.com/lkXhAbT.png,Coil Crush__dop
DOP-90/232,90/232,Degenervate,Degenerar,dop,rare,0,0,,,,0,:water:Water: Opposing Creature loses 25 to all Disciplines. Your engaged Creature loses :water:Water.,":water:Água: A criatura em combate do oponente perde 25 em todas as Disciplinas.
A criatura em combate perde :water:Água.",,,FALSE,"Andrew Bradshaw, Etienne St.Laurent, Edwin Nebres",https://i.imgur.com/aEayVEx.png,Degenervate__dop
DOP-91/232,91/232,Delerium,Delírio,dop,common,0,0,,,,,Stat Check :wisdom:Wisdom 50: Deal 5 damage.,Checar Status :wisdom:Sabedoria 50: Cause 5 de dano.,Have something for your lack of inspiration!,Tenho algo para sua falta de inspiração!,FALSE,"Andrew Bradshaw, Etienne St.Laurent",https://i.imgur.com/9T8MgYP.png,Delerium__dop
DOP-92/232,92/232,Ektospasm,Ectoespasmo,dop,common,0,0,,,,,Stat Check :power:Power 50: Deal 5 damage.,Checar Status :power:Poder 50: Cause 5 de dano.,This will fit you good!,Isso vai ficar bem em você!,FALSE,"Keith Conroy, Jimmy Tran",https://i.imgur.com/5YY7hLr.png,Ektospasm__dop
DOP-93/232,93/232,Ember Swarm,Enxame de Brasa,dop,uncommon,1,5,5,,,,:fire:Fire: Opposing engaged Creature loses 25 :wisdom:Wisdom.,:fire:Fogo: A criatura  em combate do oponente perde 25 de :wisdom:Sabedoria.,,,FALSE,"Etienne St.Laurent, Edwin Nebres",https://i.imgur.com/K88z2wG.png,Ember Swarm__dop
DOP-94/232,94/232,Evaporize,Evaporar,dop,rare,0,0,,,,,Challenge :courage:Courage 15: Heal 10 damage.,Desafio de :courage:Coragem 15: Cure 10 de dano.,,,FALSE,"Andrew Bradshaw, David Curiel ",https://i.imgur.com/4ZSP8CC.png,Evaporize__dop
DOP-95/232,95/232,Fearocity,Medocidade,dop,super rare,2,5,,5,,,Stat Check :courage:Courage 75: Deal 10 damage.,Checar Status :courage:Coragem 75: Cause 10 de dano.,,,FALSE,"Andrew Bradshaw, David Curiel ",https://i.imgur.com/8u5Rjuv.png,Fearocity__dop
DOP-96/232,96/232,Flame Orb,Órbita de Fogo,dop,super rare,2,5,5,,,,Stat Check :power:Power 75: Deal 10 damage.,Checar Status :power:Poder 75: Cause 10 de dano.,,,FALSE,"Edwin Nebres, David Curiel",https://i.imgur.com/J3GlFeF.png,Flame Orb__dop
DOP-97/232,97/232,Flash Kick,Chute de Luz,dop,uncommon,1,5,,,,,Look at the top two cards of your Location Deck. Put one of them on top of that deck and the other on the bottom.,"Observe as duas cartas do topo do seu Baralho de Locais.
Coloque uma delas no topo e a outra no fundo.",,,FALSE,"Andrew Bradshaw, David Curiel",https://i.imgur.com/ClJCrUU.png,Flash Kick__dop
DOP-98/232,98/232,Flash Mend,Reparo Rápido,dop,rare,0,0,,,,,Stat Check :wisdom:Wisdom 50: Heal 5 damage.,Checar Status :wisdom:Sabedoria 50: Cure 5 de dano.,,,FALSE,"Edwin Nebres, Rudy Nebres, Axer",https://i.imgur.com/bZd9PNz.png,Flash Mend__dop
DOP-99/232,99/232,Flashwarp,Clarão Distorcido,dop,common,0,0,,,,,Challenge :power:Power 15: Deal 10 damage.,Desafio :power:Poder 15: Cause 10 de dano.,,,FALSE,Emilio Lopez,https://i.imgur.com/W83XHNz.png,Flashwarp__dop
DOP-100/232,100/232,Frost Blight,Ferrugem de Gelo,dop,super rare,2,5,,,,5,Stat Check :speed:Speed 75: Deal 10 damage.,Checar Status :speed:Velocidade 75: Cause 10 de dano.,,,FALSE,"Jimmy Tran, Adrian Barrios",https://i.imgur.com/qJHo8qj.png,Frost Blight__dop
DOP-101/232,101/232,Hail Storm,Chuva de Granizo,dop,super rare,3,10,,5,,5,,,,,FALSE,"Andrew Bradshaw, Etienne St.Laurent",https://i.imgur.com/UuAvBXS.png,Hail Storm__dop
DOP-102/232,102/232,Hive Call,Chamado da Multidão,dop,rare,0,0,,,,,"You can remove :danianmugic:from a Creature you control. If you do, activate Hive.","Você pode remover 1 :genericmugic: de uma Criatura que você controla.
Se fizer isso, ative Multidão.",,,FALSE,"David Curiel, Francis Barrios",https://i.imgur.com/tgFjtPq.png,Hive Call__dop
DOP-103/232,103/232,Incinerase,Incinerador,dop,rare,0,0,10,,,,:fire:Fire: Your engaged Creature loses :fire:Fire.,:fire:Fogo: Sua criatura em combate perde :fire:Fogo.,,,FALSE,Emilio Lopez,https://i.imgur.com/aKTcXzI.png,Incinerase__dop
DOP-104/232,104/232,Inferno Gust,Temporal do Inferno,dop,uncommon,1,0,5,5,,,Challenge :speed:Speed 15: Deal 10 damage.,Desafio :speed:Velocidade 15: Causa 10 de dano.,,,FALSE,"Adrian Barrios, David Curiel ",https://i.imgur.com/9lvMsFm.png,Inferno Gust__dop
DOP-105/232,105/232,Iron Balls,Bolas de Ferro,dop,super rare,1,0,,,,,Tribal Mugic cannot be played.,Não é possível usar Mugics Tribais.,,,FALSE,"Edwin Nebres, Andrew Bradshaw, Etienne St.Laurent",https://i.imgur.com/8os5kcP.png,Iron Balls__dop
DOP-106/232,106/232,Lavalanche,Lavalanche,dop,super rare,3,10,5,,5,,,,,,FALSE,"Edwin Nebres, Andrew Bradshaw, Axer",https://i.imgur.com/4O7GTaD.png,Lavalanche__dop
DOP-107/232,107/232,Lightning Burst,Explosão de Relâmpago,dop,uncommon,1,5,,5,,,:air:Air: Opposing engaged Creature loses 25 :power:Power.,:air:Ar: A criatura em combate do oponente perde 25 de :power:Poder.,,,FALSE,"David Rodriguez, Edwin Nebres, Etienne St.Laurent",https://i.imgur.com/UVIb8xy.png,Lightning Burst__dop
DOP-108/232,108/232,Lucky Shot,Tiro de Sorte,dop,ultra rare,4,0,,,,,"If your engaged Creature has lower:courage:Courage, :power:Power, :wisdom:Wisdom, :speed:Speed and Current Energy than the opposing engaged Creature, deal 40 damage.","Se a sua criatura em combate tiver menos :courage:Coragem, :power:Poder, :wisdom:Sabedoria, :speed:Velocidade ​​e Energia atual do que a criatura em combate do oponente, cause 40 de dano.",They say fortune favors the brave.,Dizem que a sorte favorece os corajosos.,TRUE,"Edwin Nebres, Andrew Bradshaw, David Curiel ",https://i.imgur.com/GeANzet.png,Lucky Shot__dop
DOP-109/232,109/232,Megaroar,Mega Rugido,dop,ultra rare,4,0,,,,,"Stat Check :courage:Courage 70: Deal 10 damage.
Stat Check :power:Power 70: Deal 10 damage.
Stat Check :wisdom:Wisdom 70: Deal 10 damage.
Stat Check :speed:Speed 70: Deal 10 damage.","Checar Status: :courage:Coragem 70: Cause 10 de dano.
Checar Status: :power:Poder 70: Cause 10 de dano.
Checar Status: :wisdom:Sabedoria 70: Cause 10 de dano.
Checar Status: :speed:Velocidade ​70: Cause 10 de dano.",,,TRUE,"David Rodriguez, Edwin Nebres, David Curiel ",https://i.imgur.com/NwvsCVk.png,Megaroar__dop
DOP-110/232,110/232,Mirthquake,Terremoto de Alegria,dop,rare,0,0,,,0,,:earth:Earth: Reveal a new active Location. Your engaged Creature loses :earth:Earth.,":earth:Terra: Revele um novo local ativo.
Sua criatura em combate perde :earth:Terra.",,,FALSE,"Edwin Nebres, Andrew Bradshaw, David Curiel",https://i.imgur.com/4JOggvh.png,Mirthquake__dop
DOP-111/232,111/232,Paral-Eyes,Paralizar,dop,rare,2,10,,,,,Challenge :speed:Speed 15: Deal 10 damage.,Desafio :speed:Velocidade 15: Cause 10 de dano.,,,FALSE,"Jason Narvaez, Etienne St.Laurent",https://i.imgur.com/u3ptGz5.png,Paral-Eyes__dop
DOP-112/232,112/232,Pebblestorm,Chuva de Pedra,dop,common,1,0,,5,5,,,,,,FALSE,"Edwin Nebres, David Curiel ",https://i.imgur.com/kGMnaQp.png,Pebblestorm__dop
DOP-113/232,113/232,Power Pulse,Pulsos de Relâmpago,dop,rare,2,10,,,,,Challenge :power:Power 15: Deal 10 damage.,Desafio :power:Poder 15: Cause 10 de dano.,Check my pulse!,Cheque meu Pulso!,FALSE,"Edwin Nebres, Etienne St.Laurent",https://i.imgur.com/CZXBitS.png,Power Pulse__dop
DOP-114/232,114/232,Quick Exit,Saída Rápida,dop,common,0,0,,,,,Challenge :wisdom:Wisdom 15: Deal 10 damage.,Desafio :wisdom:Sabedoria 15: Cause 10 de dano.,,,FALSE,"Andrew Bradshaw, David Curiel",https://i.imgur.com/JyfBFyt.png,Quick Exit__dop
DOP-115/232,115/232,Rip Tide,Correnteza,dop,uncommon,1,5,,,,5,:water:Water: Opposing engaged Creature loses 25 :courage:Courage.,:water:Água: A criatura  em combate do oponente perde 25 de :courage:Coragem.,Watch out for the undertow!,Cuidado com a arrebentação!,FALSE,"Edwin Nebres, Andrew Bradshaw, David Curiel",https://i.imgur.com/Pn1nLqc.png,Rip Tide__dop
DOP-116/232,116/232,Rock Wave,Onda de Pedra,dop,super rare,2,5,,,5,,Stat Check :wisdom:Wisdom 75: Deal 10 damage.,Checar Status :wisdom:Sabedoria 75: Cause 10 de dano.,Time to smash ashore.,Hora de desembarcar.,FALSE,"Edwin Nebres, Etienne St.Laurent",https://i.imgur.com/v6JMS8h.png,Rock Wave__dop
DOP-117/232,117/232,Rustoxic,Ferrugem Tóxica,dop,uncommon,1,0,,,5,5,Challenge :courage:Courage 15: Deal 10 damage.,Desafio :courage:Coragem 15: Cause 10 de dano.,,,FALSE,"Andrew Bradshaw, David Curiel",https://i.imgur.com/J78E9yG.png,Rustoxic__dop
DOP-118/232,118/232,Shadow Strike,Ataque das Sombras,dop,common,0,0,,,,,Challenge :courage:Courage 15: Deal 10 damage.,Desafio :courage:Coragem 15: Cause 10 de dano.,Afraid of the dark?,Com medo do escuro?,FALSE,"Andrew Bradshaw, David Curiel",https://i.imgur.com/ne6P49n.png,Shadow Strike__dop
DOP-119/232,119/232,Shriek Shock,Barulho de Explosão,dop,common,0,0,,,,,Stat Check :speed:Speed 50: Deal 5 damage.,Checar Status :speed:Velocidade 50: Cause 5 de dano.,This will be my winning striek!,Esse será meu golpe de vitória!,FALSE,"David Rodriguez, Edwin Nebres, Etienne St.Laurent",https://i.imgur.com/AgvArbl.png,Shriek Shock__dop
DOP-120/232,120/232,Skeletal Strike,Ataque  Esqueletante,dop,rare,2,10,,,,,Challenge :courage:Courage 15: Deal 10 damage.,Desafio :courage:Coragem 15: Cause 10 de dano.,,,FALSE,"David Rodriguez, Edwin Nebres, Teodoro Gonzalez",https://i.imgur.com/gpopz9l.png,Skeletal Strike__dop
DOP-121/232,121/232,Sleep Sting,Picada do Sono,dop,rare,2,10,,,,,Challenge :wisdom:Wisdom 15: Deal 10 damage.,Desafio :wisdom:Sabedoria 15: Cause 10 de dano.,,,FALSE,"Adrian Barrios, Jimmy Tran",https://i.imgur.com/zpj7oDy.png,Sleep Sting__dop
DOP-122/232,122/232,Sludge Gush,Jato de Lodo,dop,super rare,3,10,,,5,5,,,,,FALSE,"Adrian Barrios, Etienne St.Laurent",https://i.imgur.com/KHrLEmZ.png,Sludge Gush__dop
DOP-123/232,123/232,Spirit Gust,Rajada de Espíritos,dop,common,0,0,,,,,Stat Check :courage:Courage 50: Deal 5 damage.,Checar Status :courage:Coragem 50: Cause 5 de dano.,This will blow you away.,Isso vai te surpreender.,FALSE,"Andrew Bradshaw, Edwin Nebres, David Curiel ",https://i.imgur.com/raxuq4P.png,Spirit Gust__dop
DOP-124/232,124/232,Squeeze Play,Jogo de Pressão,dop,uncommon,1,5,,,,,Look at the top two cards of your Attack Deck. Put one of them on top of that deck and the other on the bottom.,"Observe as duas cartas do topo do seu Baralho de Ataque.
Coloque uma delas no topo e a outra no fundo.",,,FALSE,"Andrew Bradshaw, Edwin Nebres, David Curiel ",https://i.imgur.com/TqkpQPd.png,Squeeze Play__dop
DOP-125/232,125/232,Steam Rage,Vapor da Fúria,dop,common,1,0,5,,,5,,,,,FALSE,"Adrian Barrios, Etienne St.Laurent",https://i.imgur.com/L5LW6t7.png,Steam Rage__dop
DOP-126/232,126/232,Telekinetic Bolt,Raio Telecinético,dop,super rare,3,10,,,,,"Challenge :courage:Courage 15, Challenge :wisdom:Wisdom 15: Deal 10 damage and heal 10 damage.","Desafio :courage:Coragem 15, Desafio :wisdom:Sabedoria 15: Cause 10 de dano e cure 10 de dano.",,,FALSE,"Andrew Bradshaw, Edwin Nebres, Etienne St.Laurent",https://i.imgur.com/HT6wibT.png,Telekinetic Bolt__dop
DOP-127/232,127/232,Thunder Shout,Grito de Trovão,dop,common,2,0,,10,10,,,,,,FALSE,"Andrew Bradshaw, Edwin Nebres, David Curiel ",https://i.imgur.com/M7UU2Sl.png,Thunder Shout__dop
DOP-128/232,128/232,Tornado Tackle,Ataque Tornado,dop,rare,0,0,,0,,,:air:Air: Both players shuffle their Attack Decks and Attack Discard piles together.,:air:Ar: Ambos os jogadores embaralham seus Baralhos de Ataque e Descartes de Ataque juntos.,,,FALSE,"David Rodriguez, Etienne St.Laurent",https://i.imgur.com/UmM3g0a.png,Tornado Tackle__dop
DOP-129/232,129/232,Torrent of Flame,Torrente de Chamas,dop,common,2,0,10,,,10,,,,,FALSE,Emilio Lopez,https://i.imgur.com/5gJNVIz.png,Torrent of Flame__dop
DOP-130/232,130/232,Toxic Gust,Rajada Tóxica,dop,super rare,3,10,5,5,,,,,,,FALSE,"Adrian Barrios, Etienne St.Laurent",https://i.imgur.com/saKcoVM.png,Toxic Gust__dop
DOP-131/232,131/232,Unsanity,Insanidade,dop,uncommon,1,0,,5,,5,Challenge :wisdom:Wisdom 15: Deal 10 damage.,Desafio :wisdom:Sabedoria 15: Cause 10 de dano.,,,FALSE,"Andrew Bradshaw, Edwin Nebres, Etienne St.Laurent",https://i.imgur.com/WD5dBmA.png,Unsanity__dop
DOP-132/232,132/232,Velocitrap,Velocitrap,dop,common,0,0,,,,,Challenge :speed:Speed 15: Deal 10 damage.,Desafio :speed:Velocidade 15: Cause 10 de dano.,Sorry for the run around.,Desculpe pela correria.,FALSE,"David Curiel, Francis Barrios",https://i.imgur.com/vp5XojQ.png,Velocitrap__dop
DOP-133/232,133/232,Vine Snare,Dedos de Cipó,dop,uncommon,1,5,,,5,,:earth:Earth: Opposing engaged Creature loses 25 :speed:Speed.,:earth:Terra: A criatura em combate do oponente perde 25 de :speed:Velocidade.,,,FALSE,"Edwin Nebres, Etienne St.Laurent",https://i.imgur.com/heiHEm2.png,Vine Snare__dop
DOP-134/232,134/232,Viperlash,Chicote de Víbora,dop,rare,3,15,,,,,,,,,FALSE,"Andrew Bradshaw, David Curiel ",https://i.imgur.com/iJ4MAke.png,Viperlash__dop
DOP-135/232,135/232,Windslash,Corte de vento,dop,uncommon,1,5,,,,,Your opponent turns all face-down Battlegear Cards they control face-up.,Seu oponente vira todos os Equipamentos que ele controla para cima.,,,FALSE,"David Rodriguez, Emilio Lopez",https://i.imgur.com/zzMfHas.png,Windslash__dop
ZOTH-36/100,36/100,Accelerated Unity,Batalhão Acelerado,zoth,common,2,0,,,,,Deal 5 damage for each Tribe you control beyond the first.,Cause 5 de dano para cada Tribo que você controla além da primeira.,,,FALSE,"Andrew Bradshaw, Edwin Nebres, Anthony Washington",https://i.imgur.com/pO6tfMG.png,Accelerated Unity__zoth
ZOTH-37/100,37/100,Acid Wash,Banho de Ácido,zoth,super rare,3,5,,,,10,"Challenge :wisdom:Wisdom 15: Deal 10 damage.
:water:Water: Uninfect all engaged Creatures. Those Creatures cannot be Infected.","Desafio :wisdom:Sabedoria 15: Cause 10 de dano.
:water:Água: Desinfecta todas as Criaturas em combate.
Essas Criaturas não podem ser infectadas.",,,FALSE,"Gus Vazquez, Etienne St.Laurent",https://i.imgur.com/tuISnvU.png,Acid Wash__zoth
ZOTH-38/100,38/100,Danihilation,Daniquilação,zoth,uncommon,2,5,5,,,,"If the opposing engaged Creature is a Danian Creature, deal 10 damage.","Se a Criatura em combate do oponente for um :danian:Danian, cause 10 de dano.",,,FALSE,"Chris Dibari, David Curiel",https://i.imgur.com/GaYoMiG.png,Danihilation__zoth
ZOTH-39/100,39/100,Desiccate the Land,Desidratar a Terra,zoth,uncommon,2,5,,5,0,5,":earth:Earth: If an Attack Card named Desiccate the Land is in your attack discard pile, heal 10 damage.",":earth:Terra: Se um Ataque chamado Desidratar a Terra estiver no seu Descarte, cure 10 de dano.",,,FALSE,"Chris Dibari, Anthony Washington",https://i.imgur.com/JuUUjsK.png,Desiccate the Land__zoth
ZOTH-40/100,40/100,Elementalist's Psy-Blast,Explosão Psíquica do Elementalista,zoth,uncommon,1,0,,,,,Stat Check :wisdom:Wisdom 50: Deal 5 damage for each Elemental Type your engaged Creature has.,Checar Status :wisdom:Sabedoria 50: Causa 5 de dano para cada Elemento da sua Criatura em combate.,,,FALSE,Emilio Lopez,https://i.imgur.com/rEG1Me9.png,Elementalist's Psy-Blast__zoth
ZOTH-41/100,41/100,Freeze Flash,Clarão Congelante,zoth,common,2,0,,10,10,0,:water:Water: Opposing engaged Creature loses 25 :speed:Speed.,:water:Água: A criatura em combate do oponente perde 25 de :speed:Velocidade.,,,FALSE,"Patrick Gagne, Etienne St.Laurent",https://i.imgur.com/DZG3DJ2.png,Freeze Flash__zoth
ZOTH-42/100,42/100,Gear Grind,Triturar Equipamento,zoth,rare,1,5,,,,,Flip all face-up Battlegear face-down.,Vire para baixo todos os Equipamentos virados para cima.,,,FALSE,Imaginary Friends Studios,https://i.imgur.com/RrYdutl.png,Gear Grind__zoth
ZOTH-43/100,43/100,Granite Balls,Bolas de Granizo,zoth,rare,2,5,,,5,,"If your engaged Creature is a Warrior, deal 10 damage unless your opponent removes a :genericmugic:Mugic counter from their engaged Creature.","Se a sua Criatura em combate for um Guerreiro, cause 10 de dano, a menos que seu oponente remova um :genericmugic: da Criatura em combate dele.",,,FALSE,Imaginary Friends Studios,https://i.imgur.com/v2IQZUG.png,Granite Balls__zoth
ZOTH-44/100,44/100,Hive-phoon,Tufão da Multidão,zoth,common,1,0,,5,,5,"If your engaged Creature is a Danian Creature, it gains :earth:Earth.","Se a Criatura em combate for um :danian:Danian, ela ganha :earth:Terra.",,,FALSE,"Gus Vazquez, Emilio Lopez",https://i.imgur.com/kGvpzMA.png,Hive-phoon__zoth
ZOTH-45/100,45/100,Infight,Conflito Interno,zoth,super rare,4,20,,,,,"If the opposing engaged Creature is a Danian Creature, Activate Hive. Hive cannot be Deactivated.","Se a Criatura em combate do oponente for um :danian:Danian, ative Multidão.
Multidão não pode ser desativada.",,,FALSE,"Emilio Lopez, Khary Randolph",https://i.imgur.com/4OLMnQa.png,Infight__zoth
ZOTH-46/100,46/100,Malevolent Blast,Explosão Malévola,zoth,uncommon,0,0,,0,,,":air:Air: Your engaged Creature loses :air:Air. Discard an Attack Card, then draw an Attack Card.",":air:Ar: Sua criatura em combate perde :air:Ar.
Descarte um Ataque e, em seguida, compre um Ataque.",,,FALSE,Imaginary Friends Studios,https://i.imgur.com/B0EQxY4.png,Malevolent Blast__zoth
ZOTH-47/100,47/100,Mandiblor Might,Poder Mandiblor,zoth,super rare,1,0,,,,,Deal 5 damage for each Mandiblor Creature you control adjacent to your engaged Creature.,Cause 5 de dano para cada Mandiblor que você controla adjacente à sua Criatura em combate.,,,FALSE,"Khary Randolph, David Curiel",https://i.imgur.com/x5FiwtF.png,Mandiblor Might__zoth
ZOTH-48/100,48/100,Muge's Edge,Canto do Mago,zoth,rare,0,0,,,,,"Your engaged Creature gains 10 :courage:Courage, :power:Power, :wisdom:Wisdom and:speed:Speed.
If your engaged Creature is a Muge, deal 10 damage.","Sua criatura em combate ganha mais 10 em todas as Disciplinas.
Se sua criatura em combate for um Mago, cause 10 de dano.",,,FALSE,"Khary Randolph, Etienne St.Laurent",https://i.imgur.com/RRFUwuB.png,Muge's Edge__zoth
ZOTH-49/100,49/100,Mugician Steal,Roubar Mugician,zoth,super rare,0,0,,,,0,":water:Water: Your engaged Creature loses :water:Water. Remove a :genericmugic:Mugic counter from the opposing engaged Creature. If you do, put a :genericmugic:Mugic counter on your engaged Creature.",":water:Água: Sua criatura em combate perde :water:Água. Remova um :genericmugic: da criatura em combate do oponente.
Se o fizer, coloque um :genericmugic: na sua criatura em combate.",,,FALSE,"Andrew Bradshaw, Etienne St.Laurent",https://i.imgur.com/gcm73qq.png,Mugician Steal__zoth
ZOTH-50/100,50/100,Pillar Quake,Terremoto dos Pilares,zoth,rare,1,5,,,5,,"If the opposing engaged Creature is a Danian Creature, damage dealt by Pillar Quake is reduced to 0.","Se a Criatura em combate do oponente for um :danian:Danian, o dano causado por Terremoto dos Pilares será reduzido a 0.",,,FALSE,"Chris Dibari, David Curiel",https://i.imgur.com/JJhZT9Z.png,Pillar Quake__zoth
ZOTH-51/100,51/100,Reverberate,Reverberar,zoth,common,0,0,,,,,"If an Attack Card named Reverberate is in your Attack Discard pile, deal 10 damage.","Se um Ataque chamado Reverberar estiver no seu Descarte, cause 10 de dano.",,,FALSE,Emilio Lopez,https://i.imgur.com/4SZVkUR.png,Reverberate__zoth
ZOTH-52/100,52/100,Scout's Strike,Ataque do Explorador,zoth,common,2,5,,,,,"Stat Check :speed:Speed 50: Deal 10 damage.
If your engaged Creature is a Scout, look at opposing player's Attack and Mugic hands.","Checar Status :speed:Velocidade ​​50: Cause 10 de dano.
Se a criatura em combate for um Explorador, observe as mãos de Ataque e Mugic do adversário.",,,FALSE,"Patrick Gange, Etienne St.Laurent",https://i.imgur.com/Iuaw86g.png,Scout's Strike__zoth
ZOTH-53/100,53/100,Strike of the Meek,Ataque do Manso,zoth,ultra rare,5,0,,,,,"If your engaged Creature has 30 or less Scanned Energy, deal 50 damage.","Se a sua criatura em combate tiver 30 ou menos de Energia Escaneada, cause 50 de dano.",,,FALSE,"Chris Dibari, Etienne St.Laurent",https://i.imgur.com/6eRoAAW.png,Strike of the Meek__zoth
ZOTH-54/100,54/100,Sunder Ground,Separar a Terra,zoth,uncommon,0,0,,,10,,:earth:Earth: Your engaged Creature loses :earth:Earth.,:earth:Terra: Sua criatura em combate perde :earth:Terra.,,,FALSE,"Khary Randolph, Etienne St.Laurent, Edwin Nebres",https://i.imgur.com/MS8ldd0.png,Sunder Ground__zoth
ZOTH-55/100,55/100,Terraport,Terraportar,zoth,rare,3,5,,,5,,:earth:Earth: Your engaged Creature loses :earth:Earth. Look at the top two cards of your Location Deck and choose one. It becomes the active Location. Put the other on the bottom of your deck.,:earth:Terra: Sua Criatura em combate perde :earth:Terra. Observe as duas cartas do topo do seu Baralho de Locais e escolha uma. Ela se torna o Local ativo. Coloque a outra no fundo do Baralho.,,,FALSE,Steve Ellis,https://i.imgur.com/ogjgLLM.png,Terraport__zoth
SS-36/100,36/100,Apoc-eclipse,Apoc-eclipse,ss,ultra rare,3,0,5,5,5,5,":fire:Fire, :air:Air, :earth:Earth, :water:Water: Flip opposing engaged Creature's Battlegear face-down, draw an Attack Card, discard an Attack Card, deal 5 damage and gain 5 Energy.",":fire:Fogo, :air:Ar, :earth:Terra, :water:Água: Vire o Equipamento do oponente para baixo, compre um Ataque, descarte um Ataque, cause 5 de dano e ganhe 5 de Energia.",,,TRUE,Imaginary Friends Studios,https://i.imgur.com/P1NUq6L.png,Apoc-eclipse__ss
SS-37/100,37/100,Arborsmash,Esmaga Árvore,ss,common,1,5,,,,,Stat Check :courage:Courage 50: Your engaged Creature gains :earth:Earth.,Checar Status :courage:Coragem 50: Sua criatura em combate ganha :earth:Terra.,,,FALSE,Imaginary Friends Studios,https://i.imgur.com/rPYgECh.png,Arborsmash__ss
SS-38/100,38/100,Blaze Barrage,Barragem de Chamas,ss,super rare,1,0,0,5,,5,":fire:Fire, :air:Air: Draw an Attack Card and discard an Attack Card.",":fire:Fogo, :air:Ar: Compre um Ataque e descarte um Ataque.",,,FALSE,Imaginary Friends Studios,https://i.imgur.com/918Fmam.png,Blaze Barrage__ss
SS-39/100,39/100,Blind Fury,Fúria Cega,ss,uncommon,1,0,,10,,,"If your engaged Creature has Recklessness, deal 5 damage.","Se a criatura em combate tiver Descuido, cause 5 de dano.",,,FALSE,Emilio Lopez,https://i.imgur.com/dAXp2If.png,Blind Fury__ss
SS-40/100,40/100,Cyclone Slam,Batida Ciclone,ss,super rare,3,0,,5,5,,"If your engaged Creature is a Warbeast Creature, deal 20 damage.","Se a criatura em combate for uma Fera da Guerra, cause 20 de dano.",,,FALSE,Imaginary Friends Studios,https://i.imgur.com/TMIsaoO.png,Cyclone Slam__ss
SS-41/100,41/100,Dexterous Storm,Tempestade Dexterosa,ss,common,1,5,,,,,Stat Check :speed:Speed 50: Your engaged Creature gains :air:Air.,Checar Status :speed:Velocidade 50: Sua criatura em combate ganha :air:Ar.,,,FALSE,Imaginary Friends Studios,https://i.imgur.com/qtLHr5J.png,Dexterous Storm__ss
SS-42/100,42/100,Elemental Oxidation,Oxidação Elementar,ss,super rare,1,0,5,,0,5,":fire:Fire, :earth:Earth: Flip all Battlegear equipped to the opposing engaged Creature face-down.",":fire:Fogo, :earth:Terra: Vire o Equipamento equipado a Criatura em combate do oponente, para baixo.",,,FALSE,Imaginary Friends Studios,https://i.imgur.com/ykdRp8H.png,Elemental Oxidation__ss
SS-43/100,43/100,Enlightened Tenacity,Tenacidade Iluminada,ss,common,2,0,,,5,,"Stat Check :courage:Courage 30: Deal 5 damage.
Stat Check :courage:Courage 50: Deal 5 damage.
Stat Check :courage:Courage 70: Deal 5 damage.","Checar Status :courage:Coragem 30: Cause 5 de dano.
Checar Status :courage:Coragem 50: Cause 5 de dano.
Checar Status :courage:Coragem 70: Cause 5 de dano.",,,FALSE,Imaginary Friends Studios,https://i.imgur.com/mbg0NmL.png,Enlightened Tenacity__ss
SS-44/100,44/100,Fear Fight,Luta Contra o Medo,ss,uncommon,2,5,,,5,,Stat Fail :courage:Courage 50: Deal 10 damage.,Falhar Status :courage:Coragem 50: Cause 10 de dano.,,,FALSE,Imaginary Friends Studios,https://i.imgur.com/d9aizQW.png,Fear Fight__ss
SS-45/100,45/100,Force Strike,Ataque de Força,ss,common,2,0,5,,,,"Stat Check :power:Power 30: Deal 5 damage.
Stat Check :power:Power 50: Deal 5 damage.
Stat Check :power:Power 70: Deal 5 damage.","Checar Status :power:Poder 30: Cause 5 de dano.
Checar Status :power:Poder 50: Cause 5 de dano.
Checar Status :power:Poder 70: Cause 5 de dano.",,,FALSE,Imaginary Friends Studios,https://i.imgur.com/d3xBR9G.png,Force Strike__ss
SS-46/100,46/100,Hampering Winds,Ventos Retardantes,ss,uncommon,2,5,,5,,,Stat Fail :speed:Speed 50: Deal 10 damage.,Falhar Status Velocidade 50: Causa 10 de dano.,,,FALSE,Imaginary Friends Studios,https://i.imgur.com/liwmPSH.png,Hampering Winds__ss
SS-47/100,47/100,Harnessed Rage,Fúria Concentrada,ss,rare,3,5,,,,,"If your engaged Creature has Recklessness, deal damage equal to its Recklessness value.","Se a sua Criatura em combate tiver Descuido, cause dano igual ao valor de Descuido dela.",,,FALSE,Emilio Lopez,https://i.imgur.com/DBc2h1K.png,Harnessed Rage__ss
SS-48/100,48/100,Heptagon Hail,Chuva de Heptágonos,ss,ultra rare,4,35,,,,,Put a :genericmugic:Mugic counter on each Creature controlled by an opponent.,Coloque um :genericmugic: em cada criatura controlada pelo oponente.,,,FALSE,Imaginary Friends Studios,https://i.imgur.com/LbgSHNi.png,Heptagon Hail__ss
SS-49/100,49/100,Hurlicane,Furacão,ss,rare,0,0,,10,,,:air:Air: Your engaged Creature loses :air:Air.,:air:Ar: Sua criatura em combate perde :air:Ar.,,,FALSE,Imaginary Friends Studios,https://i.imgur.com/sT0CQFf.png,Hurlicane__ss
SS-50/100,50/100,Hydro Balls,Bolas Hídricas,ss,common,1,5,,,,,Stat Check :wisdom:Wisdom 50: Your engaged Creature gains :water:Water.,Checar status :wisdom:Sabedoria 50: Sua criatura em combate ganha :water:Água.,,,FALSE,Emilio Lopez,https://i.imgur.com/H4z7WFP.png,Hydro Balls__ss
SS-51/100,51/100,Liquescent Swirl,Redemoinho Liquescente,ss,rare,0,0,,,,10,:water:Water: Your engaged Creature loses :water:Water.,:water:Água: Sua criatura em combate perde :water:Água.,,,FALSE,Imaginary Friends Studios,https://i.imgur.com/YCW6mfX.png,Liquescent Swirl__ss
SS-52/100,52/100,Matagore,Matagore,ss,uncommon,1,0,5,,5,,"If your engaged Creature is Mipedian Creature, it gains :air:Air.","Se a criatura em combate for um :mipedian:Mipedian, ele ganha :air:Ar.",,,FALSE,Imaginary Friends Studios,https://i.imgur.com/uYNS4sn.png,Matagore__ss
SS-53/100,53/100,Mind Strike,Ataque Mental,ss,common,2,0,,,,5,"Stat Check :wisdom:Wisdom 30: Deal 5 damage.
Stat Check :wisdom:Wisdom 50: Deal 5 damage.
Stat Check :wisdom:Wisdom 70: Deal 5 damage.","Checar Status :wisdom:Sabedoria 30:Cause 5 de dano.
Checar Status :wisdom:Sabedoria 50:Cause 5 de dano.
Checar Status :wisdom:Sabedoria 70: Cause 5 de dano.",,,FALSE,Imaginary Friends Studios,https://i.imgur.com/xrqtMwj.png,Mind Strike__ss
SS-54/100,54/100,Progressive Speed,Velocidade Progressiva,ss,common,2,0,,5,,,"Stat Check :speed:Speed 30: Deal 5 damage.
Stat Check :speed:Speed 50: Deal 5 damage.
Stat Check :speed:Speed 70: Deal 5 damage.","Checar Status :speed:Velocidade 30: Cause 5 de dano.
Checar Status :speed:Velocidade 50: Cause 5 de dano.
Checar Status :speed:Velocidade 70: Cause 5 de dano.",,,FALSE,Imaginary Friends Studios,https://i.imgur.com/uOOy17e.png,Progressive Speed__ss
SS-55/100,55/100,Purifying Mud,Lama Purificadora,ss,super rare,1,0,5,,5,0,":earth:Earth, :water:Water: Deal 5 damage, then gain 5 Energy.",":earth:Terra, :water:Água: Cause 5 de dano e depois ganhe 5 de Energia.",,,FALSE,"Emilio Lopez, Keith Conroy",https://i.imgur.com/BOcydOw.png,Purifying Mud__ss
SS-56/100,56/100,Reactive Resolution,Reação Determinada,ss,rare,3,10,,,,,"Challenge :courage:Courage 15: Deal 5 damage.
Challenge :speed:Speed 15: Deal 5 damage.
If you win both challenges, deal 15 damage.","Desafio :courage:Coragem 15: Cause 5 de dano.
Desafio :speed:Velocidade 15: Cause 5 de dano.
Se vencer os dois desafios, cause 15 de dano.",,,FALSE,Imaginary Friends Studios,https://i.imgur.com/O1nSnar.png,Reactive Resolution__ss
SS-57/100,57/100,Reckless Defeat,Derrota Descuidada,ss,uncommon,1,0,5,,,5,"If the opposing engaged Creature has Recklessness, deal damage equal to that Creature's Recklessness value.","Se a Criatura adversária em combate tiver Descuido, cause dano igual ao valor de Descuido daquela Criatura.",,,FALSE,Emilio Lopez,https://i.imgur.com/D2erauG.png,Reckless Defeat__ss
SS-58/100,58/100,Reckless Reproach,Descuido Reprimido,ss,rare,0,0,,,,,"If the opposing engaged Creature has Recklessness, deal damage equal to that Creature's Recklessness value.","Se a Criatura adversária em combate tiver Descuido, cause dano igual ao valor de Descuido daquela Criatura.",,,FALSE,Imaginary Friends Studios,https://i.imgur.com/ijGpSHU.png,Reckless Reproach__ss
SS-59/100,59/100,Rot Cloud,Nuvem de podridão,ss,rare,3,10,,,,,"If the opposing engaged Creature has :air:Air, deal 5 damage. 
If the opposing engaged Creature has :earth:Earth, deal 5 damage.","Se a Criatura oponente em combate tiver :air:Ar, cause 5 de dano.
Se a Criatura oponente em combate tiver :earth:Terra, cause 5 de dano.",,,FALSE,Imaginary Friends Studios,https://i.imgur.com/lRKVJsC.png,Rot Cloud__ss
SS-60/100,60/100,Slashclaw,Corte de Garra,ss,super rare,5,5,,,,,"If your engaged Creature has Recklessness, deal damage equal to twice its Recklessness value.","Se a sua Criatura em combate tiver Descuido, cause dano igual ao dobro do valor de Descuido dela.",,,FALSE,Emilio Lopez,https://i.imgur.com/o63tfcg.png,Slashclaw__ss
SS-61/100,61/100,Stupefying Tide,Maré Estupefata,ss,uncommon,2,5,,,,5,Stat Fail :wisdom:Wisdom 50: Deal 10 damage.,Falhar Status :wisdom:Sabedoria 50: Causa 10 de dano.,,,FALSE,Imaginary Friends Studios,https://i.imgur.com/HYhEeyc.png,Stupefying Tide__ss
SS-62/100,62/100,Symmetry Slam,Batida Simétrica,ss,rare,0,0,,,,,Deal 5 damage for each Elemental Type shared by both engaged Creatures.,Causa 5 de dano para cada Elemento compartilhado por ambas as Criaturas em combate.,,,FALSE,Imaginary Friends Studios,https://i.imgur.com/KUAHns7.png,Symmetry Slam__ss
SS-63/100,63/100,Trampling Tackle,Pisotear ,ss,uncommon,1,0,,,10,,"If your engaged Creature has Recklessness, deal 5 damage.","Se a criatura em combate tiver Descuido, cause 5 de dano.",,,FALSE,Imaginary Friends Studios,https://i.imgur.com/NEwBPqZ.png,Trampling Tackle__ss
SS-64/100,64/100,Twister of Elements,Tornado dos Elementos,ss,super rare,1,0,,5,5,0,":air:Air, :water:Water: Search your Attack Deck for up to three Attack Cards and put them in your Attack Discard pile, then shuffle your Attack Deck.",":air:Ar, :water:Água: Procure no seu Baralho de Ataque por até três Ataques e coloque-os no seu Descarte.
Depois, embaralhe seu Baralho de Ataque.",,,FALSE,Imaginary Friends Studios,https://i.imgur.com/DpIg8Ue.png,Twister of Elements__ss
SS-65/100,65/100,Web Cocoon,Casulo de Teia,ss,common,1,5,,,,,Stat Check :power:Power 50: Your engaged Creature gains :fire:Fire.,Checar Status :power:Poder 50: Sua criatura em combate ganha :fire:Fogo.,,,FALSE,Imaginary Friends Studios,https://i.imgur.com/4o3ZTjF.png,Web Cocoon__ss
BTD-68/222,68/222,Burning Rain,Chuva Ácida,btd,super rare,0,0,,,,5,"If Burning Rain would deal more than 10 damage, it deals 10 damage instead.","Se Chuva Ácida causaria mais de 10 de dano,ela causa 10 de dano.",,,FALSE,"Edwin Nebres, Andrew Bradshaw, David Curiel",https://i.imgur.com/ptYt1rp.png,Burning Rain__btd
BTD-69/222,69/222,Confusion,Confusão,btd,common,1,0,5,5,,,:air:Air: Gain 10 :power:Power.,:air:Ar: Ganhe 10 de :power:Poder.,,,FALSE,"Edwin Nebres, Andrew Bradshaw, David Curiel",https://i.imgur.com/Q2An9kC.png,Confusion__btd
BTD-70/222,70/222,Daunting Bravery,Bravura Assustadora,btd,uncommon,1,5,,,,,"Challenge :courage:Courage 15: Deal 10 damage.
Stat Check :courage:Courage 50: Opposing engaged Creature loses 15 :courage:Courage.","Desafio :courage:Coragem 15: Cause 10 de dano.
Checar Status :courage:Coragem 50: A criatura em combate do oponente perde 15 de :courage:Coragem.",,,FALSE,"Edwin Nebres, Andrew Bradshaw, David Curiel",https://i.imgur.com/8mMnHVd.png,Daunting Bravery__btd
BTD-71/222,71/222,Deceleration,Desaceleração,btd,uncommon,2,0,,,,,"Stat Fail :speed:Speed 100: Deal 5 damage.
Stat Fail :speed:Speed 50: Deal 10 damage.
Stat Fail :speed:Speed 5: Deal 15 damage.","Falhar Status :speed:Velocidade ​​100: Cause 5 de dano.
Falhar Status :speed:Velocidade ​​50: Cause 10 de dano.
Falhar Status :speed:Velocidade ​​5: Cause 15 de dano.",,,FALSE,Imaginary Friends Studios,https://i.imgur.com/NosnR3p.png,Deceleration__btd
BTD-73/222,73/222,Deluge of Doom,Dilúvio da Perdição,btd,common,2,0,,,10,10,:water:Water: Opposing engaged Creature loses 25 :courage:Courage.,:water:Água: A criatura em combate do oponente perde 25 de :courage:Coragem.,,,FALSE,Imaginary Friends Studios,https://i.imgur.com/o626Nvc.png,Deluge of Doom__btd
BTD-74/222,74/222,Disempowerment Combo,Combo de Desempoderamento,btd,super rare,4,5,,,,5,"Stat Fail :courage:Courage 30: Deal 10 damage.
Stat Fail :power:Power 30: Deal 10 damage.
Stat Fail :wisdom:Wisdom 30: Deal 10 damage.
Stat Fail :speed:Speed 30: Deal 10 damage.","Falhar Status :courage:Coragem 30: Cause 10 de dano.
Falhar Status :power:Poder 30: Cause 10 de dano.
Falhar Status :wisdom:Sabedoria 30: Cause 10 de dano.
Falhar Status :speed:Velocidade 30: Cause 10 de dano.",,,FALSE,HotShots VFX,https://i.imgur.com/UBTUSVh.png,Disempowerment Combo__btd
BTD-75/222,75/222,Dry Liquid,Líquido Seco,btd,uncommon,1,5,,,,,"Challenge :power:Power 15: Deal 10 damage.
Stat Check :power:Power 50: Opposing engaged Creature loses 15 :power:Power.","Desafio :power:Poder 15: Cause 10 de dano.
Checar Status :power:Poder 50: A criatura em combate do oponente perde 15 de :power:Poder.",,,FALSE,Imaginary Friends Studios,https://i.imgur.com/i9dHots.png,Dry Liquid__btd
BTD-76/222,76/222,Electro-Web,Electro-Teia,btd,uncommon,2,5,,,,0,"Challenge :power:Power 30: Deal 10 damage. If you lose this Challenge, gain 15 :power:Power.
Challenge :speed:Speed 30: Deal 10 damage. If you lose this Challenge, gain 15 :speed:Speed.","Desafio :power:Poder 30: Causa 10 de dano. Se perder este Desafio, ganhe 15 de :power:Poder.
Desafio :speed:Velocidade ​​30: Causa 10 de dano. Se perder este Desafio, ganhe 15 de :speed:Velocidade.",,,FALSE,HotShots VFX,https://i.imgur.com/EvzuS1Q.png,Electro-Web__btd
BTD-78/222,78/222,Fear Projection,Projeção de Medo,btd,common,0,0,,,,,Opposing engaged Creature loses 20 :courage:Courage.,A criatura em combate do oponente perde 20 :courage:Coragem.,,,FALSE,Imaginary Friends Studios,https://i.imgur.com/DVD48Xi.png,Fear Projection__btd
BTD-79/222,79/222,Flaming Coals,Carvões Flamejantes,btd,rare,3,10,10,,,10,Untargetable.,Inalvejável. ,,,FALSE,HotShots VFX,https://i.imgur.com/iJuPdcW.png,Flaming Coals__btd
BTD-81/222,81/222,Ghost Gouge,Ranhura Fantasma,btd,uncommon,1,0,,,,5,"Stat Check :wisdom:Wisdom 50: Deal 5 damage.
Stat Check :speed:Speed 50: Deal 5 damage.","Checar Status :wisdom:Sabedoria 50: Cause 5 de dano.
Checar Status :speed:Velocidade 50: Cause 5 de dano.",,,FALSE,HotShots VFX,https://i.imgur.com/Mx4LRyx.png,Ghost Gouge__btd
BTD-82/222,82/222,Gravity Slam,Batida Gravitacional,btd,uncommon,2,0,,,,,"Stat Fail :power:Power 100: Deal 5 damage.
Stat Fail :power:Power 50: Deal 10 damage.
Stat Fail :power:Power 5: Deal 15 damage.","Falhar Status :power:Poder 100: Cause 5 de dano.
Falhar Status :power:Poder 50: Cause 10 de dano.
Falhar Status :power:Poder 5: Cause 15 de dano.",,,FALSE,Imaginary Friends Studios,https://i.imgur.com/cLyTqDF.png,Gravity Slam__btd
BTD-83/222,83/222,Hammer Dash,Martelo de Colisão,btd,uncommon,1,0,,5,,,"Stat Check :courage:Courage 50: Deal 5 damage.
Stat Check :power:Power 50: Deal 5 damage.","Checar Status :courage:Coragem 50: Cause 5 de dano.
Checar Status :power:Poder 50: Cause 5 de dano.",,,FALSE,HotShots VFX,https://i.imgur.com/Mwp2SDK.png,Hammer Dash__btd
BTD-85/222,85/222,Heat Rage,Calor do Ódio,btd,common,1,0,5,,,5,:fire:Fire: Gain 10 :wisdom:Wisdom.,:fire:Fogo: Ganhe 10 :wisdom:Sabedoria.,,,FALSE,HotShots VFX,https://i.imgur.com/fE27hPI.png,Heat Rage__btd
BTD-86/222,86/222,Ice Disks,Discos de Gelo,btd,rare,3,10,,,10,10,Your opponent cannot play activated abilities. (Your opponent can activate abilities before this resolves.),"Seu oponente não pode usar habilidades ativadas.
(Seu oponente pode ativar habilidades antes que isso seja resolvido.)",,,FALSE,HotShots VFX,https://i.imgur.com/zFlxMsr.png,Ice Disks__btd
BTD-87/222,87/222,Ice Sheet,Camada de Gelo,btd,super rare,3,0,,,,5,:water:Water: Deal an additional 5 damage for each :genericmugic:Mugic counter on your engaged Creature.,:water:Água: Causa 5 de dano adicional para cada :genericmugic: na sua criatura em combate.,,,FALSE,Imaginary Friends Studios,https://i.imgur.com/ZSwAmXU.png,Ice Sheet__btd
BTD-89/222,89/222,Mind Grind,Triturador Mental,btd,uncommon,2,0,,,,,"Stat Fail :wisdom:Wisdom 100: Deal 5 damage.
Stat Fail :wisdom:Wisdom 50: Deal 10 damage.
Stat Fail :wisdom:Wisdom 5: Deal 15 damage.","Falhar Status :wisdom:Sabedoria 100: Cause 5 de dano.
Falhar Status :wisdom:Sabedoria 50: Cause 10 de dano.
Falhar Status :wisdom:Sabedoria 5: Cause 15 de dano.",,,FALSE,Imaginary Friends Studios,https://i.imgur.com/1gCY54I.png,Mind Grind__btd
BTD-90/222,90/222,Mindful Finish,Finalização Consciente,btd,super rare,0,0,,,,,"Stat Fail :courage:Courage, :power:Power, :wisdom:Wisdom and:speed:Speed 20: Deal 25 damage.","Falhar Status :courage:Coragem, :power:Poder, :wisdom:Sabedoria e :speed:Velocidade 20: Cause 25 de dano.",,,TRUE,HotShots VFX,https://i.imgur.com/pRTVG1N.png,Mindful Finish__btd
BTD-91/222,91/222,Mindsink,Queda Mental,btd,common,0,0,,,,,Opposing engaged Creature loses 20 :wisdom:Wisdom.,A criatura em combate do oponente perde 20 de :wisdom:Sabedoria.,,,FALSE,Imaginary Friends Studios,https://i.imgur.com/yvXIacD.png,Mindsink__btd
BTD-92/222,92/222,Minor Roar,Rugido Menor,btd,super rare,4,5,5,5,5,5,Deal an additional 5 damage for each :genericmugic:Mugic counter on your engaged Creature.,Cause 5 de dano adicional para cada :genericmugic: na sua Criatura em combate.,,,FALSE,Imaginary Friends Studios,https://i.imgur.com/YvqJxPP.png,Minor Roar__btd
BTD-93/222,93/222,Neuro Freeze,Congelamento Neural,btd,super rare,2,10,,,,10,"If the opposing engaged Creature has :water:Water, damage dealt by Neuro Freeze is reduced by 10.","Se a Criatura em combate do oponente tiver :water:Água, o dano causado por Congelamento Neural será reduzido em 10.",,,FALSE,Imaginary Friends Studios,https://i.imgur.com/f01R4sU.png,Neuro Freeze__btd
BTD-94/222,94/222,Outsmart,Esperteza,btd,rare,0,0,,,,,"If your Creature's :wisdom:Wisdom is more than opposing engaged Creature's :speed:Speed, deal 5 damage. If it isn't, opposing engaged Creature loses 10 :wisdom:Wisdom.","Se a :wisdom:Sabedoria da sua Criatura for maior que a :speed:Velocidade da Criatura do oponente, cause 5 de dano. Caso contrário, a Criatura em combate do oponente perde 10 de :wisdom:Sabedoria.",,,FALSE,HotShots VFX,https://i.imgur.com/VuGyNA5.png,Outsmart__btd
BTD-95/222,95/222,Outwit,Enganar,btd,uncommon,1,0,5,,,,"Stat Check :power:Power 50: Deal 5 damage.
Stat Check :wisdom:Wisdom 50: Deal 5 damage.","Checar Status :power:Poder 50: Cause 5 de dano.
Checar Status :wisdom:Sabedoria 50: Cause 5 de dano.",,,FALSE,HotShots VFX,https://i.imgur.com/EdgYJjp.png,Outwit__btd
BTD-96/222,96/222,Perplexing Heat,Calor Desorientador,btd,common,2,0,10,,,10,:fire:Fire: Opposing engaged Creature loses 25 :wisdom:Wisdom.,:fire:Fogo: A criatura em combate do oponente perde 25 de :wisdom:Sabedoria.,,,FALSE,Imaginary Friends Studios,https://i.imgur.com/CHlyPHD.png,Perplexing Heat__btd
BTD-97/222,97/222,Piercing Brilliance,Brilhantismo Penetrante,btd,uncommon,1,5,,,,,"Challenge :wisdom:Wisdom 15: Deal 10 damage.
Stat Check :wisdom:Wisdom 50: Opposing engaged Creature loses 15 :wisdom:Wisdom.","Desafio :wisdom:Sabedoria 15: Cause 10 de dano.
Checar Status :wisdom:Sabedoria 50: A criatura do oponente em combate perde 15 de :wisdom:Sabedoria.                                                                                                                                                                                ",,,FALSE,Imaginary Friends Studios,https://i.imgur.com/yBgQ717.png,Piercing Brilliance__btd
BTD-98/222,98/222,Plasmarrow,Flecha de Plasma,btd,rare,3,10,10,10,,,Opposing engaged Creature cannot be healed. (Opposing engaged Creatures can be healed before this resolves.),"A criatura  em combate do oponente não pode ser curada.
(Criatura do oponente pode ser curada antes que isso seja resolvido.)",,,FALSE,HotShots VFX,https://i.imgur.com/aG2RLax.png,Plasmarrow__btd
BTD-99/222,99/222,Poison Panic,Pânico Venenoso,btd,super rare,1,0,,,,10,"If an Attack Card named Poison Panic is in your attack discard pile, damage dealt by Poison Panic is reduced by 5.","Se um Ataque chamado Pânico Venenoso estiver no seu Descarte, o dano causado por Pânico Venenoso será reduzido em 5.",,,FALSE,Imaginary Friends Studios,https://i.imgur.com/erY1nXO.png,Poison Panic__btd
BTD-100/222,100/222,Poison Sphere,Esfera de Veneno,btd,uncommon,1,5,,,,,"Challenge :speed:Speed 15: Deal 10 damage.
Stat Check :speed:Speed 50: Opposing engaged Creature loses 15 :speed:Speed.","Desafio :speed:Velocidade 15: Causa 10 de dano.
Checar Status :speed:Velocidade 50: A criatura  em combate do oponente perde 15 de :speed:Velocidade.",,,FALSE,Imaginary Friends Studios,https://i.imgur.com/3sk9Yh4.png,Poison Sphere__btd
BTD-101/222,101/222,Power Punch,Soco de Poder,btd,rare,0,0,,,,,"If your Creature's :power:Power is more than opposing engaged Creature's :wisdom:Wisdom, deal 5 damage. If it isn't, opposing engaged Creature loses 10 :power:Power.","Se o :power:Poder da sua Criatura for maior que a :wisdom:Sabedoria da Criatura do oponente, cause 5 de dano. Caso contrário, a Criatura em combate do oponente perde 10 :power:Poder.",,,FALSE,HotShots VFX,https://i.imgur.com/5rSpmPM.png,Power Punch__btd
BTD-102/222,102/222,Primal Smash,Esmagamento Primal,btd,ultra rare,1,20,,,,,,,,,TRUE,Imaginary Friends Studios,https://i.imgur.com/8wEQYc9.png,Primal Smash__btd
BTD-103/222,103/222,Psi-mageddon,Psi-mageddon,btd,super rare,5,10,,,,,Deal 20 damage for each Minion Creature Card in your general discard pile.,Cause 20 de dano para cada Criatura Lacaio no seu Descarte.,,,TRUE,Imaginary Friends Studios,https://i.imgur.com/3VvsHTO.png,Psi-mageddon__btd
BTD-104/222,104/222,Psychodrain,Psicodreno,btd,common,0,0,,,,,Opposing engaged Creature loses 20 :power:Power.,A criatura em combate do oponente perde 20 de :power:Poder.,,,FALSE,Imaginary Friends Studios,https://i.imgur.com/1k3CwM3.png,Psychodrain__btd
BTD-106/222,106/222,Radical Ice Balls,Bolas de Gelo Radicais,btd,common,1,0,,5,5,,:earth:Earth: Gain 10 :speed:Speed.,:earth:Terra: Ganhe 10 de :speed:Velocidade.,,,FALSE,Imaginary Friends Studios,https://i.imgur.com/mT2mBkF.png,Radical Ice Balls__btd
BTD-108/222,108/222,Screeching Scare,Susto Estridente,btd,rare,0,0,,,,,"If your Creature's :courage:Courage is more than opposing engaged Creature's :power:Power, deal 5 damage. If it isn't, opposing engaged Creature loses 10 :courage:Courage.","Se a :courage:Coragem da sua Criatura for maior que o :power:Poder da Criatura do oponente, cause 5 de dano. Caso contrário, a Criatura do oponente perde 10 de :courage:Coragem.",,,FALSE,HotShots VFX,https://i.imgur.com/ZstLueg.png,Screeching Scare__btd
BTD-111/222,111/222,Sink Scream,Grito da Redução,btd,ultra rare,5,0,0,0,0,0,":fire:Fire: Reduce opposing engaged Creature's :power:Power to 0.
:air:Air: Reduce opposing engaged Creature's :speed:Speed to 0.
:earth:Earth: Reduce opposing engaged Creature's :courage:Courage to 0.
:water:Water: Reduce opposing engaged Creature's :wisdom:Wisdom to 0.","Fogo: Reduz o Poder da criatura adversária para 0.
Ar: Reduz a Velocidade da criatura adversária para 0.
Terra: Reduz a Coragem da criatura adversária para 0.
Água: Reduz a Sabedoria da criatura adversária para 0.",,,FALSE,HotShots VFX,https://i.imgur.com/bQmxcdN.png,Sink Scream__btd
BTD-112/222,112/222,Slowsand,Areia Lenta,btd,common,2,0,,10,10,,:earth:Earth: Opposing engaged Creature loses 25 :speed:Speed.,:earth:Terra: A criatura em combate do oponente perde 25 de :speed:Velocidade.,,,FALSE,Imaginary Friends Studios,https://i.imgur.com/xdipKOt.png,Slowsand__btd
BTD-113/222,113/222,Snare Attack,Ataque de Laço,btd,rare,0,0,,,,,"If your Creature's :speed:Speed is more than opposing engaged Creature's :courage:Courage, deal 5 damage. If it isn't, opposing engaged Creature loses 10 :speed:Speed.","Se a :speed:Velocidade da sua Criatura for maior que a :courage:Coragem da Criatura do oponente, cause 5 de dano. Caso contrário, a Criatura do oponente perde 10 de de :speed:Velocidade.",,,FALSE,HotShots VFX,https://i.imgur.com/2ogzsu2.png,Snare Attack__btd
BTD-115/222,115/222,Streak Strike,Ataque Direto,btd,uncommon,1,0,,,5,,"Stat Check :speed:Speed 50: Deal 5 damage.
Stat Check :courage:Courage 50: Deal 5 damage.","Checar Status :speed:Velocidade 50: Cause 5 de dano.
Checar Status :speed:Coragem 50: Cause 5 de dano.",,,FALSE,HotShots VFX,https://i.imgur.com/alzM0wy.png,Streak Strike__btd
BTD-117/222,117/222,Terror-Fying Tackle,Confronto do Terror Voador ,btd,uncommon,2,0,,,,,"Stat Fail :courage:Courage 100: Deal 5 damage.
Stat Fail :courage:Courage 50: Deal 10 damage.
Stat Fail :courage:Courage 5: Deal 15 damage.","Falhar Status :courage:Coragem 100: Cause 5 de dano.
Falhar Status :courage:Coragem 50: Cause 10 de dano.
Falhar Status :courage:Coragem 5: Cause 15 de dano.",,,FALSE,Imaginary Friends Studios,https://i.imgur.com/56d1zPn.png,Terror-Fying Tackle__btd
BTD-118/222,118/222,Timeslow,Tempos Lentos,btd,common,0,0,,,,,Opposing engaged Creature loses 20 :speed:Speed.,A criatura em combate do oponente perde 20 de :speed:Velocidade.,,,FALSE,Imaginary Friends Studios,https://i.imgur.com/KsCuA3Z.png,Timeslow__btd
BTD-120/222,120/222,Torrent of Water,Torrente de Água,btd,common,1,0,,,5,5,:water:Water: Gain 10 :courage:Courage.,:water:Água: Ganhe 10 :courage:Coragem.,,,FALSE,HotShots VFX,https://i.imgur.com/W5CQ69C.png,Torrent of Water__btd
BTD-124/222,124/222,Whirling Wail,Lamento Giratório,btd,rare,3,10,,10,10,,Your opponent cannot play Mugic Cards. (Your opponent can play Mugic Cards before this resolves.),"Seu oponente não pode usar Mugics.
(Seu oponente pode usar Mugics antes que isso seja resolvido.)",,,FALSE,HotShots VFX,https://i.imgur.com/heSn6lc.png,Whirling Wail__btd
BTD-125/222,125/222,Whirlwind Scythes,Redemoinho de Foices,btd,common,2,0,10,10,,,:air:Air: Opposing engaged Creature loses 25 :power:Power.,:air:Ar: A criatura em combate do oponente perde 25 :power:Poder.,,,FALSE,Imaginary Friends Studios,https://i.imgur.com/W2k4QdE.png,Whirlwind Scythes__btd
ROTO-47/100,47/100,Aftermath Feint,Finta de Consequências,roto,rare,0,0,,,,,"When your engaged Creature is destroyed this turn, draw two Attack Cards and discard two Attack Cards.","Quando sua Criatura em combate for destruída neste turno, compre dois Ataques e descarte dois Ataques.",,,FALSE,HotShots VFX,https://i.imgur.com/70ZiyVu.png,Aftermath Feint__roto
ROTO-48/100,48/100,Caustic Cascade,Cascata Cáustica,roto,uncommon,2,0,,,,20,,,,,FALSE,HotShots VFX,https://i.imgur.com/3ejuJ4r.png,Caustic Cascade__roto
ROTO-49/100,49/100,Electric Rain,Chuva Elétrica,roto,super rare,2,0,,,,5,The opposing engaged Creature must pay an additional :genericmugic:to play abilities which cost one or more Mugic counters.,A Criatura  em combate do oponente deve pagar um :genericmugic: adicional para usar habilidades que custam um ou mais :genericmugic:.,,,FALSE,HotShots VFX,https://i.imgur.com/5i6d3fa.png,Electric Rain__roto
ROTO-50/100,50/100,Fire Stream,Corrente de Fogo,roto,common,0,0,5,,,,"If the opposing engaged Creature is equipped, damage dealt by Fire Stream is reduced to 0.","Se a Criatura em combate do oponenete estiver equipada, o dano causado por Corrente de Fogo será reduzido a 0.",,,FALSE,HotShots VFX,https://i.imgur.com/8BbMHUR.png,Fire Stream__roto
ROTO-51/100,51/100,Fluidmight,Fluidoforça,roto,common,3,5,,,,10,"When a Fluidmorpher Creature deals damage with Fluidmight, put a Mugic counter on it","Quando uma Criatura Fluidomorfo causa dano com Fluidoforça, coloque um :genericmugic: nela.",,,FALSE,HotShots VFX,https://i.imgur.com/I2ftjfr.png,Fluidmight__roto
ROTO-52/100,52/100,Force Balls,Bolas de Força,roto,uncommon,1,5,5,,,5,"If you control non-OverWorld Creatures, damage dealt by Force Balls is reduced to 0.","Se você controlar criaturas que não sejam do :overworld:OutroMundo, o dano causado por Bolas de Força será reduzido a 0.",,,FALSE,Imaginary Friends Studios,https://i.imgur.com/oMpuD7X.png,Force Balls__roto
ROTO-53/100,53/100,Invader's Tactics,Táticas do Invasor,roto,rare,1,10,,,,0,"If your opponent controls the active Location, deal an additional 5 damage.","Se o seu oponente controlar o Local ativo, cause 5 de dano adicional.",,,FALSE,Imaginary Friends Studios,https://i.imgur.com/64OFQQ5.png,Invader's Tactics__roto
ROTO-54/100,54/100,Kha'rall Crush,Esmagamento Kha'rall,roto,common,1,5,,,,5,"If your engaged Creature is equipped with a Shard, deal an additional 10 damage.","Se a sua Criatura em combate estiver equipada com um Caco Kha'rall, cause 10 de dano adicional.",,,FALSE,HotShots VFX,https://i.imgur.com/VWHNFYG.png,Kha'rall Crush__roto
ROTO-55/100,55/100,Marksman's Preparation,Preparação do Atirador,roto,uncommon,1,0,,0,,,"The opposing engaged Creature cannot have Mugic counters put on it.
You can discard another card named Marksman's Preparation. If you do, deal an additional 30 damage and draw an Attack Card.","A Criatura em combate do oponente não pode receber :genericmugic:.
Você pode descartar outra carta chamada Preparação do Atirador. Se fizer isso, cause 30 de dano adicional e compre um Ataque.",,,FALSE,Imaginary Friends Studios,https://i.imgur.com/2TZOcPK.png,Marksman's Preparation__roto
ROTO-56/100,56/100,Mightswing,Golpe de Poder,roto,uncommon,1,5,5,5,,,"If you control non-UnderWorld Creatures, damage dealt by Mightswing is reduced to 0.","Se você controlar criaturas que não sejam do :underworld:Submundo, o dano causado por Golpe de Poder será reduzido a 0.",,,FALSE,HotShots VFX,https://i.imgur.com/dZ7kKig.png,Mightswing__roto
ROTO-57/100,57/100,Petrifying Power,Poder Petrificante,roto,common,0,0,,,5,,"If your opponent controls the active Location, damage dealt by Petrifying:power:Power is reduced to 0.","Se o seu oponente controlar o Local ativo, o dano causado por Poder Petrificante será reduzido a 0.",,,FALSE,Imaginary Friends Studios,https://i.imgur.com/RvoLsHb.png,Petrifying Power__roto
ROTO-58/100,58/100,Poison Steam,Vapor Venenoso,roto,common,0,0,,5,,,"If you have fewer Mugic Cards in your hand than your opponent, damage dealt by Poison Steam is reduced to 0.","Se você tiver menos Cartas Mugics na sua mão do que seu oponente, o dano causado por Vapor Venenoso será reduzido a 0.",,,FALSE,HotShots VFX,https://i.imgur.com/IU91Ma4.png,Poison Steam__roto
ROTO-59/100,59/100,Rage of Aa'une,Fúria de Aa'une,roto,rare,1,5,,,,5,"If your engaged Creature is a Chieftain Creature, deal an additional 10 damage.","Se sua criatura em combate for um Chefe, cause 10 de dano adicional.",,,FALSE,Imaginary Friends Studios,https://i.imgur.com/IttZBsM.png,Rage of Aa'une__roto
ROTO-60/100,60/100,Rancorous Projection,Projeção Rancorosa,roto,super rare,2,40,,,,,"For each Discipline over 50 the opposing engaged Creature has, damage dealt by Rancorous Projection is reduced by 10.","Para cada Disciplina acima de 50 que a Criatura  em combate do oponente tiver, o dano causado por Projeção Rancorosa é reduzido em 10.",,,FALSE,Imaginary Friends Studios,https://i.imgur.com/hWhzHWn.png,Rancorous Projection__roto
ROTO-61/100,61/100,Sandstrike,Ataque de Areia,roto,uncommon,1,5,,5,5,,"If you control non-Mipedian Creatures, damage dealt by Sandstrike is reduced to 0.","Se você controlar criaturas que não sejam :mipedian:Mipedians, o dano causado por Ataque de Areia será reduzido a 0.",,,FALSE,HotShots VFX,https://i.imgur.com/wAUO2ya.png,Sandstrike__roto
ROTO-62/100,62/100,Solar Flare,Explosão Solar,roto,rare,3,5,,,,10,"Remove X Mugic counters from the opposing engaged Creature, where X is the number of Mugic counters on your engaged Creature.","Remova :genericmugicX: da Criatura em combate do oponente, onde X é o número de :genericmugic:na sua Criatura em combate.",,,FALSE,HotShots VFX,https://i.imgur.com/JW0GT1C.png,Solar Flare__roto
ROTO-63/100,63/100,Supercooled Rain,Chuva Super-Congelante,roto,super rare,5,15,,,,25,Your opponent removes a total of 4 Mugic counters from among any Creatures they control.,Seu oponente remove um total de :genericmugic::genericmugic::genericmugic::genericmugic: dentre quaisquer Criaturas que ele controla.,,,FALSE,HotShots VFX,https://i.imgur.com/cjObAs9.png,Supercooled Rain__roto
ROTO-64/100,64/100,Swarming Destruction,Destruição Enxameante,roto,uncommon,1,5,,,5,5,"If you control non-Danian Creatures, damage dealt by Swarming Destruction is reduced to 0.","Se você controlar criaturas que não são :danian:Danians, o dano causado por Destruição Enxameante será reduzido a 0.",,,FALSE,Imaginary Friends Studios,https://i.imgur.com/m15Tkur.png,Swarming Destruction__roto
ROTO-65/100,65/100,Tainted Thunderstorm,Tempestade Contaminada,roto,rare,4,10,,,,20,Challenge :genericmugic:Mugic counters 1: Deal 20 damage,Desafio :genericmugic: 1: Causa 20 de dano,,,FALSE,HotShots VFX,https://i.imgur.com/p7vxrNO.png,Tainted Thunderstorm__roto
ROTO-66/100,66/100,Tidal Surge,Onda da Maré,roto,common,0,0,,,,5,"If the opposing engaged Creature has a Mugic counter, damage dealt by Tidal Surge is reduced to 0.","Se a Criatura em combate do oponente tiver um :genericmugic:, o dano causado por Onda da Maré será reduzido a 0.",,,FALSE,Imaginary Friends Studios,https://i.imgur.com/hoaVg6X.png,Tidal Surge__roto
TOTT-36/100,36/100,Academy Strike,Ataque da Academia,tott,rare,1,0,,,,,Stat Check :speed:Speed 100: Deal 15 damage.,Checar Status :speed:Velocidade 100: Cause 15 de dano.,,,FALSE,HotShots VFX,https://i.imgur.com/0lIjk6D.png,Academy Strike__tott
TOTT-37/100,37/100,Acceleration,Aceleração,tott,common,2,0,,,,,"Challenge :speed:Speed 5: Deal 10 damage.
Challenge :speed:Speed 30: Deal 10 damage.
Challenge :speed:Speed 50: Deal 10 damage.","Desafio :speed:Velocidade 5: Cause 10 de dano.
Desafio :speed:Velocidade 30: Cause 10 de dano.
Desafio :speed:Velocidade 50: Cause 10 de dano.",,,FALSE,Imaginary Friends Studios,https://i.imgur.com/PJeKxjU.png,Acceleration__tott
TOTT-38/100,38/100,Aqua Recoil,Recuo Aquático,tott,common,0,0,,,0,0,":water:Water: Heal 5 damage.
:earth:Earth: Gain 10 :courage:Courage.",":water:Água: Cure 5 de dano.
:earth:Terra: Ganhe 10 de :courage:Coragem.",,,FALSE,HotShots VFX,https://i.imgur.com/H1HgasL.png,Aqua Recoil__tott
TOTT-39/100,39/100,Charge of the Brave,Investida dos Bravos,tott,common,2,0,,,,,"Challenge :courage:Courage 5: Deal 10 damage.
Challenge :courage:Courage 30: Deal 10 damage.
Challenge :courage:Courage 50: Deal 10 damage.","Desafio :courage:Coragem 5: Cause 10 de dano.
Desafio :courage:Coragem 30: Cause 10 de dano.
Desafio :courage:Coragem 50: Cause 10 de dano.",,,FALSE,Imaginary Friends Studios,https://i.imgur.com/y8btd1d.png,Charge of the Brave__tott
TOTT-40/100,40/100,Flamebloom,Desabrochar de Chamas,tott,common,0,0,0,,,0,":fire:Fire: Heal 5 damage.
:water:Water: Gain 10 :wisdom:Wisdom.",":fire:Fogo: Cure 5 de dano.
:water:Água: Ganhe 10 de :wisdom:Sabedoria.",,,FALSE,HotShots VFX,https://i.imgur.com/amRz2QH.png,Flamebloom__tott
TOTT-41/100,41/100,Flying Advantage,Vantagem Aérea,tott,common,0,0,0,0,,,":air:Air: Heal 5 damage.
:fire:Fire: Gain 10 :power:Power.",":air:Ar: Cure 5 de dano.
:fire:Fogo: Ganhe 10 de de :power:Poder.",,,FALSE,Imaginary Friends Studios,https://i.imgur.com/hxkOjkn.png,Flying Advantage__tott
TOTT-42/100,42/100,Glacial Balls,Bolas Glaciais,tott,uncommon,1,0,,,,,Stat Check :wisdom:Wisdom 100: Deal 15 damage.,Checar Status :wisdom:Sabedoria 100: Cause 15 de dano.,,,FALSE,HotShots VFX,https://i.imgur.com/VaMXat4.png,Glacial Balls__tott
TOTT-43/100,43/100,Infectious Implosion,Implosão Infecciosa,tott,rare,1,0,,,5,,"If the opposing engaged Creature is Infected, deal 10 damage.","Se a Criatura em combate do oponente estiver infectada, cause 10 de dano.",,,FALSE,"Chris Fisher, HotShots VFX",https://i.imgur.com/U5jnt9U.png,Infectious Implosion__tott
TOTT-44/100,44/100,Landgore,Landgore,tott,rare,1,0,5,5,5,5,,,,,TRUE,HotShots VFX,https://i.imgur.com/cUd1e1J.png,Landgore__tott
TOTT-45/100,45/100,Magma Hack,Corte de Magma,tott,super rare,1,0,,,,,Stat Check :power:Power 100: Deal 15 damage.,Checar Status :power:Poder 100: Causa 15 de dano.,,,FALSE,HotShots VFX,https://i.imgur.com/6ThAOtH.png,Magma Hack__tott
TOTT-46/100,46/100,Mindrazor,Navalha Mental,tott,common,2,0,,,,,"Challenge :wisdom:Wisdom 5: Deal 10 damage.
Challenge :wisdom:Wisdom 30: Deal 10 damage.
Challenge :wisdom:Wisdom 50: Deal 10 damage.","Desafio :wisdom:Sabedoria 5: Cause 10 de dano.
Desafio :wisdom:Sabedoria 30: Cause 10 de dano.
Desafio :wisdom:Sabedoria 50: Cause 10 de dano.",,,FALSE,Imaginary Friends Studios,https://i.imgur.com/b4sogvM.png,Mindrazor__tott
TOTT-47/100,47/100,Morphwrath,Morfúria,tott,super rare,1,0,,,,5,"Challenge :genericmugic:Mugic counters 1: Deal 5 damage.
Challenge :genericmugic:Mugic counters 3: Deal 5 damage.
Challenge :genericmugic:Mugic counters 5: Deal 5 damage.","Desafio :genericmugic:Contador de Mugic 1:  Cause 5 de dano.
Desafio :genericmugic:Contador de Mugic 3:  Cause 5 de dano.
Desafio :genericmugic:Contador de Mugic 5:  Cause 5 de dano.",,,FALSE,HotShots VFX,https://i.imgur.com/8aPJWul.png,Morphwrath__tott
TOTT-48/100,48/100,Prowl Strike,Ataque à Espreita,tott,common,2,0,,,,,"Challenge :power:Power 5: Deal 10 damage.
Challenge :power:Power 30: Deal 10 damage.
Challenge :power:Power 50: Deal 10 damage.","Desafio :power:Poder 5: Causa 10 de dano.
Desafio :power:Poder 30: Causa 10 de dano.
Desafio :power:Poder 50: Causa 10 de dano.",,,FALSE,Imaginary Friends Studios,https://i.imgur.com/tbaETDS.png,Prowl Strike__tott
TOTT-49/100,49/100,Reefquake,Terremoto de Recife,tott,uncommon,2,10,,,,,Deal 5 damage for each Kha'rall Creature you control.,Cause 5 de dano para cada criatura Kha'rall que você controla.,,,FALSE,HotShots VFX,https://i.imgur.com/iNrouy0.png,Reefquake__tott
TOTT-50/100,50/100,Sediment Stormshield,Escudo Tempestuoso de Sedimentos,tott,common,0,0,,0,0,,":earth:Earth: Heal 5 damage.
:air:Air: Gain 10 :speed:Speed.",":earth:Terra: Cure 5 de dano.
:air:Ar: Ganhe 10 de de :speed:Velocidade.",,,FALSE,Imaginary Friends Studios,https://i.imgur.com/k4QA992.png,Sediment Stormshield__tott
TOTT-51/100,51/100,Slime Slam,Batida de Lodo,tott,uncommon,1,0,,,5,5,Stat Fail :power:Power 50: Flip all Battlegear equipped to the opposing engaged Creature face-down.,Falhar Status :power:Poder 50: Vire o Equipamento da criatura em combate do oponente para baixo.,,,FALSE,HotShots VFX,https://i.imgur.com/jkm3N2I.png,Slime Slam__tott
TOTT-52/100,52/100,Ultimate Warstance,Postura de Guerra Suprema,tott,super rare,4,5,,10,10,,":earth:Earth, :air:Air: The next attack played this combat deals 0 damage.",":earth:Terra, :air:Ar: O próximo ataque realizado neste combate causa 0 de dano.",,,TRUE,"Chris Fisher, HotShots VFX",https://i.imgur.com/mYGAgOh.png,Ultimate Warstance__tott
TOTT-53/100,53/100,Unarmed Brawl Bash,Surra Desarmada,tott,rare,1,0,,,,,Stat Check :courage:Courage 100: Deal 15 damage.,Checar Status :courage:Coragem 100: Cause 15 de dano.,,,FALSE,HotShots VFX,https://i.imgur.com/G5lcVp6.png,Unarmed Brawl Bash__tott
TOTT-54/100,54/100,Vigorous Gust,Rajada vigorosa,tott,uncommon,2,0,5,5,,,:air:Air: Relocate both engaged Creatures to any unoccupied space on the Battleboard adjacent to either of them.,:air:Ar: Realoque ambas as criaturas em combate em qualquer espaço desocupado no Tabuleiro adjacente a qualquer uma delas.,,,FALSE,"Chris Fisher, Imaginary Friends Strudios",https://i.imgur.com/5NTiaHq.png,Vigorous Gust__tott
TOTT-55/100,55/100,Winterclaw,Garra de Inverno,tott,super rare,3,5,,10,,10,"If the active Location's Initiative is a Discipline, deal 15 damage.","Se a Iniciativa do Local ativo for uma Disciplina, cause 15 de dano.",,,FALSE,"Etienne St.Laurent, Imaginary Friends Studios",https://i.imgur.com/DuCJb1F.png,Winterclaw__tott
FUN-39/100,39/100,Alacritous Force,Força Entusiástica,fun,uncommon,2,5,,,,,"Stat Check :power:Power 60: Deal 10 damage.
Stat Check :speed:Speed 60: Deal 10 damage.","Checar Status :power:Poder 60: Cause 10 de dano.
Checar Status :speed:Velocidade 60: Cause 10 de dano.",,,FALSE,"Emilio Lopez, Imaginary Friends Studios",https://i.imgur.com/Gqly5dB.png,Alacritous Force__fun
FUN-40/100,40/100,Braveglint,Brilho Valente,fun,uncommon,2,5,,,,,"Stat Check :courage:Courage 60: Deal 10 damage.
Stat Check :speed:Speed 60: Deal 10 damage.","Checar Status :courage:Coragem 60: Causa 10 de dano.
Checar Status :speed:Velocidade 60: Causa 10 de dano.",,,FALSE,"Emilio Lopez, Imaginary Friends Studios",https://i.imgur.com/aFRloV1.png,Braveglint__fun
FUN-41/100,41/100,Clashjet,Colisão a Jato,fun,common,1,0,5,5,,,Stat Check :power:Power 50: Deal 5 Damage.,Checar Status :power:Poder 50: Causa 5 de dano.,,,FALSE,Imaginary Friends Studios,https://i.imgur.com/XaLU3Ia.png,Clashjet__fun
FUN-42/100,42/100,Coral Balls,Bolas de Coral,fun,super rare,1,0,,,,5,"If your engaged Creature has Defender, deal 10 damage.","Se sua criatura em combate tiver Defensor, cause 10 de dano.",,,FALSE,"Sanford Greene, Etienne St.Laurent",https://i.imgur.com/77pTJge.png,Coral Balls__fun
FUN-43/100,43/100,Directed Bravery,Bravura Direcionada,fun,uncommon,2,5,,,,,"Stat Check :courage:Courage 60: Deal 10 damage.
Stat Check :wisdom:Wisdom 60: Deal 10 damage.","Checar Status :courage:Coragem 60: Causa 10 de dano.
Checar Status :wisdom:Sabedoria 60: Causa 10 de dano.",,,FALSE,Imaginary Friends Studios,https://i.imgur.com/L6qCrFx.png,Directed Bravery__fun
FUN-44/100,44/100,Discipline Destruction,Destruição Disciplinar,fun,super rare,4,10,,,,,"Challenge :courage:Courage 15: Deal 10 damage.
Challenge :power:Power 15: Deal 10 damage.
Challenge :wisdom:Wisdom 15: Deal 10 damage.
Challenge :speed:Speed 15: Deal 10 damage.","Desafio :courage:Coragem 15: Cause 10 de dano.
Desafio :power:Poder 15: Cause 10 de dano.
Desafio :wisdom:Sabedoria 15: Cause 10 de dano.
Desafio :speed:Velocidade 15: Cause 10 de dano.",,,FALSE,"Andrew Bradshaw, Jimmy Tran",https://i.imgur.com/cbmL3nR.png,Discipline Destruction__fun
FUN-45/100,45/100,Fearless Strike,Ataque sem Medo,fun,uncommon,2,5,,,,,"Stat Check :courage:Courage 60: Deal 10 damage.
Stat Check :power:Power 60: Deal 10 damage.","Checar Status :courage:Coragem 60: Cause 10 de dano.
Checar Status :power:Poder 60: Cause 10 de dano.",,,FALSE,Imaginary Friends Studios,https://i.imgur.com/qmDeocs.png,Fearless Strike__fun
FUN-46/100,46/100,Fire Ring,Anel de fogo,fun,rare,0,0,10,,,,"When:fire:Fire Ring is played, deal 10 damage to your engaged Creature.","Quando Anel de Fogo é usado, cause 10 de dano à sua Criatura em combate.",,,FALSE,"Sanford Greene, Etienne St.Laurent, Andrew Bradshaw",https://i.imgur.com/IoL4RNj.png,Fire Ring__fun
FUN-47/100,47/100,Funnel Blast,Furacão Explosivo ,fun,common,1,0,,5,5,,Stat Check :speed:Speed 50: Deal 5 Damage.,Checar Status :speed:Velocidade 50: Causa 5 de dano.,,,FALSE,Imaginary Friends Studios,https://i.imgur.com/sysYpze.png,Funnel Blast__fun
FUN-48/100,48/100,Geyser Gush,Jato de Gêiser,fun,common,1,0,,,5,5,Stat Check :courage:Courage 50: Deal 5 Damage.,Checar Status :courage:Coragem 50: Causa 5 de dano.,,,FALSE,Imaginary Friends Studios,https://i.imgur.com/2m2290J.png,Geyser Gush__fun
FUN-49/100,49/100,Grantkae's Stance,Postura do Grantkae,fun,super rare,3,0,,,,,"If you control:
An OverWorld Creature, gain 10 Energy. 
An UnderWorld Creature, destroy all Battlegear equipped to the opposing engaged Creature.
A Mipedian Creature, the next attack played this turn deals 10 less damage. 
A Danian Creature, deal 10 damage.","Se você controla alguém do :overworld:OutroMundo, ganhe 10 de Energia.
Se você controla alguém do :underworld:Submundo, destrua o Equipamento da Criatura do oponente em combate.
Se você controla um :mipedian:Mipedian, o próximo ataque realizado neste turno causa 10 a menos de dano.
Se você controla um :danian:Danian, cause 10 de dano.",,,FALSE,Imaginary Friends Studios,https://i.imgur.com/y0Rk6NI.png,Grantkae's Stance__fun
FUN-50/100,50/100,Gravel Grind,Triturador de Cascalho,fun,rare,1,5,,,5,,":earth:Earth: When Gravel Grind deals damage, remove a card in a general discard pile from the game.",":earth:Terra: Quando Triturador de Cascalho causa dano, remova uma carta de um dos Descartes gerais do jogo.",,,FALSE,Imaginary Friends Studios,https://i.imgur.com/2d9D88i.png,Gravel Grind__fun
FUN-51/100,51/100,Heartsync,Sincronização Cardíaca,fun,rare,3,15,,,,,Stat Check :courage:Courage 75: Look at the top two cards of your opponent's Attack Deck. Put one on top of that deck and the other on the bottom.,"Checar Status :courage:Coragem 75: Observe as duas cartas do topo do Baralho de Ataque do seu oponente.
Coloque uma em cima e a outra embaixo.",,,FALSE,Imaginary Friends Studios,https://i.imgur.com/Dc5dztT.png,Heartsync__fun
FUN-52/100,52/100,Inner Flood,Inundação Interior,fun,rare,0,0,,,,0,":water:Water: Remove a Mugic counter from a Creature, if you do put a Mugic counter on another Creature controlled by the same player. (You must choose a Creature that can have Mugic counters put on it.)",":water:Água: Remova um :genericmugic: de uma Criatura, caso o faça coloque um :genericmugic: em outra Criatura controlada pelo mesmo jogador.",,,FALSE,HotShots VFX,https://i.imgur.com/eEoTdfq.png,Inner Flood__fun
FUN-53/100,53/100,Instantaneous Inspiration,Inspiração Instantânea,fun,uncommon,2,5,,,,,"Stat Check :wisdom:Wisdom 60: Deal 10 damage.
Stat Check :speed:Speed 60: Deal 10 damage.","Checar Status :wisdom:Sabedoria 60: Cause 10 de dano.
Checar Status :speed:Velocidade 60: Cause 10 de dano.",,,FALSE,HotShots VFX,https://i.imgur.com/Z9romJX.png,Instantaneous Inspiration__fun
FUN-54/100,54/100,Interthink,Interpensar,fun,rare,3,15,,,,,Stat Check :wisdom:Wisdom 75: You can put a :genericmugic:Mugic counter on any Creature.,Checar Status :wisdom:Sabedoria 75: Você pode colocar um :genericmugic: em qualquer criatura.,,,FALSE,"Sanford Greene, Etienne St.Laurent",https://i.imgur.com/DHIozwG.png,Interthink__fun
FUN-55/100,55/100,Massblink,Piscada em Massa,fun,rare,3,15,,,,,Stat Check :speed:Speed 75: You can swap the spaces on the Battleboard of two unengaged Creatures that are adjacent to each other.,Checar Status :speed:Velocidade 75: Você pode trocar os espaços no Tabuleiro de duas Criaturas fora de combate que estejam adjacentes uma à outra.,,,FALSE,"Andrew Bradshaw, Jimmy Tran",https://i.imgur.com/fge56vv.png,Massblink__fun
FUN-56/100,56/100,Powercut,Corte de Poder,fun,common,0,0,,,,,"Stat Check :power:Power 60: Deal 10 damage.
Lose 60 :power:Power.","Checar Status :power:Poder 60: Cause 10 de dano.
Perca 60 de :power:Poder.",,,FALSE,Imaginary Friends Studios,https://i.imgur.com/4yYDPce.png,Powercut__fun
FUN-57/100,57/100,Sirocco,Siroco,fun,rare,1,0,,5,,,:air:Air: Flip a face-down Battlegear you control face-up.,:air:Ar: Vire para cima um Equipamento  que você controla virado para baixo.,,,FALSE,Imaginary Friends Studios,https://i.imgur.com/tfrLVhk.png,Sirocco__fun
FUN-58/100,58/100,Smartsmack,Pancada Inteligente,fun,uncommon,2,5,,,,,"Stat Check :power:Power 60: Deal 10 damage.
Stat Check :wisdom:Wisdom 60: Deal 10 damage.","Checar Status :power:Poder 60: Cause 10 de dano.
Checar Status :wisdom:Sabedoria 60: Cause 10 de dano.",,,FALSE,Imaginary Friends Studios,https://i.imgur.com/QhY1L8Q.png,Smartsmack__fun
FUN-59/100,59/100,Strengthening Bond,Vínculo Fortalecido,fun,rare,3,15,,,,,"Stat Check :power:Power 75: When Strengthening Bond deals damage, destroy target Battlegear.","Checar Status :power:Poder 75: Quando Vínculo Fortalecido causa dano, destrua o Equipamento alvo.",,,FALSE,"Emilio Lopez, Imaginary Friends Studios",https://i.imgur.com/JOf5tbR.png,Strengthening Bond__fun
FUN-60/100,60/100,Thermo Rings,Anéis Térmicos,fun,common,1,0,5,,,5,Stat Check :wisdom:Wisdom 50: Deal 5 Damage.,Checar Staus :wisdom:Sabedoria 50: Causa 5 de dano.,,,FALSE,HotShots VFX,https://i.imgur.com/uz5UeZ1.png,Thermo Rings__fun
FUN-61/100,61/100,Thinkray,Raio de Pensamento,fun,common,0,0,,,,,"Stat Check :wisdom:Wisdom 60: Deal 10 damage.
Lose 60 :wisdom:Wisdom.","Checar Status :wisdom:Sabedoria 60: Cause 10 de dano.
Perca 60 de :wisdom:Sabedoria.",,,FALSE,"Emilio Lopez, Imaginary Friends Studios",https://i.imgur.com/QwzWfE6.png,Thinkray__fun
FUN-62/100,62/100,Unbalanced Charge,Investida Desequilibrada,fun,common,0,0,,,,,"Stat Check :speed:Speed 60: Deal 10 damage.
Lose 60 :speed:Speed.","Checar Status :speed:Velocidade 60: Cause 10 de dano.
Perca 60 de :speed:Velocidade.",,,FALSE,Imaginary Friends Studios,https://i.imgur.com/Trx8AOT.png,Unbalanced Charge__fun
FUN-63/100,63/100,Unified Tribecharge,Investida das Tribos Unidas,fun,ultra rare,5,10,,,,,Deal 10 damage for each Tribe you control.,Cause 10 de dano para cada Tribo que você controla.,,,FALSE,"Andrew Bradshaw, Reggie Butler",https://i.imgur.com/XNtqlZp.png,Unified Tribecharge__fun
FUN-64/100,64/100,Valor Continuum,Valor Continuum,fun,common,0,0,,,,,"Stat Check :courage:Courage 60: Deal 10 damage.
Lose 60 :courage:Courage.","Checar Status :courage:Coragem 60: Cause 10 de dano.
Perca 60 de :courage:Coragem.",,,FALSE,Imaginary Friends Studios,https://i.imgur.com/gRIJaem.png,Valor Continuum__fun
AU-74/200,74/200,Aerosion,Aerosão,au,rare,2,5,,5,5,,:air:Air: Flip engaged Creature's Battlegear face-down.,:air:Ar: Vire o Equipamento das Criaturas em combate para baixo.,,,FALSE,"Andrew Bradshaw, Etienne St.Laurent",https://i.imgur.com/TXLqPNa.png,Aerosion__au
AU-75/200,75/200,Airize,Arscensão,au,common,0,0,,5,,,"If the opposing engaged Creature has :air:Air, damage dealt by Airize is reduced to 0.","Se a Criatura em combate do oponente tiver :air:Ar, o dano causado por Arscensão será reduzido a 0.",,,FALSE,"Keith Conroy, Reggie Butler",https://i.imgur.com/mdFWHjs.png,Airize__au
AU-76/200,76/200,Airsault,Arssalto,au,common,1,0,,15,,,,,,,FALSE,"Andrew Bradshaw, Etienne St.Laurent",https://i.imgur.com/oP1Fd5w.png,Airsault__au
AU-77/200,77/200,Atmosfear,Atmosfera do Medo,au,common,1,5,,5,,,"If your engaged Creature has Invisibility, deal 5 damage.","Se a sua criatura em combate tem Invisibilidade, cause 5 de dano.",,,FALSE,Imaginary Friends Studios,https://i.imgur.com/dSSA5wD.png,Atmosfear__au
AU-78/200,78/200,Before the Storm,Antes da Tempestade,au,super rare,4,15,,15,,,:air:Air: Before the Storm counts as your first attack this combat. (This does not count as your first attack while on the burst.),:air:Ar: Antes da Tempestade conta como seu primeiro ataque neste combate.,,,FALSE,Imaginary Friends Studios,https://i.imgur.com/cmZ6pGk.png,Before the Storm__au
AU-79/200,79/200,Clean Slide,Deslizamento Limpo,au,common,0,0,,,5,,"If the opposing engaged Creature has :earth:Earth, damage dealt by Clean Slide is reduced to 0.","Se a Criatura em combate do oponente tiver :earth:Terra, o dano causado por Deslizamento Limpo será reduzido a 0.",,,FALSE,Imaginary Friends Studios,https://i.imgur.com/DNpq1aj.png,Clean Slide__au
AU-80/200,80/200,Combustion Carnage,Carnificina de Combustão,au,rare,0,0,0,,,,":fire:Fire: You can sacrifice an unengaged Creature you control. If you do, deal 20 damage.",":fire:Fogo: Você pode sacrificar uma Criatura fora de combate que você controla. Se o fizer, cause 20 de dano.",,,FALSE,"Andrew Bradshaw, Etienne St.Laurent",https://i.imgur.com/oALH1xe.png,Combustion Carnage__au
AU-81/200,81/200,Consuming Flame,Chama Devoradora,au,common,1,0,15,,,,,,,,FALSE,Imaginary Friends Studios,https://i.imgur.com/EEVcSss.png,Consuming Flame__au
AU-82/200,82/200,Deadwater Devastation,Devastação da Água Morta,au,super rare,4,15,,,,15,:water:Water: Remove all Mugic counters from a Creature of your choice.,:water:Água: Remova todos os :genericmugic: de uma criatura de sua escolha.,,,FALSE,"Khary Randolph, Reggie Butler",https://i.imgur.com/EQnS4Me.png,Deadwater Devastation__au
AU-83/200,83/200,Dry Touch,Toque Seco,au,rare,2,5,10,,,,:fire:Fire: The opposing engaged Creature loses :water:Water.,:fire:Fogo: A criatura em combate do oponente perde :water:Água.,,,FALSE,Imaginary Friends Studios,https://i.imgur.com/3HmAwVp.png,Dry Touch__au
AU-84/200,84/200,Dust Strike,Ataque de Poeira,au,common,2,10,,,5,,Stat Check :speed:Speed 60: Deal 5 damage.,Checar Status :speed:Velocidade 60: Causa 5 de dano.,,,FALSE,Imaginary Friends Studios,https://i.imgur.com/jzCOvDm.png,Dust Strike__au
AU-85/200,85/200,Earth Pulse,Pulso de Terra,au,common,1,0,,,15,,,,,,FALSE,Reggie Butler,https://i.imgur.com/v16DaxM.png,Earth Pulse__au
AU-86/200,86/200,Earthshape,Forma da Terra,au,rare,0,0,,,,,gain :earth:Earth.,Ganhe :earth:Terra.,,,FALSE,"Reggie Butler, Andrew Bradshaw",https://i.imgur.com/JgUvzKq.png,Earthshape__au
AU-87/200,87/200,Eidolon Advance,Investida de Eidolon,au,common,1,5,,,,5,"If your engaged Creature has a Mugic counter, deal 5 damage.","Se a sua Criatura em combate tiver um :genericmugic:, cause 5 de dano.",,,FALSE,"Keith Conroy, Etienne St.Laurent",https://i.imgur.com/ioaJfgQ.png,Eidolon Advance__au
AU-88/200,88/200,Eroding Blast,Explosão Erosiva,au,rare,2,5,,10,,,:air:Air: The opposing engaged Creature loses :earth:Earth.,:air:Ar: A criatura em combate do oponente perde :earth:Terra.,,,FALSE,Imaginary Friends Studios,https://i.imgur.com/URk7vn5.png,Eroding Blast__au
AU-89/200,89/200,Essential Evaporation,Evaporação Essencial,au,common,1,5,,5,,5,,,,,FALSE,"Adrian Barrios, Reggie Butler",https://i.imgur.com/Wh2aZ7Z.png,Essential Evaporation__au
AU-90/200,90/200,Extinguishing Fountain,Fonte da Extinção,au,rare,2,5,,,,10,:water:Water: The opposing engaged Creature loses :fire:Fire.,:water:Água: A criatura em combate do oponente perde :fire:Fogo.,,,FALSE,Imaginary Friends Studios,https://i.imgur.com/SjoSj22.png,Extinguishing Fountain__au
AU-91/200,91/200,Fireram,Aríete de Fogo,au,common,3,10,10,,,,Stat Check :power:Power 60: Deal 10 damage.,Checar Status :power:Poder 60: Cause 10 de dano.,,,FALSE,HotShots VFX,https://i.imgur.com/TlDsA81.png,Fireram__au
AU-92/200,92/200,Flame Breach,Ruptura de Chamas,au,rare,0,0,,,,,gain :fire:Fire,Ganhe :fire:Fogo,,,FALSE,"Andrew Bradshaw, Etienne St.Laurent",https://i.imgur.com/E6AvRUQ.png,Flame Breach__au
AU-93/200,93/200,Flame Fright,Medo de Fogo,au,rare,3,10,15,,,,Remove a :genericmugic:Mugic counter from engaged Creatures with less than 50 :wisdom:Wisdom or :courage:Courage,Remova um :genericmugic: de criaturas em combate com menos de 50 :wisdom:Sabedoria ou :courage:Coragem,,,FALSE,Stone Perales,https://i.imgur.com/BqT8hME.png,Flame Fright__au
AU-94/200,94/200,Flood Force,Força de Inundação,au,common,1,0,,,,15,,,,,FALSE,Imaginary Friends Studios,https://i.imgur.com/iv0E5LY.png,Flood Force__au
AU-95/200,95/200,Fluid Flame,Chama Fluida,au,rare,0,0,,,,,gain :water:Water,Ganhe :water:Água,,,FALSE,"Keith Conroy, Reggie Butler",https://i.imgur.com/FT5dEhY.png,Fluid Flame__au
AU-96/200,96/200,Gladiator's Fire,Fogo do Gladiador,au,common,1,5,5,,,,"If your engaged Creature has Recklessness, deal 5 damage.","Se sua Criatura em combate tiver Descuido, cause 5 de dano.",,,FALSE,Imaginary Friends Studios,https://i.imgur.com/oyimh0t.png,Gladiator's Fire__au
AU-97/200,97/200,Grounding Grapple,Agarre Aterrador,au,super rare,4,15,,,15,,:earth:Earth: Look at the top three cards of your Location Deck and put them back in any order. You can reveal a new active Location.,":earth:Terra: Observe as três primeiras cartas do seu Baralho de Locais e coloque-as de volta em qualquer ordem.
Você pode revelar um novo Local ativo.",,,FALSE,"Emilio Lopez, Keith Conroy",https://i.imgur.com/UUW6VsP.png,Grounding Grapple__au
AU-98/200,98/200,Incessant Wave,Onda Incessante,au,common,2,10,,,,5,Stat Check :courage:Courage 60: Deal 5 damage.,Checar Status :courage:Coragem 60: Cause 5 de dano.,,,FALSE,"Andrew Bradshaw, Etienne St.Laurent",https://i.imgur.com/iXb6ySk.png,Incessant Wave__au
AU-99/200,99/200,Inferno Claws,Garras do Inferno,au,common,1,5,5,,5,,,,,,FALSE,"David Rodriguez, Emilio Lopez",https://i.imgur.com/tR9z2Xv.png,Inferno Claws__au
AU-100/200,100/200,Magma Might,Força do Magma,au,super rare,4,15,15,,,,:fire:Fire: Destroy all Battlegear equipped to the opposing engaged Creature.,:fire:Fogo: Destrua todos os Equipamentos equipados na criatura em combate do oponente.,,,FALSE,"Khary Randolph, Etienne St.Laurent",https://i.imgur.com/UdFUO6j.png,Magma Might__au
AU-101/200,101/200,Meditative Leap,Salto Meditativo,au,common,1,10,,,,,"Stat Check :wisdom:Wisdom 100: Remove a :genericmugic:Mugic counter from a Creature you control. If you do, put a :genericmugic:Mugic counter on your engaged Creature.
Stat Check :speed:Speed 100: Draw an Attack Card and discard an Attack Card.","Checar Status :wisdom:Sabedoria 100: Remova um :genericmugic: de uma Criatura que você controla.
Se o fizer, coloque um :genericmugic: na sua Criatura em combate.
Checar Status :speed:Velocidade 100: Compre um Ataque e descarte um Ataque.",,,FALSE,"Keith Conroy, Etienne St.Laurent",https://i.imgur.com/gr8B7Y7.png,Meditative Leap__au
AU-102/200,102/200,Mind Mash,Purê Mental,au,super rare,5,15,,,,,"Challenge :wisdom:Wisdom vs :courage:Courage 5: Deal 15 damage.
Challenge :wisdom:Wisdom vs :power:Power 5: Deal 15 damage.
Challenge :wisdom:Wisdom vs :speed:Speed 5: Deal 15 damage.","Desafio :wisdom:Sabedoria vs :courage:Coragem 5: Cause 15 de dano.
Desafio :wisdom:Sabedoria vs :power:Poder 5: Cause 15 de dano.
Desafio :wisdom:Sabedoria vs :speed:Velocidade 5: Cause 15 de dano.",,,FALSE,"Reggie Butler, Imaginary Friends Studios",https://i.imgur.com/IZ3tkte.png,Mind Mash__au
AU-103/200,103/200,Mindvoid,Vazio Mental,au,common,1,10,,,,,"Stat Check :courage:Courage 100: Gain 5 Energy.
Stat Check :wisdom:Wisdom 100: Remove a :genericmugic:Mugic counter from a Creature you control. If you do, put a :genericmugic:Mugic counter on your engaged Creature.","Checar Status :courage:Coragem 100: Ganhe 5 de Energia.
Checar Status :wisdom:Sabedoria 100: Remova um :genericmugic: de uma Criatura que você controla.
Se o fizer, coloque um :genericmugic: na sua Criatura em combate.",,,FALSE,"Andrew Bradshaw, Reggie Butler",https://i.imgur.com/elAyk4H.png,Mindvoid__au
AU-104/200,104/200,Mineral Mayhem,Caos Mineral,au,common,1,5,,,5,,"You can choose to have Mineral Mayhem deal 0 damage. If you do, gain 100 :courage:Courage.","Você pode escolher que Caos Mineral cause 0 de dano. Se o fizer, ganhe 100 de :courage:Coragem.",,,FALSE,"Keith Conroy, Etienne St.Laurent",https://i.imgur.com/yr1ADnu.png,Mineral Mayhem__au
AU-105/200,105/200,Obscuring Winds,Ventos Obscuros,au,common,1,5,,5,,,"You can choose to have Obscuring Winds deal 0 damage. If you do, gain 100 :speed:Speed.","Você pode escolher que Ventos Obscuros causem 0 de dano. Se fizer isso, ganhe 100 de :speed:Velocidade.",,,FALSE,Imaginary Friends Studios,https://i.imgur.com/VdqKfMo.png,Obscuring Winds__au
AU-106/200,106/200,Outfreeze,Congelamento,au,common,1,5,,,,5,"You can choose to have Outfreeze deal 0 damage. If you do, gain 100 :wisdom:Wisdom.","Você pode escolher que Congelamento cause 0 de dano. Se o fizer, ganhe 100 de :wisdom:Sabedoria.",,,FALSE,HotShots VFX,https://i.imgur.com/2FrLpnN.png,Outfreeze__au
AU-107/200,107/200,Paraseed,Parasemente,au,common,1,5,,,5,,"If Hive is active, deal 5 damage.","Se Multidão estiver ativa, cause 5 de dano.",,,FALSE,"Andrew Bradshaw, Etienne St.Laurent",https://i.imgur.com/7uxpvbI.png,Paraseed__au
AU-108/200,108/200,Primordial Rage,Fúria Primordial,au,common,1,5,5,,,,"You can choose to have Primordial Rage deal 0 damage. If you do, gain 100 :power:Power.","Você pode escolher que Fúria Primordial cause 0 de dano. Se o fizer, ganhe 100 de :power:Poder.",,,FALSE,Imaginary Friends Studios,https://i.imgur.com/1uT36Ur.png,Primordial Rage__au
AU-109/200,109/200,Rainspears,Chuva de Lanças,au,common,3,10,,,,10,Stat Check :wisdom:Wisdom 60: Deal 10 damage.,Checar Status :wisdom:Sabedoria 60: Causa 10 de dano.,,,FALSE,HotShots VFX,https://i.imgur.com/5ufZ4QK.png,Rainspears__au
AU-110/200,110/200,Retaliatory Strike,Ataque Vingativo,au,super rare,3,5,,,,,Retaliatory Strike deals additional damage equal to the damage dealt by the last attack played this combat.,Ataque Vingativo causa dano adicional igual ao dano causado pelo último ataque realizado neste combate.,,,FALSE,"Khary Randolph, Etienne St.Laurent",https://i.imgur.com/PXi6GyM.png,Retaliatory Strike__au
AU-111/200,111/200,Sleet Slide,Deslizamento de Granizo,au,common,0,0,,,,5,"If the opposing engaged Creature has :water:Water, damage dealt by Sleet Slide is reduced to 0.","Se a Criatura adversária em combate tem Água, o dano causado por Deslizamento de Granizo é reduzido a 0.",,,FALSE,"Andrew Bradshaw, Etienne St.Laurent",https://i.imgur.com/Iq026cr.png,Sleet Slide__au
AU-112/200,112/200,Smokesurge,Onda de Fumaça,au,common,0,0,5,,,,"If the opposing engaged Creature has :fire:Fire, damage dealt by Smokesurge is reduced to 0.","Se a Criatura em combate do oponente tiver :fire:Fogo, o dano causado por Onda de Fumaça é reduzido a 0.",,,FALSE,Imaginary Friends Studios,https://i.imgur.com/TTHirNk.png,Smokesurge__au
AU-113/200,113/200,Sudden Flare,Explosão Repentina,au,common,2,10,5,,,,Stat Check :wisdom:Wisdom 60: Deal 5 damage.,Checar Status :wisdom:Sabedoria 60: Cause 5 de dano.,,,FALSE,Imaginary Friends Studios,https://i.imgur.com/Educ9O5.png,Sudden Flare__au
AU-114/200,114/200,Synaptic Acceleration,Aceleração Sináptica,au,common,1,10,,,,,"Stat Check :power:Power 100: Deal 5 damage.
Stat Check :speed:Speed 100: Draw an Attack Card and discard an Attack Card.",Checar Status :power:Poder 100: Cause 5 de dano.,,,FALSE,Imaginary Friends Studios,https://i.imgur.com/XQZ4jmI.png,Synaptic Acceleration__au
AU-115/200,115/200,Tectostrike,Golpe Tectônico,au,common,3,10,,,10,,Stat Check :courage:Courage 60: Deal 10 damage.,Checar Status :courage:Coragem 60: Cause 10 de dano.,,,FALSE,HotShots VFX,https://i.imgur.com/s81lzYO.png,Tectostrike__au
AU-116/200,116/200,Terrantula Tackle,Confronto da Terrântula,au,rare,3,10,,,15,,Destroy all Battlegear equipped to engaged Creatures with less than 50 :power:Power or :speed:Speed.,Destrua todos os Equipamentos equipados nas criaturas em combate com menos de 50 de :power:Poder ou :speed:Velocidade.,,,FALSE,"Khary Randolph, Reggie Butler",https://i.imgur.com/tW8nevb.png,Terrantula Tackle__au
AU-117/200,117/200,Traditionalist's Charge,Investida do Tradicionalista,au,common,1,10,,,,,"Stat Check :power:Power 100: Deal 5 damage.
Stat Check :courage:Courage 100: Gain 5 Energy.","Checar Status :power:Poder 100: Cause 5 de dano.
Checar Status :courage:Coragem 100: Ganhe 5 de Energia.",,,FALSE,"Andrew Bradshaw, Reggie Butler",https://i.imgur.com/HLXAWQi.png,Traditionalist's Charge__au
AU-118/200,118/200,Turbulence Funnel,Funil de Turbulência,au,common,3,10,,10,,,Stat Check :speed:Speed 60: Deal 10 damage.,Checar Status :speed:Velocidade 60: Cause 10 de dano.,,,FALSE,HotShots VFX,https://i.imgur.com/kpu8LVB.png,Turbulence Funnel__au
AU-119/200,119/200,Vacuum Hemisphere,Hemisfério de Vácuo,au,rare,2,5,,,10,,:earth:Earth: The opposing engaged Creature loses :air:Air.,:earth:Terra: A criatura inimiga perde :air:Ar.,,,FALSE,"Andrew Bradshaw, Etienne St.Laurent",https://i.imgur.com/xclPX4h.png,Vacuum Hemisphere__au
AU-120/200,120/200,Vapor Wipeout,Destruição a Vapor,au,rare,0,0,,,,,gain :air:Air.,Ganhe :air:Ar.,,,FALSE,Imaginary Friends Studios,https://i.imgur.com/VGm42UZ.png,Vapor Wipeout__au
AU-121/200,121/200,Voltorch,Voltorcha,au,common,2,10,,5,,,Stat Check :power:Power 60: Deal 5 damage.,Checar Status :power:Poder 60: Cause 5 de dano.,,,FALSE,Imaginary Friends Studios,https://i.imgur.com/8KbKZUV.png,Voltorch__au
AU-122/200,122/200,Wall of Flame,Parede de Chamas,au,rare,3,0,5,5,,,:air:Air: Flip one Battlegear face-up and one Battlegear face-down.,:air:Ar: Vire um Equipamento para cima e um Equipamento para baixo.,,,FALSE,Imaginary Friends Studios,https://i.imgur.com/uHYVesn.png,Wall of Flame__au
AU-123/200,123/200,Xenocentric Wrath,Ira Xenocêntrica,au,rare,2,10,,,,,"If your engaged Creature does not share a Tribe with the opposing engaged Creature, deal 10 damage.","Se a sua Criatura não compartilha uma Tribo com a Criatura do oponente, cause 10 de dano.",,,FALSE,Imaginary Friends Studios,https://i.imgur.com/78Tc9Ft.png,Xenocentric Wrath__au
FAS-14/100,14/100,Emberwhip,Chicote de Brasa,fas,common,2,5,10,,,,"If the opposing engaged Creature has :water:Water, deal 10 damage.","Se a Criatura em combate do oponente tiver :water:Água, cause 10 de dano.",,,FALSE,"Andrew Bradshaw, Bob Rivard",https://i.imgur.com/G8UKbVm.png,Emberwhip__fas
FAS-FAS-b9hw3oms,FAS-b9hw3oms,Faster than the Wind,Mais Rápido que o Vento,fas,rare,2,5,,15,,,"Gain 100 :speed:Speed. lose :courage:Courage, :power:Power, and:wisdom:Wisdom so those Disciplines equal 0.","Ganhe 100 :speed:Velocidade.
Perca :courage:Coragem, :power:Poder e :wisdom:Sabedoria para que essas Disciplinas sejam iguais a 0.",,,FALSE,"Etienne St. Laurent, Bob Rivard",https://i.imgur.com/P9pvmn4.png,Faster than the Wind__fas
OP-P-022,P-022,Flurry of Fists,Rajada de Punhos,op,promo,2,0,,,,,"Deal 5 damage for each Attack Card in your Attack Discard pile. If you have 7 or more Attack Cards in your Attack Discard pile, deal 0 damage instead.","Cause 5 de dano para cada Ataque no seu Descarte. Se você tiver 7 ou mais Ataques no seu Descarte, cause 0 de dano.",,,FALSE,Imaginary Friends Studios,https://i.imgur.com/6pqXjrk.png,Flurry of Fists__op
OP-OP-l97or0d3,OP-l97or0d3,"M.A.C.A., (Melee Artists Collaborative Attack)","A.C.A.M.,(Ataque Conjunto dos Artistas Marciais)",op,common,2,0,,,,,Deal 5 damage for each Mipedian Creature you control.,Cause 5 de dano para cada Mipedian que você controla.,,,TRUE,Imaginary Friends Studios,https://i.imgur.com/skyFIFD.png,"M.A.C.A., (Melee Artists Collaborative Attack)__op"
OP-OP1-11/20,OP1-11/20,Allmageddon,Allmageddon,op,super rare,5,10,10,10,10,10,,,,,TRUE,Imaginary Friends Studios,https://i.imgur.com/qrvgJ5c.png,Allmageddon__op
OP-OP1-12/20,OP1-12/20,Catacollision,Catacolisão,op,uncommon,3,5,5,5,5,5,,,,,FALSE,"Andrew Bradshaw, Etienne St.Laurent, Edwin Nebres",https://i.imgur.com/XkApDS8.png,Catacollision__op
OP-OP1-13/20,OP1-13/20,Frightening Muck,Lama Assustadora,op,common,2,5,,,5,5,Challenge :courage:Courage 15: Deal 10 damage.,Desafio :courage:Coragem 15: Cause 10 de dano.,,,FALSE,"Patrick Boutin Gagne, Etienne St.Laurent, Edwin Nebres",https://i.imgur.com/4KkM5ft.png,Frightening Muck__op
FUN-P-014,P-014,Carniwin,Carnavitória,fun,promo,1,10,,,,,"If there are an odd number of Creatures in play, deal 10 damage.
If there are an even number of Creatures in play, your engaged Creature loses 10 Energy.","Se houver um número ímpar de Criaturas em jogo, cause 10 de dano.
Se houver um número par de Criaturas em jogo, sua Criatura em combate perde 10 de Energia.",,,FALSE,HotShots VFX,https://i.imgur.com/PpIvdOV.png,Carniwin__fun
DOP-DOP-fn6iy6c1,DOP-fn6iy6c1,Nexdoors,Porta ao Lado,dop,rare,0,0,,0,,,:air:Air: Look at the top two cards of your Attack Deck. Put one of them on the top of that deck and the other on the bottom.,:air:Ar: Observe as duas cartas do topo do seu Baralho de Ataque. Coloque uma delas no topo e a outra embaixo.,,,FALSE,"Etienne St.Laurent, Aris Iliopoulos",https://i.imgur.com/LBjhWtH.png,Nexdoors__dop