displayName,displayName_pt,importName,name,name_pt,subname,subname_pt,id,serial,set,rarity,subtype,subtype_pt,ability,ability_pt,flavorText,flavorText_pt,unique,legendary,loyal,loyalRestriction,loyalRestriction_pt,artist,imageUrl,imageUrl_fixed,uniqueId
Aqua Shield,Escudo D'água,aquashield,Aqua Shield,Escudo D'água,,,DOP-136/232,136/232,dop,super rare,,,"Equipped Creature has an additional 5 Energy.
Sacrifice Aqua Shield: Heal 15 damage to target Creature.","A criatura equipada ganha 5 de Energia adicional.
Sacrifique Escudo D'água: Cure 15 de dano à criatura alvo.",,,FALSE,FALSE,FALSE,,,"Andrew Bradshaw, David Curiel",https://i.imgur.com/O0dWhvv.png,https://i.imgur.com/O0dWhvv.png,Aqua Shield__dop
Cyclance,Cyclance,cyclance,Cyclance,Cyclance,,,DOP-137/232,137/232,dop,rare,,,Sacrifice Cyclance: equipped Creature gains :air:Air until the end of combat.,Sacrifique Cyclance: a criatura equipada ganha :air:Ar até o final do combate.,,,FALSE,FALSE,FALSE,,,"Andrew Bradshaw, Etienne St.Laurent",https://i.imgur.com/WFBPijk.png,https://i.imgur.com/WFBPijk.png,Cyclance__dop
Diamond of Vlaric,Diamante de Vlaric,diamondofvlaric,Diamond of Vlaric,Diamante de Vlaric,,,DOP-138/232,138/232,dop,rare,,,Sacrifice Diamond of Vlaric: equipped Creature gains :earth:Earth until the end of combat.,Sacrifique Diamante de Vlaric: a criatura equipada ganha :earth:Terra até o final do combate.,,,FALSE,FALSE,FALSE,,,"Edwin Nebres, Emilio Lopez",https://i.imgur.com/sgaso4S.png,https://i.imgur.com/sgaso4S.png,Diamond of Vlaric__dop
Dragon Pulse,Pulso de Dragão,dragonpulse,Dragon Pulse,Pulso de Dragão,,,DOP-139/232,139/232,dop,common,,,Equipped Creature has an additional 25 :courage:Courage.,A Criatura Equipada tem 25 de :courage:Coragem adicional.,,,FALSE,FALSE,FALSE,,,"Andrew Bradshaw, David Curiel",https://i.imgur.com/Jl1hk3J.png,https://i.imgur.com/Jl1hk3J.png,Dragon Pulse__dop
Elixir of Tenacity,Elixir da Tenacidade,elixiroftenacity,Elixir of Tenacity,Elixir da Tenacidade,,,DOP-140/232,140/232,dop,common,,,"Equipped Creature has an additional 10 :courage:Courage and an additional 10 :speed:Speed.

If equipped Creature has at least 50 :power:Power, it has an additional 10 Energy.","A Criatura Equipada recebe 10 de :courage:Coragem e 10 de :speed:Velocidade adicionais.
Se a Criatura Equipada tiver pelo menos 50 de :power:Poder, ela recebe 10 de Energia adicional.",,,FALSE,FALSE,FALSE,,,"Aris Illopoulos, Edwin Nebres, David Curiel",https://i.imgur.com/RTyULyY.png,https://i.imgur.com/RTyULyY.png,Elixir of Tenacity__dop
Flux Bauble,Treco de Troca,fluxbauble,Flux Bauble,Treco de Troca,,,DOP-141/232,141/232,dop,rare,,,"At the beginning of combat, look at the top two cards of your Location Deck. Put one of them on top of that deck and the other on the bottom.","No início do combate, observe as duas cartas do topo do seu Baralho de Locais. Coloque uma delas no topo do baralho e a outra no fundo.",,,FALSE,FALSE,FALSE,,,"Andrew Bradshaw, Emilio Lopez",https://i.imgur.com/aKVIkOT.png,https://i.imgur.com/aKVIkOT.png,Flux Bauble__dop
Gauntlets of Might,Manoplas do Poder,gauntletsofmight,Gauntlets of Might,Manoplas do Poder,,,DOP-142/232,142/232,dop,common,,,Equipped Creature has an additional 25 :power:Power.,A Criatura Equipada tem 25 de :power:Poder adicional.,,,FALSE,FALSE,FALSE,,,"Aris Illopoulos, Edwin Nebres, Etienne St.Laurent",https://i.imgur.com/MZE9NlY.png,https://i.imgur.com/MZE9NlY.png,Gauntlets of Might__dop
Liquilizer,Liquilizer,liquilizer,Liquilizer,Liquilizer,,,DOP-143/232,143/232,dop,rare,,,Sacrifice Liquilizer: equipped Creature gains :water:Water until the end of combat.,Sacrifique Liquilizer: a criatura equipada ganha :water:Água até o final do combate.,,,FALSE,FALSE,FALSE,,,"Andrew Bradshaw, Etienne St.Laurent",https://i.imgur.com/MDzBVYr.png,https://i.imgur.com/MDzBVYr.png,Liquilizer__dop
Mipedian Cactus,Cactus Mipedian,mipediancactus,Mipedian Cactus,Cactus Mipedian,,,DOP-144/232,144/232,dop,super rare,,,"Equipped Creature has an additional 15 :wisdom:Wisdom.
Equipped Mipedian Creature has :mipedianmugic:: equipped Creature can move to any space on the board as if it were adjacent.""","A Criatura Equipada possui 15 de :wisdom:Sabedoria adicional.
Se a Criatura for um :mipedian:Mipedian ela ganha: 
"":mipedianmugic:: A Criatura equipada pode se mover para qualquer espaço no Tabuleiro como se fosse adjacente.""",,,FALSE,FALSE,FALSE,,,"Keith Conroy, Anthony Washington",https://i.imgur.com/L8JtwA4.png,https://i.imgur.com/L8JtwA4.png,Mipedian Cactus__dop
Mowercycle,Mowercycle,mowercycle,Mowercycle,Mowercycle,,,DOP-145/232,145/232,dop,common,,,Equipped Creature has an additional 25 :speed:Speed.,A criatura equipada tem 25 de :speed:Velocidade adicional.,,,FALSE,FALSE,FALSE,,,"Anthony Washington, Edwin Nebres, Francis Barrios",https://i.imgur.com/1KaJWyv.png,https://i.imgur.com/1KaJWyv.png,Mowercycle__dop
Mugician's Lyre,Mugic Lira,mugicianslyre,Mugician's Lyre,Mugic Lira,,,DOP-146/232,146/232,dop,common,,,Sacrifice Mugician's Lyre: Put a Mugic counter on the equipped Creature,Sacrifique Mugic Lira: Coloque um :genericmugic: na Criatura Equipada.,,,FALSE,FALSE,FALSE,,,"Andrew Bradshaw, Etienne St.Laurent, Edwin Nebres",https://i.imgur.com/MFng08Z.png,https://i.imgur.com/MFng08Z.png,Mugician's Lyre__dop
Nexus Fuse,Detonador Nexus,nexusfuse,Nexus Fuse,Detonador Nexus,,,DOP-147/232,147/232,dop,super rare,,,"Equipped Creature has an additional 5 Energy.
Sacrifice Nexus Fuse: Deal 15 damage to target Creature.","A Criatura Equipada possui 5 de Energia adicional.
Sacrifique Detonador Nexus: Cause 15 de dano à Criatura alvo.",,,FALSE,FALSE,FALSE,,,"Edwin Nebres, Etienne St.Laurent, Andrew Bradshaw",https://i.imgur.com/97LjbD8.png,https://i.imgur.com/97LjbD8.png,Nexus Fuse__dop
Orb of Foresight,Orbe da Previsão,orbofforesight,Orb of Foresight,Orbe da Previsão,,,DOP-148/232,148/232,dop,rare,,,"At the beginning of combat, look at the top three cards of your Attack Deck. Put one of them on top of that deck and the other two on the bottom in any order.","No início do combate, olhe as três cartas do topo do seu Baralho de Ataque. Coloque uma delas no topo do baralho e as outras duas no fundo, em qualquer ordem.",,,FALSE,FALSE,FALSE,,,"Edwin Nebres, Etienne St.Laurent",https://i.imgur.com/dYMVHMP.png,https://i.imgur.com/dYMVHMP.png,Orb of Foresight__dop
Phobia Mask,Máscara de Fobia,phobiamask,Phobia Mask,Máscara de Fobia,,,DOP-149/232,149/232,dop,uncommon,,,"Equipped Creature has ""Intimidate: :courage:Courage 10"" and ""Intimidate: :power:Power 10.""","A criatura equipada tem ""Intimidar: :courage:Coragem 10"" e ""Intimidar: :power:Poder 10"".",,,FALSE,FALSE,FALSE,,,"Andrew Bradshaw, David Curiel, Edwin Nebres",https://i.imgur.com/s9BxCXc.png,https://i.imgur.com/s9BxCXc.png,Phobia Mask__dop
Prism of Vacuity,Prisma do Vácuo,prismofvacuity,Prism of Vacuity,Prisma do Vácuo,,,DOP-150/232,150/232,dop,uncommon,,,"Equipped Creature has an additional 5 Energy.
Sacrifice Prism of Vacuity: Target Creature loses 20 :power:Power.","A criatura equipada ganha 5 de Energia adicional.
Sacrifique Prisma do Vácuo: a Criatura alvo perde 20 de :power:Poder.",,,FALSE,FALSE,FALSE,,,"Adrian Barrios, Etienne St.Laurent",https://i.imgur.com/eNFUPdt.png,https://i.imgur.com/eNFUPdt.png,Prism of Vacuity__dop
Pyroblaster,Pyroblaster,pyroblaster,Pyroblaster,Pyroblaster,,,DOP-151/232,151/232,dop,rare,,,Sacrifice Pyroblaster: equipped Creature gains :fire:Fire until the end of combat.,Sacrifique Pyroblaster: a Criatura Equipada ganha :fire:Fogo até o final do combate.,,,FALSE,FALSE,FALSE,,,"Andrew Bradshaw, Etienne St.Laurent",https://i.imgur.com/7WIzgvm.png,https://i.imgur.com/7WIzgvm.png,Pyroblaster__dop
Ring of Na'arin,Anel de Na'arin,ringofnaarin,Ring of Na'arin,Anel de Na'arin,,,DOP-152/232,152/232,dop,common,,,"Equipped Creature has an additional 10 :power:Power and an additional 10 :wisdom:Wisdom.
If equipped Creature has at least 50 :courage:Courage, it has an additional 10 Energy.","A Criatura Equipada possui 10 de :power:Poder e 10 de :wisdom:Sabedoria adicionais.
Se a Criatura Equipada tiver pelo menos 50 de :courage:Coragem, ela ganha 10 de Energia adicional.",,,FALSE,FALSE,FALSE,,,"Andrew Bradshaw, Etienne St.Laurent",https://i.imgur.com/zlmNMdC.png,https://i.imgur.com/zlmNMdC.png,Ring of Na'arin__dop
Riverland Star,Estrela dos Rios,riverlandstar,Riverland Star,Estrela dos Rios,,,DOP-153/232,153/232,dop,super rare,,,"Equipped Creature has an additional 15 :courage:Courage.
Equipped OverWorld Creature has ""When equipped Creature deals :water:Water damage, heal 5 damage to it.""","A Criatura Equipada possui 15 de :courage:Coragem adicional.
Se criatura for do :overworld:Outromundo ela ganha: 
""Quando a criatura equipada causa dano de :water:Água, cure 5 de energia.""",,,FALSE,FALSE,FALSE,,,"Andrew Bradshaw, David Curiel, Edwin Nebres",https://i.imgur.com/Qwfs3c7.png,https://i.imgur.com/Qwfs3c7.png,Riverland Star__dop
Skeletal Steed,Corcel Esqueleto,skeletalsteed,Skeletal Steed,Corcel Esqueleto,,,DOP-154/232,154/232,dop,uncommon,,,"Equipped Creature has ""Range"" and ""Swift 1.""
This Battlegear begins the game face-up.","A Criatura Equipada tem ""Alcance"" e ""Ágil 1"".
Este Equipamento começa o jogo virado para cima.",,,FALSE,FALSE,FALSE,,,Kozutoku matsumoto,https://i.imgur.com/8vwGnVy.png,https://i.imgur.com/8vwGnVy.png,Skeletal Steed__dop
Spectral Viewer,Visor Espectral,spectralviewer,Spectral Viewer,Visor Espectral,,,DOP-155/232,155/232,dop,rare,,,"When equipped Creature becomes engaged, Creatures engaged with it lose and cannot gain Invisibility.","Quando a Criatura Equipada entra em combate, a Criatura em combate do oponente perde e não pode ganhar Invisibilidade.",,,FALSE,FALSE,FALSE,,,"Andrew Bradshaw, Etienne St.Laurent, Edwin Nebres",https://i.imgur.com/0hn5oni.png,https://i.imgur.com/0hn5oni.png,Spectral Viewer__dop
Staff of Wisdom,Cajado da Sabedoria,staffofwisdom,Staff of Wisdom,Cajado da Sabedoria,,,DOP-156/232,156/232,dop,common,,,Equipped Creature has an additional 25 :wisdom:Wisdom.,A Ciatura Equipada possui 25 de :wisdom:Sabedoria adicional.,,,FALSE,FALSE,FALSE,,,"Edwin Nebres, Emilio Lopez",https://i.imgur.com/onFeCjn.png,https://i.imgur.com/onFeCjn.png,Staff of Wisdom__dop
Stone Mail,Armadura de Pedra,stonemail,Stone Mail,Armadura de Pedra,,,DOP-157/232,157/232,dop,ultra rare,,,"Equipped Creature cannot move.
Equipped Creature has an additional 50 Energy.
All damage dealt to equipped Creature is increased by 5.
Equipped Creature has no abilities and cannot gain abilities.","A Criatura Equipada não pode se mover.
A Criatura Equipada possui 50 de Energia adicional.
Todo o dano causado à Criatura Equipada é aumentado em 5.
A Criatura Equipada perde e não pode ganhar todas as habilidades.",,,FALSE,FALSE,FALSE,,,"Andrew Bradshaw, Jimmy Tran",https://i.imgur.com/rcpF5dr.png,https://i.imgur.com/rcpF5dr.png,Stone Mail__dop
Talisman of the Mandiblor,Talismã do Mandiblor,talismanofthemandiblor,Talisman of the Mandiblor,Talismã do Mandiblor,,,DOP-158/232,158/232,dop,super rare,,,"Equipped Creature has an additional 15 :speed:Speed.
Equipped Danian Creature has ""Sacrifice equipped Creature: Return a Mandiblor Creature Card in your general discard pile to play to any unoccupied space on the Battleboard.""","A Criatura Equipada tem 15 de :speed:Velocidade adicional.
A Criatura :danian:Danian equipada tem ""Sacrifique a Criatura Equipada: Devolva um Mandiblor do seu Descarte geral para o jogo em qualquer espaço desocupado no Tabuleiro.""",,,FALSE,FALSE,FALSE,,,"Rudy Nebres, Anthony Washington",https://i.imgur.com/ciQOuJV.png,https://i.imgur.com/ciQOuJV.png,Talisman of the Mandiblor__dop
Torrent Krinth,Temporal Krinth,torrentkrinth,Torrent Krinth,Temporal Krinth,,,DOP-159/232,159/232,dop,uncommon,,,"Equipped Creature has "":water:Water 5.""","A Criatura Equipada tem "":water:Água 5"".",,,FALSE,FALSE,FALSE,,,"Aris Illopoulos, Anthony Washington",https://i.imgur.com/1lPjYZJ.png,https://i.imgur.com/1lPjYZJ.png,Torrent Krinth__dop
Torwegg,Torwegg,torwegg,Torwegg,Torwegg,,,DOP-160/232,160/232,dop,uncommon,,,"Equipped Creature has "":air:Air 5.""","A Criatura Equipada tem "":air:Ar 5"".",,,FALSE,FALSE,FALSE,,,"Edwin Nebres, Andrew Bradshaw, David Curiel",https://i.imgur.com/Wgvf1wh.png,https://i.imgur.com/Wgvf1wh.png,Torwegg__dop
Viledriver,Viledriver,viledriver,Viledriver,Viledriver,,,DOP-161/232,161/232,dop,uncommon,,,"Equipped Creature has "":fire:Fire 5.""","A Criatura Equipada tem "":fire:Fogo 5"".",,,FALSE,FALSE,FALSE,,,"Andrew Bradshaw, Etienne St.Laurent",https://i.imgur.com/TaiMNEV.png,https://i.imgur.com/TaiMNEV.png,Viledriver__dop
Vlaric Shard,Caco de Vlaric,vlaricshard,Vlaric Shard,Caco de Vlaric,,,DOP-162/232,162/232,dop,uncommon,,,"Equipped Creature has "":earth:Earth 5.""","A Criatura Equipada tem "":earth::Terra 5"".",,,FALSE,FALSE,FALSE,,,"Adrian Barrios, David Curiel",https://i.imgur.com/D0Sqckh.png,https://i.imgur.com/D0Sqckh.png,Vlaric Shard__dop
Whepcrack,Whepcrack,whepcrack,Whepcrack,Whepcrack,,,DOP-163/232,163/232,dop,super rare,,,"Equipped Creature has an additional 15 :power:Power.
Equipped UnderWorld Creature has "":fire:Fire 5.""","A Criatura Equipada possui 15 de :power:Poder adicional.
Se a Criatura for do :underworld:Submundo ela ganha "":fire:Fogo 5"".",,,FALSE,FALSE,FALSE,,,"Andrew Bradshaw, Etienne St.Laurent, Edwin Nebres",https://i.imgur.com/k3NCFU7.png,https://i.imgur.com/k3NCFU7.png,Whepcrack__dop
Windstrider,Ventos Agudos,windstrider,Windstrider,Ventos Agudos,,,DOP-164/232,164/232,dop,super rare,,,"Equipped Creature has ""Swift 2.""
This Battlegear begins the game face-up.","A Criatura Equipada possui ""Ágil 2"".
Este Equipamento começa o jogo virado para cima.",,,FALSE,FALSE,FALSE,,,"Andrew Bradshaw, David Curiel, Edwin Nebres",https://i.imgur.com/Qq4HTuG.png,https://i.imgur.com/Qq4HTuG.png,Windstrider__dop
Danian Carapace,Carapaça Danian,daniancarapace,Danian Carapace,Carapaça Danian,,,ZOTH-56/100,56/100,zoth,super rare,,,"When equipped Creature deals damage to an Uninfected Creature, Infect that Creature.
When the equipped Creature is destroyed while engaged, destroy all Battlegear equipped to the opposing engaged Creature. Then, if that Creature is Unequipped, equip Danian carapace to it.
(Players control any Battlegear equipped to Creatures they control.)","Quando a criatura equipada causar dano a uma criatura não infectada, infecte aquela criatura.
Quando a criatura equipada for destruída em combate, destrua o Equipamento do oponente. Então, se aquela criatura estiver desequipada, equipe a Carapaça Danian nela.",,,FALSE,FALSE,FALSE,,,"Adrian Barrios, Anthony Washington",https://i.imgur.com/awD7eXN.png,https://i.imgur.com/awD7eXN.png,Danian Carapace__zoth
Elementalist Pauldrons,Brafoneiras de Elementalista,elementalistpauldrons,Elementalist Pauldrons,Brafoneiras de Elementalista,,,ZOTH-57/100,57/100,zoth,rare,,,"Equipped Creature has an additional 5 Energy and 15 :power:Power. 
Equipped Elementalist Creature has all Elemental Types your Creatures have.","A Criatura Equipada possui 5 de Energia e 15 de :power:Poder adicionais.
A Criatura Elementalista equipada possui todos os Elementos que suas criaturas possuem.",,,FALSE,FALSE,FALSE,,,Imaginary Friends Studios,https://i.imgur.com/nRUV8OX.png,https://i.imgur.com/nRUV8OX.png,Elementalist Pauldrons__zoth
Ice Cloak,Manto de Gelo,icecloak,Ice Cloak,Manto de Gelo,,,ZOTH-58/100,58/100,zoth,rare,,,"When Ice Cloak is flipped face-up, if equipped Creature is engaged with a Creature with :fire:Fire, equipped Creature gains 10 Energy.
Equipped Creature has "":fire:Fire proof 10.""","Quando Manto de Gelo é virado para cima, se a criatura equipada estiver em combate com uma criatura com :fire:Fogo, a criatura equipada ganha 10 de Energia.
A Criatura Equipada tem ""Á prova de Fogo 10"".",,,FALSE,FALSE,FALSE,,,"Adrian Barrios, Etienne St.Laurent",https://i.imgur.com/4qYLdzL.png,https://i.imgur.com/4qYLdzL.png,Ice Cloak__zoth
Mandiblor Crown,Coroa Mandiblor,mandiblorcrown,Mandiblor Crown,Coroa Mandiblor,,,ZOTH-59/100,59/100,zoth,common,,,"Equipped Creature has Creature Type ""Mandiblor"" in addition to its other types.
Equipped Creature has ""Hive: equipped Creature has an additional 5 Energy.""","A Criatura Equipada possui o Tipo de Criatura ""Mandiblor"" além de seus outros tipos.
A Criatura Equipada possui ""Multidão: a Criatura equipada tem 5 de Energia adicional.""",,,FALSE,FALSE,FALSE,,,"Andrew Bradshaw, Etienne St.Laurent",https://i.imgur.com/GIuqyyp.png,https://i.imgur.com/GIuqyyp.png,Mandiblor Crown__zoth
Scout's Monocular,Monócolo de Explorador,scoutsmonocular,Scout's Monocular,Monócolo de Explorador,,,ZOTH-60/100,60/100,zoth,common,,,"Equipped Creature has an additional 5 Energy and 15 :wisdom:Wisdom.
Equipped Scout Creature has :genericmugic:: Turn target face-down Battlegear face-up.""","A Criatura Equipada possui 5 de Energia e 15 de :wisdom:Sabedoria adicionais.
Se a Criatura for um Explorador ela ganha:
"":genericmugic::Vire para cima o Equipamento Alvo virado pra baixo"".",,,FALSE,FALSE,FALSE,,,"Andrew Bradshaw, Etienne St.Laurent",https://i.imgur.com/O3V6LTV.png,https://i.imgur.com/O3V6LTV.png,Scout's Monocular__zoth
Stingblade Prototype,Protótipo de Espada de Espinho,stingbladeprototype,Stingblade Prototype,Protótipo de Espada de Espinho,,,ZOTH-61/100,61/100,zoth,super rare,,,"When Hive is activated, the next time an Attack would deal damage this turn, it deals 10 damage instead.","Quando Multidão é ativada, o próximo Ataque que causaria dano neste turno, causa 10 de dano.",,,TRUE,FALSE,FALSE,,,Imaginary Friends Studios,https://i.imgur.com/chUhMt2.png,https://i.imgur.com/chUhMt2.png,Stingblade Prototype__zoth
Supercharged Alterant,Alterador Supercarregado,superchargedalterant,Supercharged Alterant,Alterador Supercarregado,,,ZOTH-62/100,62/100,zoth,uncommon,,,"When Supercharged Alterant is flipped face-up, choose a Discipline. Equipped Creature gains 100 in the chosen Discipline.","Quando o Alterador Supercarregado for virado para cima, escolha uma Disciplina. 
A Criatura Equipada ganha 100 da Disciplina escolhida.",,,FALSE,FALSE,FALSE,,,"Khary Randolph, Emilio Lopez",https://i.imgur.com/UsgTdkw.png,https://i.imgur.com/UsgTdkw.png,Supercharged Alterant__zoth
Sword of Khy'at,Espada de Khy'at,swordofkhyat,Sword of Khy'at,Espada de Khy'at,,,ZOTH-63/100,63/100,zoth,uncommon,,,"Equipped Creature has an additional 5 Energy and 15 :speed:Speed. 
Equipped Warrior Creature has ""When equipped Creature deals 20 or more attack damage, deal 5 damage to target Creature.""","A Criatura Equipada possui 5 de Energia e 15 de :speed:Velocidade adicionais.
Se a Criatura for um Guerreiro ela ganha:
""Quando a Criatura Equipada causar 20 ou mais de dano de ataque, cause 5 de dano à Criatura alvo.""",,,FALSE,FALSE,FALSE,,,"Patrick Gagne, Etienne St.Laurent",https://i.imgur.com/WzgSGFa.png,https://i.imgur.com/WzgSGFa.png,Sword of Khy'at__zoth
Telebracers,Telebraceletes,telebracers,Telebracers,Telebraceletes,,,ZOTH-64/100,64/100,zoth,super rare,,,"When Telebracers is flipped face-up, reveal a new active Location.","Quando Telebraceletes for virado para cima, revele um novo Local ativo.",,,FALSE,FALSE,FALSE,,,"Andrew Bradshaw, Etienne St.Laurent",https://i.imgur.com/ARdx2DC.png,https://i.imgur.com/ARdx2DC.png,Telebracers__zoth
Ur-Shard,Caco de Ur,urshard,Ur-Shard,Caco de Ur,,,ZOTH-65/100,65/100,zoth,ultra rare,,,"Equipped Creature has "":earth:Earth 5"" and ""Recklessness 5.""
If equipped Creature is destroyed while engaged, destroy all Battlegear equipped to the opposing engaged Creature. Then, if that Creature is Unequipped, equip Ur-Shard to it.
(Players control any Battlegear equipped to Creatures they control.)","A Criatura Equipada possui "":earth:Terra 5"" e ""Descuido 5"".
Se a Criatura Equipada for destruída em combate, destrua o Equipamento do oponente. Então, se ela estiver desequipada, equipe Caco de Ur nela.
(Os jogadores controlam quaisquer Equipamentos de Batalha equipados nas criaturas que controlam.)",,,FALSE,FALSE,FALSE,,,"Khary Randolph, Etienne St.Laurent",https://i.imgur.com/dx70GJj.png,https://i.imgur.com/dx70GJj.png,Ur-Shard__zoth
Challor,Challor,challor,Challor,Challor,,,SS-66/100,66/100,ss,super rare,,,"Equipped Creature cannot be targeted by abilities.
This Battlegear begins the game face-up.","A Criatura Equipada não pode ser alvo de habilidades.
Este Equipamento começa o jogo virado para cima.",,,FALSE,FALSE,FALSE,,,HotShotsVFX,https://i.imgur.com/8rp1tPo.png,https://i.imgur.com/8rp1tPo.png,Challor__ss
Entropy Modulator,Modulador de Entropia,entropymodulator,Entropy Modulator,Modulador de Entropia,,,SS-68/100,68/100,ss,common,,,Sacrifice Entropy Modulator: Target attack deals 15 damage.,Sacrifique o Modulador de Entropia: O ataque alvo causa 15 de dano.,,,FALSE,FALSE,FALSE,,,HotShotsVFX,https://i.imgur.com/MSFDBeJ.png,https://i.imgur.com/MSFDBeJ.png,Entropy Modulator__ss
Heptadd's Crown,Coroa de Heptadd,heptaddscrown,Heptadd's Crown,Coroa de Heptadd,,,SS-69/100,69/100,ss,rare,,,"Equipped Creature can play Mugic of any tribe. 
When a Mugic or ability is played by equipped Creature, deal 10 damage to it.
This Battlegear begins the game face-up.","A Criatura Equipada pode usar Mugics de qualquer tribo.
Quando a criatura equipada usa um Mugic ou habilidade ela sofre 10 dano.
Este Equipamento começa o jogo virado para cima.",,,TRUE,FALSE,FALSE,,,HotShotsVFX,https://i.imgur.com/rpOh1gg.png,https://i.imgur.com/rpOh1gg.png,Heptadd's Crown__ss
Hunter's Lure,Isca do Caçador,hunterslure,Hunter's Lure,Isca do Caçador,,,SS-70/100,70/100,ss,uncommon,,,Sacrifice Hunter's Lure: Relocate both engaged Creatures to any unoccupied space on the Battleboard.,Sacrifique a Isca do Caçador: Mova ambas as criaturas em combate para qualquer espaço desocupado do Tabuleiro.,,,FALSE,FALSE,FALSE,,,HotShotsVFX,https://i.imgur.com/T4GrsUb.png,https://i.imgur.com/T4GrsUb.png,Hunter's Lure__ss
Lightning Canister,Cápsula de Raios,lightningcanister,Lightning Canister,Cápsula de Raios,,,SS-71/100,71/100,ss,common,,,"Equipped Creature has an additional 5 Energy. 
When Lightning Canister is put into your general discard pile from face-up, deal 5 damage to target engaged Creature.","A Criatura Equipada tem 5 de Energia adicional.
Quando a Cápsula de Raios for colocada no seu Descarte geral enquanto virada para cima, cause 5 de dano à Criatura alvo em combate.",,,FALSE,FALSE,FALSE,,,HotShotsVFX,https://i.imgur.com/8Pi76oa.png,https://i.imgur.com/8Pi76oa.png,Lightning Canister__ss
Ravita Flower,Flor de Ravita,ravitaflower,Ravita Flower,Flor de Ravita,,,SS-72/100,72/100,ss,common,,,"Equipped Creature has an additional 5 Energy. 
Sacrifice Ravita Flower: Put 2 Mugic counters on target Conjuror Creature.","A Criatura Equipada tem 5 de Energia adicional.
Sacrifique Flor de Ravita: Conjurador alvo ganha :genericmugic::genericmugic:.",,,FALSE,FALSE,FALSE,,,HotShotsVFX,https://i.imgur.com/l8DiCKA.png,https://i.imgur.com/l8DiCKA.png,Ravita Flower__ss
Reality Field Generator,Gerador de Campos de Realidade,realityfieldgenerator,Reality Field Generator,Gerador de Campos de Realidade,,,SS-73/100,73/100,ss,rare,,,"When equipped Creature enters a space with a Mirage Location, shuffle that Mirage Location into its controller's Location Deck. 
Mirage Locations cannot be placed in equipped Creature's space.","Quando a Criatura Equipada entrar em um espaço com um Local Miragem, embaralhe esse Local Miragem no baralho de Locais do seu dono.
Locais Miragem não podem ser colocados no espaço da criatura equipada.",,,FALSE,FALSE,FALSE,,,HotShotsVFX,https://i.imgur.com/ooAIbdG.png,https://i.imgur.com/ooAIbdG.png,Reality Field Generator__ss
The Doomhammer,O Doomammer,thedoomhammer,The Doomhammer,O Doomammer,,,SS-67/100,67/100,ss,ultra rare,,,"Equipped Creature deals an additional 5 Attack damage to UnderWorld and Danian Creatures.
Equipped Danian Creature has "":earth:Earth 5.""
Equipped UnderWorld Creature has an additional 50 :power:Power.","A Criatura Equipada causa 5 de dano de ataque adicional a criaturas do :underworld:Submundo e :danian:Danians.
O :danian:Danian equipado tem "":earth:Terra 5"".
O :underworld:Submundano equipado tem 50 de :power:Poder adicional.",,,TRUE,FALSE,FALSE,,,HotShotsVFX,https://i.imgur.com/nj3cDhO.png,https://i.imgur.com/nj3cDhO.png,The Doomhammer__ss
Warbeast Power Leash,Coleira de Fera da Guerra,warbeastpowerleash,Warbeast Power Leash,Coleira de Fera da Guerra,,,SS-74/100,74/100,ss,super rare,,,"Equipped Creature has an additional 5 Energy. 
Equipped Warbeast Creature has ""Recklessness 5,"" has an additional 5 Energy for each Conjuror Creature you control and deals an additional 5 damage with attacks.","A Criatura Equipada possui 5 de Energia adicional.
Se for uma Fera da Guerra ela ganha:
""Descuido 5"", 5 de Energia adicional para cada Conjurador no seu time e seus ataques causam 5 de dano adicional.",,,FALSE,FALSE,FALSE,,,HotShotsVFX,https://i.imgur.com/sewW8cU.png,https://i.imgur.com/sewW8cU.png,Warbeast Power Leash__ss
Wind Whip,Chicote de Vento,windwhip,Wind Whip,Chicote de Vento,,,SS-75/100,75/100,ss,uncommon,,,"Equipped Mipedian Creature has :air:Air.
If equipped Creature is a Conjuror Creature, Warbeast Creatures you control have ""Recklessness 5.""",":mipedian:Mipedian equipado ganha :air:Ar.
Se a Criatura equipada for um Conjurador, Feras da Guerra que você controla ganham ""Descuido 5.""",,,FALSE,FALSE,FALSE,,,HotShotsVFX,https://i.imgur.com/Uie1SgI.png,https://i.imgur.com/Uie1SgI.png,Wind Whip__ss
Aerodrone,Aerodrone,aerodrone,Aerodrone,Aerodrone,,,BTD-126/222,126/222,btd,super rare,,,"When equipped Creature deals :air:Air damage, you can look at the top four cards of your Attack Deck and put them back on top in any order.","Quando a Criatura equipada causa dano de :air:Ar, você pode olhar as quatro cartas do topo do seu Baralho de Ataque e colocá-las de volta no topo em qualquer ordem.",,,FALSE,FALSE,FALSE,,,HotShotsVFX,https://i.imgur.com/yYQUlTw.png,https://i.imgur.com/yYQUlTw.png,Aerodrone__btd
Algal Wings of Attraction,Asas Algais da Atração,algalwingsofattraction,Algal Wings of Attraction,Asas Algais da Atração,,,BTD-127/222,127/222,btd,ultra rare,,,Adjacent Creatures to equipped Creature must move into its space if able.,"As Criaturas adjacentes à Criatura equipada devem se mover para o espaço dela, se possível.",,,TRUE,FALSE,FALSE,,,HotShotsVFX,https://i.imgur.com/QujDths.png,https://i.imgur.com/QujDths.png,Algal Wings of Attraction__btd
Alluring Bait,Isca Fascinante,alluringbait,Alluring Bait,Isca Fascinante,,,BTD-128/222,128/222,btd,rare,,,"Equipped Creature has ""Discard a Mugic Card: Relocate target opposing unengaged Creature to any unoccupied space adjacent to this Creature.""","A Criatura Equipada ganha:
""Descarte um Mugic: Mova a criatura alvo não combatente para qualquer espaço desocupado adjacente a esta criatura.""",,,FALSE,FALSE,FALSE,,,HotShotsVFX,https://i.imgur.com/Stfc6B1.png,https://i.imgur.com/Stfc6B1.png,Alluring Bait__btd
Aspect Amplifier: Agility,Amplificador de Aspecto: Agilidade,aspectamplifieragility,Aspect Amplifier: Agility,Amplificador de Aspecto: Agilidade,,,BTD-129/222,129/222,btd,common,,,"Equipped Creature has ""Outperform :speed:Speed 5."" (Outperform increases the damage of attacks that success at least one Stat Check, Challenge, or Stat Fail of the indicated Discipline.)","A Criatura Equipada possui:
""Exceder: :speed:Velocidade 5"".",,,FALSE,FALSE,FALSE,,,HotShotsVFX,https://i.imgur.com/CxYXfO5.png,https://i.imgur.com/CxYXfO5.png,Aspect Amplifier: Agility__btd
Aspect Amplifier: Bravery,Amplificador de Aspecto: Bravura,aspectamplifierbravery,Aspect Amplifier: Bravery,Amplificador de Aspecto: Bravura,,,BTD-130/222,130/222,btd,common,,,"Equipped Creature has ""Outperform :courage:Courage 5."" (Outperform increases the damage of attacks that success at least one Stat Check, Challenge, or Stat Fail of the indicated Discipline.)","A Criatura Equipada possui:
""Exceder: :courage:Coragem 5"".",,,FALSE,FALSE,FALSE,,,Imaginary Friends Studios,https://i.imgur.com/3yzudhs.png,https://i.imgur.com/3yzudhs.png,Aspect Amplifier: Bravery__btd
Aspect Amplifier: Might,Amplificador de Aspecto: Força,aspectamplifiermight,Aspect Amplifier: Might,Amplificador de Aspecto: Força,,,BTD-131/222,131/222,btd,common,,,"Equipped Creature has ""Outperform :power:Power 5."" (Outperform increases the damage of attacks that success at least one Stat Check, Challenge, or Stat Fail of the indicated Discipline.)","A Criatura Equipada possui:
""Exceder: :power:Poder 5"".",,,FALSE,FALSE,FALSE,,,Imaginary Friends Studios,https://i.imgur.com/54jlmZy.png,https://i.imgur.com/54jlmZy.png,Aspect Amplifier: Might__btd
Aspect Amplifier: Wit,Amplificador de Aspecto: Sagacidade,aspectamplifierwit,Aspect Amplifier: Wit,Amplificador de Aspecto: Sagacidade,,,BTD-132/222,132/222,btd,common,,,"Equipped Creature has ""Outperform :wisdom:Wisdom 5."" (Outperform increases the damage of attacks that success at least one Stat Check, Challenge, or Stat Fail of the indicated Discipline.)","A Criatura Equipada possui:
""Exceder: :wisdom:Sabedoria 5"".",,,FALSE,FALSE,FALSE,,,Imaginary Friends Studios,https://i.imgur.com/PBPUTF0.png,https://i.imgur.com/PBPUTF0.png,Aspect Amplifier: Wit__btd
Brain Amplifier,Amplificador Cerebral,brainamplifier,Brain Amplifier,Amplificador Cerebral,,,BTD-133/222,133/222,btd,super rare,,,"Equipped Creature has an additional 15 :wisdom:Wisdom and 5 Energy.
When equipped Creature wins combat, put a Mugic counter on it.","A Criatura Equipada possui 15 de :wisdom:Sabedoria e 5 de Energia adicionais.
Quando a Criatura equipada vencer um combate, coloque um :genericmugic: nela.",,,FALSE,FALSE,FALSE,,,HotShotsVFX,https://i.imgur.com/J73G94I.png,https://i.imgur.com/J73G94I.png,Brain Amplifier__btd
Breath of the Desert,Sopro do Deserto,breathofthedesert,Breath of the Desert,Sopro do Deserto,,,BTD-134/222,134/222,btd,uncommon,,,"Equipped Creature has an additional 10 :speed:Speed. 
Sacrifice Breath of the Desert: equipped Creature gains "":air:Air 5."" Play this ability only while equipped Creature is engaged.","A Criatura Equipada tem 10 de :speed:Velocidade adicional.
Sacrifique Sopro do Deserto: a Criatura equipada ganha "":air:Ar 5"".
Use esta habilidade somente enquanto a Criatura equipada estiver em combate.",,,FALSE,FALSE,FALSE,,,HotShotsVFX,https://i.imgur.com/tPVU6AY.png,https://i.imgur.com/tPVU6AY.png,Breath of the Desert__btd
Destructozooka,Destructozooka,destructozooka,Destructozooka,Destructozooka,,,BTD-135/222,135/222,btd,rare,,,"When Destructozooka is flipped face-up, choose an Elemental Type. Equipped Creature gains the chosen Elemental Type and ""Element 5"" of the chosen Elemental Type.","Quando Destructozooka for virada para cima, escolha um Elemento.
A Criatura equipada ganha o Elemento escolhido e o ""Elemento 5"" do Elemento escolhido.",,,FALSE,FALSE,FALSE,,,"David Curiel, Andrew Bradshaw",https://i.imgur.com/3TKQrcO.png,https://i.imgur.com/3TKQrcO.png,Destructozooka__btd
Hive Amber,Âmbar da Multidão,hiveamber,Hive Amber,Âmbar da Multidão,,,BTD-136/222,136/222,btd,rare,,,"Sacrifice Hive Amber: Activate Hive.
If Hive Amber is in your general discard pile, when a Mandiblor Creature you control leaves play, you can return Hive Amber to play equipped to an Unequipped Creature you control.","Sacrifique Âmbar da Multidão: Ative Multidão.
Se Âmbar da Multidão estiver no seu Descarte quando um Mandiblor que você controla sair de jogo, você poderá retornar Âmbar da Multidão ao jogo equipando a uma Criatura desequipada que você controla.",,,FALSE,FALSE,FALSE,,,HotShotsVFX,https://i.imgur.com/sIi0fSJ.png,https://i.imgur.com/sIi0fSJ.png,Hive Amber__btd
Kha'rall Husk Armor,Carapaça Kha'rall,kharallhuskarmor,Kha'rall Husk Armor,Carapaça Kha'rall,,,BTD-137/222,137/222,btd,rare,,,"Equipped Creature has an additional 50 Energy.
When equipped Creature is dealt 15 or more attack damage, the next attack played by the equipped Creature this turn deals 0 damage.","A Criatura Equipada possui 50 de Energia adicional.
Quando a Criatura Equipada sofrer 15 ou mais de dano de ataque, o próximo ataque realizado por ela neste turno causará 0 de dano.",,,TRUE,FALSE,FALSE,,,HotShotsVFX,https://i.imgur.com/h7UbQqU.png,https://i.imgur.com/h7UbQqU.png,Kha'rall Husk Armor__btd
Manual of Vidav,Manual do Vidav,manualofvidav,Manual of Vidav,Manual do Vidav,,,BTD-138/222,138/222,btd,uncommon,,,"Equipped Creature has an additional 10 :wisdom:Wisdom. 
Sacrifice Manual of Vidav: Heal 15 damage to equipped Creature. Play this ability only while equipped Creature is engaged.","A Criatura Equipada possui 10 de :wisdom:Sabedoria adicional.
Sacrifique o Manual do Vidav: cure 15 de dano à Criatura equipada. 
Use esta habilidade somente enquanto a Criatura equipada estiver em combate.",,,FALSE,FALSE,FALSE,,,HotShotsVFX,https://i.imgur.com/8dBpbDb.png,https://i.imgur.com/8dBpbDb.png,Manual of Vidav__btd
Maxxor's Torch,Tocha do Maxxor,maxxorstorch,Maxxor's Torch,Tocha do Maxxor,,,BTD-139/222,139/222,btd,super rare,,,Sacrifice Maxxor's Torch: Target opponent chooses a M'arrillian or Minion Creature they control. Maxxor's Torch deals 25 damage to the chosen Creature.,"Sacrifique a Tocha do Maxxor: O oponente alvo escolhe uma Criatura :marrillian:M'arrillian ou Lacaio que ele controla.
A Tocha de Maxxor causa 25 de dano à criatura escolhida.",,,TRUE,FALSE,FALSE,,,HotShotsVFX,https://i.imgur.com/Kea5BCP.png,https://i.imgur.com/Kea5BCP.png,Maxxor's Torch__btd
Mind Prism,Prisma da Mente,mindprism,Mind Prism,Prisma da Mente,,,BTD-140/222,140/222,btd,uncommon,,,Equipped Creature has an additional 10 Energy.,A Criatura Equipada possui 10 de Energia adicional.,,,FALSE,FALSE,FALSE,,,HotShotsVFX,https://i.imgur.com/YXWvz2f.png,https://i.imgur.com/YXWvz2f.png,Mind Prism__btd
Mindclasp,Agarramente,mindclasp,Mindclasp,Agarramente,,,BTD-141/222,141/222,btd,rare,,,"When a source controlled by an opponent reduces any of equipped Creature's Disciplines, Mindclasp deals 5 damage to target engaged Creature.","Quando uma fonte controlada pelo oponente reduz qualquer Disciplina da Criatura equipada, Agarramente causa 5 de dano à Criatura alvo em combate.",,,FALSE,FALSE,FALSE,,,HotShotsVFX,https://i.imgur.com/s9FXRTL.png,https://i.imgur.com/s9FXRTL.png,Mindclasp__btd
Mirrors of Misplacement,Espelhos do Deslocamento,mirrorsofmisplacement,Mirrors of Misplacement,Espelhos do Deslocamento,,,BTD-142/222,142/222,btd,super rare,,,"When a Mugic Card is put into a general discard pile, discard an Attack Card and draw an Attack Card.","Quando um Mugic for para o Descarte, descarte um Ataque e compre um Ataque.",,,FALSE,FALSE,FALSE,,,HotShotsVFX,https://i.imgur.com/8yQ6Noi.png,https://i.imgur.com/8yQ6Noi.png,Mirrors of Misplacement__btd
Parasite Tablet,Pílula do Parasita,parasitetablet,Parasite Tablet,Pílula do Parasita,,,BTD-143/222,143/222,btd,uncommon,,,"Equipped Creature has an additional 10 :courage:Courage. 
Sacrifice Parasite Tablet: equipped Creature gains Creature Type ""Mandiblor"" in addition to its other types. Play this ability only while equipped Creature is engaged.","A Criatura Equipada possui 10 de :courage:Coragem adicional.
Sacrifique Pílula do Parasita: a Criatura equipada ganha o Tipo ""Mandiblor"" além de seus outros tipos.
Esta habilidade só pode ser usada em combate.",,,FALSE,FALSE,FALSE,,,HotShotsVFX,https://i.imgur.com/YRxmXNd.png,https://i.imgur.com/YRxmXNd.png,Parasite Tablet__btd
Phobia Tabard,Tabardo de Fobia,phobiatabard,Phobia Tabard,Tabardo de Fobia,,,BTD-145/222,145/222,btd,uncommon,,,"Equipped Creature has ""Intimidate: :wisdom:Wisdom 10"" and ""Intimidate: :speed:Speed 10.""","A Criatura Equipada tem ""Intimidar: :wisdom:Sabedoria 10"" e ""Intimidar: :speed:Velocidade 10"".",,,FALSE,FALSE,FALSE,,,Imaginary Friends Studios,https://i.imgur.com/aa4DQEd.png,https://i.imgur.com/aa4DQEd.png,Phobia Tabard__btd
Plasma Pounder,Canhão de Plasma,plasmapounder,Plasma Pounder,Canhão de Plasma,,,BTD-147/222,147/222,btd,super rare,,,"When equipped Creature deals :earth:Earth damage, you can look at the top two cards of your Location Deck. Put one of them on top and the other on the bottom.","Quando a Criatura equipada causa dano de :earth:Terra, você pode olhar as duas cartas do topo do seu Baralho de Locais.
Coloque uma delas no topo e a outra no fundo.",,,TRUE,FALSE,FALSE,,,HotShotsVFX,https://i.imgur.com/t9jtcKw.png,https://i.imgur.com/t9jtcKw.png,Plasma Pounder__btd
Prism of Fright,Prisma do Medo,prismoffright,Prism of Fright,Prisma do Medo,,,BTD-148/222,148/222,btd,common,,,"Equipped Creature has an additional 5 Energy. 
Sacrifice Prism of Fright: Target Creature loses 20 :courage:Courage.","A Criatura equipada possui 5 de Energia adicional.
Sacrifique Prisma do Medo: a Criatura alvo perde 20 de :courage:Coragem.",,,FALSE,FALSE,FALSE,,,HotShotsVFX,https://i.imgur.com/XtygqXr.png,https://i.imgur.com/XtygqXr.png,Prism of Fright__btd
Prism of Mindlessness,Prisma da Inconsciência,prismofmindlessness,Prism of Mindlessness,Prisma da Inconsciência,,,BTD-149/222,149/222,btd,common,,,"Equipped Creature has an additional 5 Energy.
Sacrifice Prism of Mindlessness: Target Creature loses 20 :wisdom:Wisdom.","A Criatura equipada possui 5 de Energia adicional.
Sacrifique Prisma da Inconsciência: a Criatura alvo perde 20 de :wisdom:Sabedoria.",,,FALSE,FALSE,FALSE,,,HotShotsVFX,https://i.imgur.com/Cej4kqf.png,https://i.imgur.com/Cej4kqf.png,Prism of Mindlessness__btd
Prism of Sloth,Prisma da Preguiça,prismofsloth,Prism of Sloth,Prisma da Preguiça,,,BTD-150/222,150/222,btd,common,,,"Equipped Creature has an additional 5 Energy.
Sacrifice Prism of Sloth: Target Creature loses 20 :speed:Speed.","A Criatura Equipada tem 5 de Energia adicional.
Sacrifique Prisma da Preguiça: a Criatura alvo perde 20 de :speed:Velocidade.",,,FALSE,FALSE,FALSE,,,HotShotsVFX,https://i.imgur.com/0MK3vY0.png,https://i.imgur.com/0MK3vY0.png,Prism of Sloth__btd
Reefshard,Caco de Recife,reefshard,Reefshard,Caco de Recife,,,BTD-152/222,152/222,btd,rare,,,"While any player controls a Chieftain Creature, equipped Creature has an additional 10 in all Disciplines.","Enquanto qualquer jogador controlar uma Criatura Chefe, a Criatura equipada terá mais 10 em todas as Disciplinas.",,,FALSE,FALSE,FALSE,,,HotShotsVFX,https://i.imgur.com/BREeDre.png,https://i.imgur.com/BREeDre.png,Reefshard__btd
Sinister Statuette,Estatueta Sinistra,sinisterstatuette,Sinister Statuette,Estatueta Sinistra,,,BTD-153/222,153/222,btd,uncommon,,,"When equipped Creature deals 15 or more attack damage, opposing engaged Creature loses 10 in a Discipline of your choice.","Quando a Criatura equipada, causa 15 ou mais de dano de ataque; a Criatura em combate do oponente perde 10 em uma Disciplina de sua escolha.",,,FALSE,FALSE,FALSE,,,Imaginary Friends Studios,https://i.imgur.com/gOs8DYa.png,https://i.imgur.com/gOs8DYa.png,Sinister Statuette__btd
The Pit Token,O Emblema das Covas,thepittoken,The Pit Token,O Emblema das Covas,,,BTD-146/222,146/222,btd,uncommon,,,"Equipped Creature has an additional 10 :power:Power. 
Sacrifice The Pit Token: Deal 10 damage to target engaged Creature. Play this ability only while equipped Creature is engaged.","A Criatura Equipada tem 10 de :power:Poder adicional.
Sacrifique O Emblema das Covas: cause 10 de dano à Criatura em combate alvo.
Esta habilidade só pode ser usada em combate.",,,FALSE,FALSE,FALSE,,,HotShotsVFX,https://i.imgur.com/VWbvuTB.png,https://i.imgur.com/VWbvuTB.png,The Pit Token__btd
Ulmar's Bionic Steam Arms,Braço Biônico a Vapor do Ulmar,ulmarsbionicsteamarms,Ulmar's Bionic Steam Arms,Braço Biônico a Vapor do Ulmar,,,BTD-154/222,154/222,btd,rare,,,"Equipped Creature deals an additional 5 damage with attacks. 
If equipped Creature deals more than 20 damage with a single attack, sacrifice Ulmar's Bionic Steam Arms and deal 20 damage to the equipped Creature.","Os ataques da Criatura equipada causam 5 de dano adicional.
Se a Criatura equipada causar mais de 20 de dano com um único ataque, sacrifique Braço Biônico a Vapor do Ulmar e cause 20 de dano à Criatura equipada.",,,FALSE,FALSE,FALSE,,,Imaginary Friends Studios,https://i.imgur.com/7k5sZJ8.png,https://i.imgur.com/7k5sZJ8.png,Ulmar's Bionic Steam Arms__btd
Ulmar's Projector,Projetor do Ulmar,ulmarsprojector,Ulmar's Projector,Projetor do Ulmar,,,BTD-155/222,155/222,btd,rare,,,"Equipped Creature has 10 less Energy.
When equipped Creature is destroyed while engaged, return it from the discard pile to play to any unoccupied space on your side of the Battleboard.","A Criatura Equipada tem 10 de Energia a menos.
Quando a Criatura Equipada for destruída em combate, retorne-a do Descarte para o jogo em qualquer espaço desocupado do seu lado do Tabuleiro.",,,TRUE,FALSE,FALSE,,,HotShotsVFX,https://i.imgur.com/ZLlxP8Q.png,https://i.imgur.com/ZLlxP8Q.png,Ulmar's Projector__btd
Baton of Aa'une,Bastão de Aa'une,batonofaaune,Baton of Aa'une,Bastão de Aa'une,,,ROTO-67/100,67/100,roto,uncommon,,,"Equipped Creature has an additional 5 Energy. 
Equipped Chieftain Creature has "":water:Water 5.""","A Criatura Equipada possui 5 de Energia adicional.
Se a Criatura equipada for um Chefe ela ganha "":water:Água 5.""",,,FALSE,FALSE,FALSE,,,HotShotsVFX,https://i.imgur.com/7s8yNHt.png,https://i.imgur.com/7s8yNHt.png,Baton of Aa'une__roto
Dractyl Scales,Escamas do Dractyl,dractylscales,Dractyl Scales,Escamas do Dractyl,,,ROTO-68/100,68/100,roto,common,,,"Sacrifice Dractyl Scales: equipped Creature gains 10 Energy and target Creature loses 10 to all Disciplines. If Dractyl Scales was equipped to H'earring, it gains an additional 10 Energy.","Sacrifique Escamas do Dractyl: a Criatura Equipada ganha 10 de Energia e a Criatura alvo perde 10 em todas as Disciplinas.
Se H'earring for a Criatura Equipada, ele ganha 10 de Energia adicional.",,,FALSE,FALSE,FALSE,,,HotShotsVFX,https://i.imgur.com/jffjL91.png,https://i.imgur.com/jffjL91.png,Dractyl Scales__roto
Kha'rall Amber Shard,Caco Kha'rall Âmbar,kharallambershard,Kha'rall Amber Shard,Caco Kha'rall Âmbar,,,ROTO-69/100,69/100,roto,uncommon,Shard,Caco,"Equipped M'arrillian or Minion Creature has :earth:Earth. 
Equipped Kha'rall Creature has an additional 25 Energy and ""Defender: Minion."" 
This Battlegear begins the game face-up.","A Criatura :marrillian:M'arrillian ou Lacaio equipada ganha :earth:Terra.
A Criatura Kha'rall equipada ganha 25 de Energia adicional e ""Defensor: Lacaio"".
Este Equipamento começa o jogo virado para cima.",,,FALSE,FALSE,FALSE,,,Imaginary Friends Studios,https://i.imgur.com/rY6JiL4.png,https://i.imgur.com/rY6JiL4.png,Kha'rall Amber Shard__roto
Kha'rall Chime Shard,Caco Kha'rall da Harmonia,kharallchimeshard,Kha'rall Chime Shard,Caco Kha'rall da Harmonia,,,ROTO-70/100,70/100,roto,uncommon,Shard,Caco,"Equipped M'arrillian or Minion Creature has :air:Air. 
Equipped Kha'rall Creature has an additional 25 Energy and ""Defender: Kha'rall."" 
This Battlegear begins the game face-up.","A Criatura :marrillian:M'arrillian ou Lacaio equipada ganha :air:Ar.
A Criatura Kha'rall equipada ganha 25 de Energia adicional e ""Defensor: Kha'rall"".
Este Equipamento começa o jogo virado para cima.",,,FALSE,FALSE,FALSE,,,Imaginary Friends Studios,https://i.imgur.com/wYC6T8m.png,https://i.imgur.com/wYC6T8m.png,Kha'rall Chime Shard__roto
Kha'rall Freshwater Shard,Caco Kha'rall de Água Doce,kharallfreshwatershard,Kha'rall Freshwater Shard,Caco Kha'rall de Água Doce,,,ROTO-71/100,71/100,roto,rare,Shard,Caco,"Equipped M'arrillian or Minion Creature has :water:Water. 
Equipped Kha'rall Creature has an additional 25 Energy and ""Defender: Fluidmorpher."" 
This Battlegear begins the game face-up.","A Criatura :marrillian:M'arrillian ou Lacaio equipada ganha :water:Água.
A Criatura Kha'rall equipada ganha 25 de Energia adicional e ""Defensor: Fluidomorfo"".
Este Equipamento começa o jogo virado para cima.",,,FALSE,FALSE,FALSE,,,Imaginary Friends Studios,https://i.imgur.com/xLqt2G9.png,https://i.imgur.com/xLqt2G9.png,Kha'rall Freshwater Shard__roto
Kha'rall Magma Shard,Caco Kha'rall de Magma,kharallmagmashard,Kha'rall Magma Shard,Caco Kha'rall de Magma,,,ROTO-72/100,72/100,roto,rare,Shard,Caco,"Equipped M'arrillian or Minion Creature has :fire:Fire. 
Equipped Kha'rall Creature has an additional 25 Energy and ""Defender: Chieftain."" 
This Battlegear begins the game face-up.","A Criatura :marrillian:M'arrillian ou Lacaio equipada ganha :marrillian:Fogo.
A Criatura Kha'rall equipada ganha 25 de Energia adicional e ""Defensor: Chefe"".
Este Equipamento começa o jogo virado para cima.",,,FALSE,FALSE,FALSE,,,Imaginary Friends Studios,https://i.imgur.com/tsjkfXO.png,https://i.imgur.com/tsjkfXO.png,Kha'rall Magma Shard__roto
Kha'rall Shard of the Tidal Crest,Caco Kha'rall da Crista da Maré,kharallshardofthetidalcrest,Kha'rall Shard of the Tidal Crest,Caco Kha'rall da Crista da Maré,,,ROTO-73/100,73/100,roto,ultra rare,Shard,Caco,"Equipped M'arrillian or Minion Creature has "":water:Water 5.""
At the beginning of combat, equipped Kha'rall Creature gains 40 Energy if there are 8 or more Mugic counters among Creatures you control.
This Battlegear begins the game face-up.","A Criatura :marrillian:M'arrillian ou Lacaio equipada ganha "":water:Água 5.""
No início do combate, a Criatura Kha'rall equipada ganha 40 de Energia se houver 8 ou mais :genericmugic: entre as criaturas que você controla. Este Equipamento começa o jogo virado para cima.",,,TRUE,FALSE,FALSE,,,Imaginary Friends Studios,https://i.imgur.com/CtcFiGU.png,https://i.imgur.com/CtcFiGU.png,Kha'rall Shard of the Tidal Crest__roto
Liquid Thought Evaporator,Evaporador de Pensamento Líquido,liquidthoughtevaporator,Liquid Thought Evaporator,Evaporador de Pensamento Líquido,,,ROTO-74/100,74/100,roto,rare,,,"Attacks played by equipped Creature also count as :water:Water attacks.
When Liquid Thought Evaporator is flipped face-down, put a Mugic counter on the equipped Fluidmorpher Creature.","Os ataques realizados pela Criatura equipada também contam como ataques de :water:Água.
Quando o Evaporador de Pensamento Líquido for virado para baixo, coloque um :genericmugic: na Criatura Fluidomorfo equipada.",,,FALSE,FALSE,FALSE,,,HotShotsVFX,https://i.imgur.com/j6oAY4c.png,https://i.imgur.com/j6oAY4c.png,Liquid Thought Evaporator__roto
Phobia Plates,Placas de Fobia,phobiaplates,Phobia Plates,Placas de Fobia,,,ROTO-75/100,75/100,roto,super rare,,,"Creatures engaged with equipped Creature fail all Challenges on attacks they play. 
Equipped Creature takes 10 less damage from Mugic.","Criaturas em combate com a Criatura equipada falham em todos os Desafios nos ataques que realizarem.
A Criatura equipada recebe 10 dano a menos de Mugics.",,,FALSE,FALSE,FALSE,,,HotShotsVFX,https://i.imgur.com/N7XA3Sy.png,https://i.imgur.com/N7XA3Sy.png,Phobia Plates__roto
Vial of Liquid Thought,Frasco de Pensamento Líquido,vialofliquidthought,Vial of Liquid Thought,Frasco de Pensamento Líquido,,,ROTO-76/100,76/100,roto,common,,,"Sacrifice Vial of Liquid Thought: Return an Attack Card from your Attack Discard pile to your hand. If you do, place one Attack Card from your hand on the bottom of your Attack Deck.","Sacrifique Frasco de Pensamento Líquido: Devolva um Ataque do seu Descarte para a sua mão.
Se fizer isso, coloque um Ataque da sua mão no fundo do seu Baralho de Ataques.",,,FALSE,FALSE,FALSE,,,HotShotsVFX,https://i.imgur.com/SdTfiLj.png,https://i.imgur.com/SdTfiLj.png,Vial of Liquid Thought__roto
Blazier's Map Collection,Coleção de Mapas do Blazier,blaziersmapcollection,Blazier's Map Collection,Coleção de Mapas do Blazier,,,TOTT-56/100,56/100,tott,rare,,,"If equipped Creature moved this turn, at the beginning of combat reveal a new active Location.","Se a Criatura Equipada se moveu neste turno, revele um novo Local ativo no início do combate.","If Blazier would only stop mapping new lands and look over his collection, he would discover that he has already found what he's been searching for his entire life.","Se Blazier parasse de mapear novas terras e desse uma olhada em sua coleção, descobriria que já encontrou o que está procurando a sua vida inteira.",FALSE,FALSE,FALSE,,,HotShotsVFX,https://i.imgur.com/si18Fgc.png,https://i.imgur.com/si18Fgc.png,Blazier's Map Collection__tott
Bronzeflight,Bronzeflight,bronzeflight,Bronzeflight,Bronzeflight,,,TOTT-57/100,57/100,tott,rare,,,"Equipped Creature has an additional 20 :speed:Speed. 
If an opposing Creature has Range, equipped Creature has ""Defender.""
This Battlegear begins the game face-up.","A Criatura equipada tem 20 de :speed:Velocidade adicional.
Se uma Criatura adversária tiver Alcance, a criatura equipada terá ""Defensor"".
Este equipamento começa o jogo virado para cima.","A marvel of engineering, the Bronzeflight can travel from Mipedim Oasis to Mount Pillar on a single charge.","Uma maravilha da engenharia, o Bronzeflight consegue viajar do Oásis de Mipedian até a Colina de Pilares com uma única carga.",FALSE,FALSE,FALSE,,,"Keron Grant, Etienne St.Laurent",https://i.imgur.com/cmvo5y1.png,https://i.imgur.com/cmvo5y1.png,Bronzeflight__tott
Burithean Axe,Machado Burithean,buritheanaxe,Burithean Axe,Machado Burithean,,,TOTT-58/100,58/100,tott,uncommon,,,"Stat Check :power:Power 50: equipped Creature has an additional 5 Energy. 
Stat Check :power:Power 75: equipped Creature has ""Intimidate: Energy 10.""","Checar Status :power:Poder 50: a Criatura equipada ganha 5 de Energia adicional.
Checar Status :power:Poder 75: a Criatura equipada ganha ""Intimidar: Energia 10"".","What takes 20 to wield, Rothar swings with one arm!","O que exige 20 para empunhar, Rothar brande com um braço só!",FALSE,FALSE,FALSE,,,Imaginary Friends Studios,https://i.imgur.com/RSl2uEi.png,https://i.imgur.com/RSl2uEi.png,Burithean Axe__tott
Dread Tread,Piso do Medo,dreadtread,Dread Tread,Piso do Medo,,,TOTT-59/100,59/100,tott,ultra rare,,,"If equipped Creature has moved and won a combat this turn, it may move a second time, this move may begin an additonal combat","Se a Criatura equipada tiver se movido e vencido um combate neste turno, ela poderá se mover uma segunda vez; esse movimento poderá iniciar um combate adicional.","The Dread Tread can rip through Kiru City's ""impenetrable"" walls as if they were made of paper.","O Piso do Medo pode rasgar as muralhas ""impenetráveis"" da Cidade Kiru como se fossem de papel.",FALSE,TRUE,TRUE,UnderWorld,Submundo,HotShotsVFX,https://i.imgur.com/4c6HRqy.png,https://i.imgur.com/4c6HRqy.png,Dread Tread__tott
Evergreen Tunic,Túnica Perene,evergreentunic,Evergreen Tunic,Túnica Perene,,,TOTT-60/100,60/100,tott,uncommon,,,"Stat Check :courage:Courage 50: equipped Creature has an additional 5 Energy. 
Stat Check :courage:Courage 75: equipped Creature has an additional 15 Energy.","Checar Status :courage:Coragem 50: A Criatura equipada ganha 5 de Energia adicional.
Checar Status :courage:Coragem 75: A Criatura equipada ganha 15 de Energia adicional.","The perfect combination of weight, durability and flexibility.","A combinação perfeita de peso, durabilidade e flexibilidade.",FALSE,FALSE,FALSE,,,"Robert Dizon, Stone Perales",https://i.imgur.com/RMEaT8u.png,https://i.imgur.com/RMEaT8u.png,Evergreen Tunic__tott
Flitflut,Flitflut,flitflut,Flitflut,Flitflut,,,TOTT-61/100,61/100,tott,common,,,"Equipped Creature has an additional 15 :wisdom:Wisdom and 15 :speed:Speed. 
Sacrifice Flitflut: Relocate equipped Creature to any unoccupied space on the Battleboard. Play this ability only while equipped Creature is unengaged.","A Criatura Equipada possui 15 de :wisdom:Sabedoria e 15 de :speed:Velocidade adicionais.
Sacrifique Flitflut: Mova a Criatura equipada para qualquer espaço desocupado no Tabuleiro.
Esta habilidade só pode ser usada em combate.",,,FALSE,FALSE,FALSE,,,Augusto Barranco,https://i.imgur.com/KooXMkL.png,https://i.imgur.com/KooXMkL.png,Flitflut__tott
Girgeth Tar,Piche Girgeth,girgethtar,Girgeth Tar,Piche Girgeth,,,TOTT-62/100,62/100,tott,super rare,,,"Equipped OverWorld Creature has an additional 5 Energy.
Sacrifice Girgeth Tar: Heal 20 damage to target Creature. If the target is a Caretaker Creature, put a Mugic counter on it.","A Criatura Equipada do :overworld:OutroMundo tem 5 de Energia adicional.
Sacrifique Piche Girgeth: Cure 20 de dano à Criatura alvo.
Se o alvo for um Zelador, ele ganha um :genericmugic:.",,,FALSE,FALSE,FALSE,,,HotShotsVFX,https://i.imgur.com/yCPIPgn.png,https://i.imgur.com/yCPIPgn.png,Girgeth Tar__tott
Hornsabre,Sabre Chifre,hornsabre,Hornsabre,Sabre Chifre,,,TOTT-63/100,63/100,tott,ultra rare,,,"Opposing Creatures on your side of the Battleboard have ""Recklessness 5.""","As Criaturas do oponente no seu lado do Tabuleiro têm ""Descuido 5"".","Infused with the spirits of warriors past, the luminescent glow intensifies whenever it senses an intruder nearby.","Imbuído dos espíritos de guerreiros do passado, o brilho luminescente se intensifica sempre que detecta um intruso por perto.",FALSE,TRUE,TRUE,OverWorld,OutroMundo,HotShotsVFX,https://i.imgur.com/aI77kIS.png,https://i.imgur.com/aI77kIS.png,Hornsabre__tott
Ikkatosh's Aichstick,Galho do Ikkatosh,ikkatoshsaichstick,Ikkatosh's Aichstick,Galho do Ikkatosh,,,TOTT-64/100,64/100,tott,uncommon,,,"Stat Check :wisdom:Wisdom 50: equipped Creature has an additional 5 Energy. 
Stat Check :wisdom:Wisdom 75: The first attack played by equipped Creature each combat has ""Untargetable.""","Checar Status :wisdom:Sabedoria 50: A Criatura equipada possui 5 de Energia adicional.
Checar Status :wisdom:Sabedoria 75: O primeiro ataque realizado pela Criatura equipada em cada combate tem ""Inalvejável"".","To aid in the war, Ikkatosh proved he would give part of himself... literally!","Para ajudar na guerra, Ikkatosh provou que daria parte de si mesmo... literalmente!",FALSE,FALSE,FALSE,,,HotShotsVFX,https://i.imgur.com/gRdnq5g.png,https://i.imgur.com/gRdnq5g.png,Ikkatosh's Aichstick__tott
Levitaar,Levitaar,levitaar,Levitaar,Levitaar,,,TOTT-65/100,65/100,tott,uncommon,,,"Equipped Creature has an additional 50 :speed:Speed. 
When equipped Creature is dealt attack damage, deal 5 damage to the opposing engaged Creature.","A Criatura Equipada tem 50 de :speed:Velocidade adicional.
Quando a Criatura equipada sofre dano de ataque, cause 5 de dano à criatura do em combate oponente",Raznus's favorite transport before his unfortunate transformation.,O meio de transporte favorito de Raznus antes de sua infeliz transformação.,FALSE,FALSE,FALSE,,,"Andrew Bradshaw, Chris Fisher, HotShotsVFX",https://i.imgur.com/wKq2zb4.png,https://i.imgur.com/wKq2zb4.png,Levitaar__tott
Mipedian Balladeers' Flute,Flauta do Baladeiro Mipedian,mipedianballadeersflute,Mipedian Balladeers' Flute,Flauta do Baladeiro Mipedian,,,TOTT-66/100,66/100,tott,rare,,,"Sacrifice Mipedian Balladeers' Flute: Put a Mugic counter on the equipped Creature. Your opponent can put a Mugic counter on a Creature of their choice.
This Battlegear begins the game face-up.","Sacrifique Flauta do Baladeiro Mipedian: Coloque um :genericmugic: na Criatura equipada. Seu oponente pode colocar um :genericmugic: em uma Criatura dele à escolha.
Este Equipamento começa o jogo virado para cima.","Melodies, harmonies, cacophonies: Mugicians love all music without prejudice.","Melodias, harmonias, cacofonias: os mugicians amam toda a música sem preconceito.",FALSE,FALSE,FALSE,,,HotShotsVFX,https://i.imgur.com/JxERePB.png,https://i.imgur.com/JxERePB.png,Mipedian Balladeers' Flute__tott
Obliterators,Obliteradores,obliterators,Obliterators,Obliteradores,,,TOTT-67/100,67/100,tott,common,,,"Equipped Creature has :fire:Fire. 
Sacrifice Obliterators: Deal 5 damage to target Creature. Play this ability only while you control Dread Tread.","A Criatura Equipada possui :fire:Fogo.
Sacrifique Obliteradores: Cause 5 de dano à Criatura alvo.
Use esta habilidade somente enquanto você controlar o Piso do Medo.",It's the perfect war machine: the Obliterators annihilate anything the Dread Tread fails to steamroll.,É a máquina de guerra perfeita: os Obliteradores aniquilam tudo o que o Piso do Medo não conseguir esmagar.,FALSE,FALSE,FALSE,,,Imaginary Friends Studios,https://i.imgur.com/9wVDyyB.png,https://i.imgur.com/9wVDyyB.png,Obliterators__tott
Ozlai's Wreck,O Destruidor do Ozlai,ozlaiswreck,Ozlai's Wreck,O Destruidor do Ozlai,,,TOTT-68/100,68/100,tott,common,,,Sacrifice Ozlai's Wreck: Destroy target Battlegear equipped to an engaged Creature.,Sacrifique o O Destruidor do Ozlai: Destrua o Equipamento alvo equipado a uma Criatura em combate.,"Though Ozlai named ""The Wreck"" after what it can do to other vehicles, many believe that it's named after his state of mind.","Embora Ozlai tenha batizado ""O Destruidor"" com esse nome por causa do que o veículo pode fazer com outros, muitos acreditam que o nome reflete seu estado de espírito.",TRUE,FALSE,FALSE,,,Tom Baxa,https://i.imgur.com/E0ULmMH.png,https://i.imgur.com/E0ULmMH.png,Ozlai's Wreck__tott
Residual Lightning Dust,Poeira Residual de Relâmpago,residuallightningdust,Residual Lightning Dust,Poeira Residual de Relâmpago,,,TOTT-69/100,69/100,tott,uncommon,,,"Stat Check :speed:Speed 50: equipped Creature has an additional 5 Energy. 
Stat Check :speed:Speed 75: When equipped Creature takes 20 or more damage from a single source, deal 5 damage to the opposing engaged Creature.","Checar Status :speed:Velocidade 50: A Criatura equipada possui 5 de Energia adicional.
Checar Status :speed:Velocidade 75: Quando a Criatura equipada sofrer 20 ou mais de dano de uma única fonte, cause 5 de dano à Criatura em combate do oponente.",,,FALSE,FALSE,FALSE,,,HotShotsVFX,https://i.imgur.com/Mk1ykkh.png,https://i.imgur.com/Mk1ykkh.png,Residual Lightning Dust__tott
Sahrnokk,Sahrnokk,sahrnokk,Sahrnokk,Sahrnokk,,,TOTT-70/100,70/100,tott,super rare,,,Sacrifice Sahrnokk: Creatures cannot end their move in equipped Creature's space.,Sacrifique Sahrnokk: Criaturas não podem terminar seu movimento no espaço da Criatura equipada.,"As Ørth whizzed by Gespedan to win the race and their wager, Gespedan regretted agreeing to give Ørth naming rights to his next child.","Quando Ørth ultrapassou Gespedan para vencer a corrida e a aposta, Gespedan se arrependeu de ter concordado em dar a Ørth o direito de nomear seu próximo filho.",FALSE,FALSE,FALSE,,,Imaginary Friends Studios,https://i.imgur.com/Re40HMj.png,https://i.imgur.com/Re40HMj.png,Sahrnokk__tott
Scepter of the Infernal Parasite,Cetro do Parasita Infernal,scepteroftheinfernalparasite,Scepter of the Infernal Parasite,Cetro do Parasita Infernal,,,TOTT-71/100,71/100,tott,ultra rare,,,"If engaged with an Infected Creature, equipped Creature has ""Outperform all Disciplines 5.""","Se estiver em combate com uma Criatura Infectada, a Criatura equipada terá ""Exceder todas as Disciplinas 5"".",The parasites proved once again that determination trumps size every time.,Os parasitas provaram mais uma vez que a determinação sempre supera tamanho.,FALSE,TRUE,TRUE,Danian,Danian,"Augusto Barranco, Etienne St.Laurent",https://i.imgur.com/Z4dxVRq.png,https://i.imgur.com/Z4dxVRq.png,Scepter of the Infernal Parasite__tott
Van Bloot's Sickle,Foice do Van Bloot,vanblootssickle,Van Bloot's Sickle,Foice do Van Bloot,,,TOTT-72/100,72/100,tott,super rare,,,"Equipped Creature has an additional 15 :courage:Courage. 
Attacks played by equipped Creature have ""The opposing engaged Creature loses 10 :courage:Courage.""","A Criatura Equipada possui 15 de :courage:Coragem adicional.
Os ataques realizados pela Criatura Equipada têm ""A Criatura em combate do oponente perde 10 de :courage:Coragem.""","Seeing its sharpness, even the most courageous lose heart... just before they lose their heads.","Ao verem sua lâmina afiada, até os mais valentes perdem a coragem... pouco antes de perderem a cabeça.",FALSE,FALSE,FALSE,,,Imaginary Friends Studios,https://i.imgur.com/K9cklgD.png,https://i.imgur.com/K9cklgD.png,Van Bloot's Sickle__tott
Warriors of Owayki,Guerreiros de Owayki,warriorsofowayki,Warriors of Owayki,Guerreiros de Owayki,,,TOTT-73/100,73/100,tott,ultra rare,,,"Mipedian Creatures you control have :genericmugic:: Deal 10 damage to target engaged Creature."" 
When combat ends, flip Warriors of Owayki face-down.",":mipedian:Mipedians que você controla têm "":genericmugic:: Cause 10 de dano à Criatura em combate alvo.""
Quando o combate terminar, vire os Guerreiros de Owayki para baixo.",,,FALSE,TRUE,TRUE,Mipedian,Mipedian,HotShotsVFX,https://i.imgur.com/QYoN3Sc.png,https://i.imgur.com/QYoN3Sc.png,Warriors of Owayki__tott
Weightless Energy Vessel,Nave de Energia Flutuante,weightlessenergyvessel,Weightless Energy Vessel,Nave de Energia Flutuante,,,TOTT-74/100,74/100,tott,rare,,,"Equipped Creature cannot be targeted by Mugic.
This Battlegear begins the game face-up.","A Criatura equipada não pode ser alvo de Mugic.
Este Equipamento começa o jogo virado para cima.","Even the most unimaginative Mipedians thought the name was too ""on-the-nose.""",Até mesmo os mipedianos mais sem imaginação acharam o nome óbvio demais.,FALSE,FALSE,FALSE,,,HotShotsVFX,https://i.imgur.com/MGyBkJW.png,https://i.imgur.com/MGyBkJW.png,Weightless Energy Vessel__tott
Wing-Fin,Barbatana-Alada,wingfin,Wing-Fin,Barbatana-Alada,,,TOTT-75/100,75/100,tott,super rare,,,"Equipped Creature has an additional 15 :courage:Courage and 15 :power:Power. 
Sacrifice Wing-Fin: Relocate equipped Creature to any unoccupied space on the Battleboard. Play this ability only while equipped Creature is unengaged.","A Criatura equipada possui 15 de :courage:Coragem e 15 de :power:Poder adicionais.
Sacrifique Barbatana Alada: Mova a Criatura equipada para qualquer espaço desocupado no Tabuleiro.
Esta habilidade só pode ser usada em combate.",,,FALSE,FALSE,FALSE,,,Augusto Barranco,https://i.imgur.com/hRn5CLv.png,https://i.imgur.com/hRn5CLv.png,Wing-Fin__tott
Aichlyys Wisp,Fogo-Fátuo do Aichlyys,aichlyyswisp,Aichlyys Wisp,Fogo-Fátuo do Aichlyys,,,FUN-65/100,65/100,fun,common,,,Equipped Creature has an additional 40 :wisdom:Wisdom and 5 Energy.,A Criatura equipada possui 40 de :wisdom:Sabedoria e 5 de Energia adicionais.,As ephemeral as dreams and just as cherished.,Tão efêmeros quanto os sonhos e igualmente preciosos.,FALSE,FALSE,FALSE,,,HotShotsVFX,https://i.imgur.com/SftlJkA.png,https://i.imgur.com/SftlJkA.png,Aichlyys Wisp__fun
Armbands of Lore,Braçadeiras do Lore,armbandsoflore,Armbands of Lore,Braçadeiras do Lore,,,FUN-66/100,66/100,fun,common,,,Equipped Creature has an additional 40 :courage:Courage and 5 Energy.,A Criatura equipada ganha 40 de :courage:Coragem e 5 de Energia adicionais.,"""Total control and domination!? You are fools! Control is an illusion... and that is why you will fail."" — Lore","""Controle e dominação totais?! Vocês são tolos! Controle é uma ilusão... e é por isso que vocês irão fracassar."" — Lore",FALSE,FALSE,FALSE,,,Robert Dizon,https://i.imgur.com/hE8FfzD.png,https://i.imgur.com/hE8FfzD.png,Armbands of Lore__fun
Bodal's Dagger,Adaga do Bodal,bodalsdagger,Bodal's Dagger,Adaga do Bodal,,,FUN-67/100,67/100,fun,rare,,,Equipped Creature deals an additional 10 damage with non-Elemental and non-Discipline Attacks.,A Criatura equipada causa 10 de dano adicional com ataques que não sejam elementais nem de disciplina.,,,FALSE,FALSE,FALSE,,,Imaginary Friends Studios,https://i.imgur.com/VwYQ2Ay.png,https://i.imgur.com/VwYQ2Ay.png,Bodal's Dagger__fun
Crown of Aa'une,Coroa do Aa'une,crownofaaune,Crown of Aa'une,Coroa do Aa'une,,,FUN-68/100,68/100,fun,ultra rare,,,"Equipped Creature has Creature Type ""Chieftain"" in addition to its other types. (Minions use Brainwashed text. Minions can only play Generic Mugic.)","A Criatura equipada possui o Tipo de Criatura ""Chefe"" além de seus outros tipos. (Lacaios usam texto Lavagem Cerebral. Lacaios só podem usar Mugics Genéricos.)","For true leaders, the crown does not define the king. The king defines the crown.","Para os verdadeiros líderes, a coroa não define o rei. O rei define a coroa.",FALSE,TRUE,TRUE,M'arrillians or Minions,M'arrillians ou Lacaios,Imaginary Friends Studios,https://i.imgur.com/DedhX68.png,https://i.imgur.com/DedhX68.png,Crown of Aa'une__fun
General's Standard,Estandarte do General,generalsstandard,General's Standard,Estandarte do General,,,FUN-69/100,69/100,fun,super rare,,,"When General's Standard is flipped face-up, choose a Tribe. Equipped Creature is considered to belong to that Tribe while General's Standard is face-up. (This ability does not end at the end of the turn.)","Quando o Estandarte do General for virado para cima, escolha uma Tribo. A Criatura Equipada é considerada pertencente àquela Tribo enquanto o Estandarte do General estiver virado para cima. (Esta habilidade não termina no final do turno.)",,,FALSE,FALSE,FALSE,,,Dave Droman,https://i.imgur.com/OTncy6R.png,https://i.imgur.com/OTncy6R.png,General's Standard__fun
Gigantroper,Gigantrooper,gigantroper,Gigantroper,Gigantrooper,,,FUN-70/100,70/100,fun,super rare,,,"At the beginning of combat, equipped Creature loses all abilities and gains or loses :courage:Courage, :power:Power, :wisdom:Wisdom, :speed:Speed and Energy to make those values 70.","No início do combate, a Criatura Equipada perde todas as suas habilidades e ganha ou perde :courage:Coragem, :power:Poder, :wisdom:Sabedoria, :speed:Velocidade e Energia até que esses valores sejam 70.",,,TRUE,FALSE,FALSE,,,Imaginary Friends Studios,https://i.imgur.com/h4bA5vf.png,https://i.imgur.com/h4bA5vf.png,Gigantroper__fun
Indigo Sash,Faixa Índigo,indigosash,Indigo Sash,Faixa Índigo,,,FUN-71/100,71/100,fun,common,,,Equipped Creature has an additional 40 :speed:Speed and 5 Energy.,A Criatura equipada possui 40 de :speed:Velocidade e 5 de energia adicionais.,"""I never expected to see an UnderWorlder wearing the emblem of our noble Mipedian ancestors. And I've never been happier."" — Tiaane","""Nunca imaginei ver um habitante do Submundo usando o emblema de nossos nobres ancestrais Mipedian. E nunca estive tão feliz."" — Tiaane",FALSE,FALSE,FALSE,,,Robert Dizon,https://i.imgur.com/A5oV5wf.png,https://i.imgur.com/A5oV5wf.png,Indigo Sash__fun
Khybon's Mech-blade,Espada Mecha do Khybon,khybonsmechblade,Khybon's Mech-blade,Espada Mecha do Khybon,,,FUN-72/100,72/100,fun,common,,,Equipped Creature has an additional 40 :power:Power and 5 Energy.,A Criatura equipada possui 40 de :power:Poder e 5 de Energia adicionais.,"The handle hides a trigger that instantly doubles the length of the blade. Naturally, Khybon has not told anyone about this feature.","O cabo esconde um gatilho que dobra instantaneamente o comprimento da lâmina. Naturalmente, Khybon não revelou essa funcionalidade a ninguém",FALSE,FALSE,FALSE,,,Dave Droman,https://i.imgur.com/seuCNbZ.png,https://i.imgur.com/seuCNbZ.png,Khybon's Mech-blade__fun
Mipedian Fulgurite,Fulgurita Mipedian,mipedianfulgurite,Mipedian Fulgurite,Fulgurita Mipedian,,,FUN-73/100,73/100,fun,super rare,,,"Equipped Creature has "":air:Air 10.""
When combat ends, destroy Mipedian Fulgurite.","A Criatura equipada possui "":air:Ar 10.""
Quando o combate terminar, destrua Fulgurita Mipedian.","The air crackled and sizzled, as did the enemy.","O ar crepitava e chiava, assim como o inimigo.",FALSE,FALSE,FALSE,,,Dave Droman,https://i.imgur.com/3u7cfoD.png,https://i.imgur.com/3u7cfoD.png,Mipedian Fulgurite__fun
Muge's Tuningfork,Diasapão do Mago,mugestuningfork,Muge's Tuningfork,Diasapão do Mago,,,FUN-74/100,74/100,fun,rare,,,"Equipped Creature can play Mugic from any Tribe you control.
This Battlegear begins the game face-up.","A Criatura equipada pode usar Mugics de qualquer Tribo que você controle.
Este Equipamento começa o jogo virado para cima.","Though Mugicians may appear to love one tribe's music over another, the fact remains they they love all music equally.","Embora os Mugicians possam parecer preferir a música de uma tribo em detrimento de outra, a verdade é que eles amam toda a música igualmente.",TRUE,FALSE,FALSE,,,Imaginary Friends Studios,https://i.imgur.com/lpRRJi8.png,https://i.imgur.com/lpRRJi8.png,Muge's Tuningfork__fun
Riverland Moon,Lua dos Rios,riverlandmoon,Riverland Moon,Lua dos Rios,,,FUN-75/100,75/100,fun,common,,,"When equipped Creature deals :water:Water damage, it gains 10 to all Disciplines.",Quando a Criatura equipada causa dano de :water:Água ela ganha 10 em todas as Disciplinas.,,,FALSE,FALSE,FALSE,,,Chris Fisher,https://i.imgur.com/QMfZAHr.png,https://i.imgur.com/QMfZAHr.png,Riverland Moon__fun
Shard of Solitude,Caco Kha'rall da Solidão,shardofsolitude,Shard of Solitude,Caco Kha'rall da Solidão,,,FUN-76/100,76/100,fun,super rare,Shard,Caco,"Equipped Creature has an additional 5 Energy.
If equipped Kha'rall Creature is engaged, unengaged Creatures cannot play Mugic or activated abilities.","A Criatura Equipada ganha 5 de Energia adicional.
Enquanto o Ka'rall equipado estiver em combate, Criaturas não combatentes não poder usar Mugic ou habilidades ativadas.","""Another one? The M'arrillians have more shards than Van Bloot has feathers!"" — Takinom","""Mais um? Os M'arrillians têm mais cacos do que Van Bloot tem penas!"" — Takinom",FALSE,FALSE,FALSE,,,Imaginary Friends Studios,https://i.imgur.com/pjyGBJK.png,https://i.imgur.com/pjyGBJK.png,Shard of Solitude__fun
Ankh of Kehn-Sep,Ankh de Kehn-Sep,ankhofkehnsep,Ankh of Kehn-Sep,Ankh de Kehn-Sep,,,AU-124/200,124/200,au,rare,,,Damage dealt by equipped Creature to Creatures with no Elemental Types is increased by 5.,A Criatura equipada causa 5 de dano adicional a Criaturas sem Elementos.,,,FALSE,FALSE,FALSE,,,Stone Perales,https://i.imgur.com/vY4bHrN.png,https://i.imgur.com/vY4bHrN.png,Ankh of Kehn-Sep__au
Aquatic Familiar,Familiar Aquático,aquaticfamiliar,Aquatic Familiar,Familiar Aquático,,,AU-125/200,125/200,au,common,,,"Equipped Creature has ""Expend :water:water: Gain 50 :wisdom:Wisdom.""","A Criatura Equipada ganha:
""Gaste :water:Água: Ganhe 50 :wisdom:Sabedoria.""",,,FALSE,FALSE,FALSE,,,Peter Bergting,https://i.imgur.com/C1grkR5.png,https://i.imgur.com/C1grkR5.png,Aquatic Familiar__au
AZAIA Mindprobe,Sonda Mental AZAIA,azaiamindprobe,AZAIA Mindprobe,Sonda Mental AZAIA,,,AU-126/200,126/200,au,rare,,,"Equipped Creature cannot be targeted by Mugic or abilities played by Creatures with lower :wisdom:Wisdom than it. 
This Battlegear begins the game face-up.","A Criatura equipada não pode ser alvo de Mugics ou habilidades de Criaturas com :wisdom:Sabedoria menor que a dela.
Este equipamento começa o jogo virado para cima.",,,FALSE,FALSE,FALSE,,,Imaginary Friends Studios,https://i.imgur.com/czxAVNw.png,https://i.imgur.com/czxAVNw.png,AZAIA Mindprobe__au
Bi-Mowercycle,Bi-Mowercycle,bimowercycle,Bi-Mowercycle,Bi-Mowercycle,,,AU-127/200,127/200,au,rare,,,"Equipped Creature has ""Range"" and ""Swift 1."" 
Sacrifice Bi-Mowercycle: Target Creature gains ""Range"" and ""Swift 1."" 
This Battlegear begins the game face-up.","A Criatura equipada tem ""Alcance"" e ""Ágil 1"".
Sacrifique a Bi-Mowercycle: a Criatura alvo ganha ""Alcance"" e ""Ágil 1"".
Este Equipamento começa o jogo virado para cima.",,,FALSE,FALSE,FALSE,,,HotShotsVFX,https://i.imgur.com/o2YkxFY.png,https://i.imgur.com/o2YkxFY.png,Bi-Mowercycle__au
Citadel Fragments,Fragmentos da Cidadela,citadelfragments,Citadel Fragments,Fragmentos da Cidadela,,,AU-128/200,128/200,au,common,,,Equipped Creature has an additional 5 Energy and 5 in each Discipline for each Elemental Type it has.,A Criatura equipada tem 5 de Energia e 5 em cada Disciplina adicionais para cada Elemento que possuir.,,,FALSE,FALSE,FALSE,,,Stone Perales,https://i.imgur.com/tSYu1Nf.png,https://i.imgur.com/tSYu1Nf.png,Citadel Fragments__au
Citadel Lodestone,Magnetita da Cidadela,citadellodestone,Citadel Lodestone,Magnetita da Cidadela,,,AU-129/200,129/200,au,common,,,"When equipped Creature becomes engaged, it gains :earth:Earth.","Quando a criatura equipada entra em combate, ela ganha :earth:Terra.",,,FALSE,FALSE,FALSE,,,Stone Perales,https://i.imgur.com/v6Qcgni.png,https://i.imgur.com/v6Qcgni.png,Citadel Lodestone__au
Colstone,Colstone,colstone,Colstone,Colstone,,,AU-130/200,130/200,au,super rare,,,"When any Creature engaged with the equipped Creature fails a Discipline check on an attack it played, the equipped Creature gains 10 Energy.","Quando qualquer Criatura em combate com a Criatura equipada falhar um teste de Disciplina em um ataque que ela realizou, a Criatura equipada ganha 10 de Energia.",,,FALSE,FALSE,FALSE,,,Stone Perales,https://i.imgur.com/Nqm7WlA.png,https://i.imgur.com/Nqm7WlA.png,Colstone__au
Double Edge,Dois Gumes,doubleedge,Double Edge,Dois Gumes,,,AU-131/200,131/200,au,common,,,"At the beginning of combat, choose "":fire:Fire 5,"" "":air:Air 5,"" "":earth:Earth 5"" or "":water:Water 5."" equipped Creature gains the chosen ability and ""Recklessness 5.""","No início do combate, escolha "":fire:Fogo 5"", "":air:Ar 5"", "":earth:Terra 5"" ou "":water:Água 5"".
A Criatura equipada ganha a habilidade escolhida e ""Descuido 5"".",,,FALSE,FALSE,FALSE,,,"Edwin Nebres, Anthony Washington, Emilio Lopez",https://i.imgur.com/iGANGLn.png,https://i.imgur.com/iGANGLn.png,Double Edge__au
"Drilldozer, Customized Rig","Drilldozer, Perfuratriz Customizada",drilldozercustomizedrig,Drilldozer,Drilldozer, Customized Rig, Perfuratriz Customizada,AU-132/200,132/200,au,rare,,,"Equipped Creature has an additional 10 Energy. If equipped Creature has :earth:Earth, it has an additional 10 Energy.","A Criatura equipada possui 10 de Energia adicional. Se a Criatura equipada possuir :earth:Terra, ela ganha mais 10 de Energia adicional.",,,FALSE,FALSE,FALSE,,,HotShotsVFX,https://i.imgur.com/5gisAg5.png,https://i.imgur.com/5gisAg5.png,"Drilldozer, Customized Rig__au"
Flameblade of Seeryn,Espada Flamejante de Seeryn,flamebladeofseeryn,Flameblade of Seeryn,Espada Flamejante de Seeryn,,,AU-133/200,133/200,au,super rare,,,"When equipped Creature deals 30 or more :fire:Fire damage with a single attack, destroy target Battlegear.","Quando a Criatura equipada, causar 30 ou mais de dano de :fire:Fogo com um único ataque; destrua o Equipamento alvo.",,,FALSE,FALSE,FALSE,,,Stone Perales,https://i.imgur.com/p4i2Hx8.png,https://i.imgur.com/p4i2Hx8.png,Flameblade of Seeryn__au
Hyperhover,Hyperhover,hyperhover,Hyperhover,Hyperhover,,,AU-134/200,134/200,au,rare,,,"Equipped Creature has ""Untargetable"" if it has moved this turn.","Se a Criatura equipadase tiver se movido neste turno ela ganha a habilidade ""Inalvejável"" .",,,FALSE,FALSE,FALSE,,,HotShotsVFX,https://i.imgur.com/rR8HhLc.png,https://i.imgur.com/rR8HhLc.png,Hyperhover__au
Kha'rall Shard of the Staunch,Caco Kha'rall da Firmeza,kharallshardofthestaunch,Kha'rall Shard of the Staunch,Caco Kha'rall da Firmeza,,,AU-135/200,135/200,au,rare,Shard,Caco,"Equipped Creature has :water:Water. 
Equipped Kha'rall Creature has an additional 15 Energy and ""Defender: :water:Water."" 
This Battlegear begins the game face-up.","A Criatura Equipada ganha :water:Água.
A Criatura Kha'rall equipada ganha 15 de Energia adicional e ""Defensor: :water:Água"".
Este Equipamento começa o jogo virado para cima.",,,FALSE,FALSE,FALSE,,,Stone Perales,https://i.imgur.com/ctvZ96K.png,https://i.imgur.com/ctvZ96K.png,Kha'rall Shard of the Staunch__au
Metabolic Overloader,Sobrecarregador Metabólico,metabolicoverloader,Metabolic Overloader,Sobrecarregador Metabólico,,,AU-136/200,136/200,au,common,,,"Equipped Creature has ""Expend :fire:fire: Gain 50 :power:Power.""","A Criatura equipada ganha:
""Gaste :fire:Fogo: Ganhe 50 de :power:Poder.""",,,FALSE,FALSE,FALSE,,,Peter Bergting,https://i.imgur.com/DGs9G2v.png,https://i.imgur.com/DGs9G2v.png,Metabolic Overloader__au
Mysterious Clawblade,Lâmina Guarra Misteriosa,mysteriousclawblade,Mysterious Clawblade,Lâmina Guarra Misteriosa,,,AU-137/200,137/200,au,common,,,"Equipped Creature has ""Expend :air:Air: Gain 50 :speed:Speed.""","A Criatura equipada ganha:
""Gaste :air:Ar: Ganhe 50 de :speed:Velocidade.""",,,FALSE,FALSE,FALSE,,,Stone Perales,https://i.imgur.com/4W2VQTS.png,https://i.imgur.com/4W2VQTS.png,Mysterious Clawblade__au
Orb of Unda,Orbe de Unda,orbofunda,Orb of Unda,Orbe de Unda,,,AU-138/200,138/200,au,rare,,,"Sacrifice Orb of Unda: Put a Mugic counter on equipped Creature. If equipped Creature has :water:Water, heal 10 damage from it.","Sacrifique Orbe de Unda: Coloque um :genericmugic: na Criatura equipada.
Se a Criatura equipada tiver :water:Água, cure 10 de energia dela.",,,FALSE,FALSE,FALSE,,,Stone Perales,https://i.imgur.com/dA6DdUm.png,https://i.imgur.com/dA6DdUm.png,Orb of Unda__au
Orchis Undin,Orquis Undin,orchisundin,Orchis Undin,Orquis Undin,,,AU-139/200,139/200,au,common,,,"When equipped Creature becomes engaged, it gains :water:Water.","Quando a Criatura equipada entra em combate, ela ganha :water:Água.",,,FALSE,FALSE,FALSE,,,Stone Perales,https://i.imgur.com/V8wo2o3.png,https://i.imgur.com/V8wo2o3.png,Orchis Undin__au
Phoenix Belt,Cinturão da Fênix,phoenixbelt,Phoenix Belt,Cinturão da Fênix,,,AU-140/200,140/200,au,rare,,,"Sacrifice Phoenix Belt: Deal 10 damage to target Creature. If equipped Creature has :fire:Fire, deal an additional 10 damage.","Sacrifique Cinturão da Fênix: Cause 10 de dano à criatura alvo.
Se a Criatura equipada tiver :fire:Fogo, cause 10 de dano adicional.",,,FALSE,FALSE,FALSE,,,Stone Perales,https://i.imgur.com/zfzoWSq.png,https://i.imgur.com/zfzoWSq.png,Phoenix Belt__au
Pranker Tanker,Pranker Tanker,prankertanker,Pranker Tanker,Pranker Tanker,,,AU-141/200,141/200,au,super rare,,,"At the beginning of each turn, equipped Creature swaps spaces on the Battleboard with another unengaged Creature you control.
This Battlegear begins the game face-up.","No início de cada turno, a Criatura equipada troca de lugar no Tabuleiro com outra Criatura não combatente que você controla.
Este Equipamento começa o jogo virado para cima.",,,FALSE,FALSE,FALSE,,,"Andrew Bradshaw, Anthony Washington, David Rodriguez",https://i.imgur.com/gIZZ91x.png,https://i.imgur.com/gIZZ91x.png,Pranker Tanker__au
Quranium Pendant,Pingente Quranium,quraniumpendant,Quranium Pendant,Pingente Quranium,,,AU-142/200,142/200,au,common,,,"Equipped Creature has ""Expend :earth:earth: Gain 50 :courage:Courage.""","A Criatura equipada ganha:
""Gaste :earth:Terra: Ganhe 50 de :courage:Coragem.""",,,FALSE,FALSE,FALSE,,,Stone Perales,https://i.imgur.com/uOBNkB3.png,https://i.imgur.com/uOBNkB3.png,Quranium Pendant__au
Sandstorm Shroud,Mortalha da Tempestade de Areia,sandstormshroud,Sandstorm Shroud,Mortalha da Tempestade de Areia,,,AU-143/200,143/200,au,common,,,"When equipped Creature becomes engaged, it gains :air:Air.","Quando a Criatura equipada entra em combate, ela ganha :air:Ar.",,,FALSE,FALSE,FALSE,,,Stone Perales,https://i.imgur.com/u9eiker.png,https://i.imgur.com/u9eiker.png,Sandstorm Shroud__au
Scarab of Khilai,Escaravelho de Khilai,scarabofkhilai,Scarab of Khilai,Escaravelho de Khilai,,,AU-144/200,144/200,au,super rare,,,"Equipped Creature and Creatures engaged with it cannot lose Elemental Types from Mugic, Attacks or abilities.","A Criatura equipada e as Criaturas em combate com ela não podem perder Elementos por meio de Mugics, ataques ou habilidades.",,,FALSE,FALSE,FALSE,,,Stone Perales,https://i.imgur.com/DI4HlRl.png,https://i.imgur.com/DI4HlRl.png,Scarab of Khilai__au
Skopolon,Skopolon,skopolon,Skopolon,Skopolon,,,AU-S16/26,S16/26,au,super rare,Past,Passado,"At the beginning of each turn, you can look at target face-down Battlegear you do not control.
This Battlegear begins the game face-up.","No início de cada turno, você pode olhar o Equipamento alvo virado para baixo que você não controla.
Este Equipamento começa o jogo virado para cima.",,,FALSE,FALSE,FALSE,,,Stone Perales,https://i.imgur.com/scsSWAZ.png,https://i.imgur.com/scsSWAZ.png,Skopolon__au
Stormbird Statues,Estátuas de Pássaro da Tempestade,stormbirdstatues,Stormbird Statues,Estátuas de Pássaro da Tempestade,,,AU-145/200,145/200,au,rare,,,"Equipped Creature has ""Swift 1."" If equipped Creature has :air:Air, it has ""Surprise.""
This Battlegear begins the game face-up.","A Criatura Equipada tem ""Ágil 1"".
Se a Criatura Equipada tiver :air:Ar, ela ganha ""Surpresa"".
Este Equipamento começa o jogo virado para cima.",,,FALSE,FALSE,FALSE,,,Stone Perales,https://i.imgur.com/Inrznoo.png,https://i.imgur.com/Inrznoo.png,Stormbird Statues__au
Sun Chariot of Kehn-Sep,Carruagem Solar de Kehn-Sep,sunchariotofkehnsep,Sun Chariot of Kehn-Sep,Carruagem Solar de Kehn-Sep,,,AU-146/200,146/200,au,common,,,"When equipped Creature becomes engaged, it gains :fire:Fire.","Quando a Criatura equipada entra em combate, ela ganha :fire:Fogo.",,,FALSE,FALSE,FALSE,,,Stone Perales,https://i.imgur.com/ZrJWgvE.png,https://i.imgur.com/ZrJWgvE.png,Sun Chariot of Kehn-Sep__au
Trident of Treachery,Tridente da Traição,tridentoftreachery,Trident of Treachery,Tridente da Traição,,,AU-S17/26,S17/26,au,rare,Past,Passado,"If equipped Creature would deal 20 or more :fire:Fire attack damage, it can deal 10 damage to a Creature of your choice instead.","Se a Criatura equipada causaria 20 ou mais de dano de ataque de :fire:Fogo, ela pode em vez disso, causar 10 de dano a uma Criatura alvo.",,,FALSE,FALSE,FALSE,,,Stone Perales,https://i.imgur.com/6XebUsF.png,https://i.imgur.com/6XebUsF.png,Trident of Treachery__au
Ulmanator,Ulmanator,ulmanator,Ulmanator,Ulmanator,,,AU-147/200,147/200,au,rare,,,Creatures engaged with equipped Creature have 10 less in all Disciplines for each Elemental Type they have.,As Criaturas em combate com a Criatura equipada perdem 10 em todas as Disciplinas para cada Elemento que possuem.,,,FALSE,FALSE,FALSE,,,HotShotsVFX,https://i.imgur.com/M8eHgQ1.png,https://i.imgur.com/M8eHgQ1.png,Ulmanator__au
Varanohs,Varanohs,varanohs,Varanohs,Varanohs,,,AU-S18/26,S18/26,au,rare,Past,Passado,"Equipped Creature has ""Range"" and ""Swift 1"" for each Creature Card in your general discard pile.
This Battlegear begins the game face-up.","A Criatura equipada tem ""Alcance"" e ""Ágil 1"" para cada Criatura no seu Descarte.
Este Equipamento começa o jogo virado para cima.",,,FALSE,FALSE,FALSE,,,Stone Perales,https://i.imgur.com/RtzNzRk.png,https://i.imgur.com/RtzNzRk.png,Varanohs__au
"Vlaric Shard, Relic of the Past","Caco de Vlaric, Relíquia do Passado",vlaricshardrelicofthepast,Vlaric Shard,Caco de Vlaric, Relic of the Past, Relíquia do Passado,AU-S19/26,S19/26,au,rare,Past,Passado,"Equipped Creature with :earth:Earth deals an additional 5 attack damage. 
When you shuffle your Attack Deck, destroy Vlaric Shard.","A Criatura equipada com :earth:Terra causa 5 de dano de ataque adicional.
Quando você embaralhar seu Baralho de Ataque, destrua o Caco de Vlaric.",,,FALSE,FALSE,FALSE,,,Stone Perales,https://i.imgur.com/hAW6uww.png,https://i.imgur.com/hAW6uww.png,"Vlaric Shard, Relic of the Past__au"
Xerium Armor,Armadura Xerium,xeriumarmor,Xerium Armor,Armadura Xerium,,,AU-148/200,148/200,au,ultra rare,,,"If equipped Creature would take more than 20 damage from an attack, it takes 20 damage instead.","Se a Criatura equipada sofreria mais de 20 de dano de um ataque, em vez disso, ela sofre 20 de dano.",,,TRUE,FALSE,FALSE,,,"Khary Randolph, Etienne St.Laurent",https://i.imgur.com/SNW93Vm.png,https://i.imgur.com/SNW93Vm.png,Xerium Armor__au
Armor of Earthen Might,Armadura da Força Terrena,armorofearthenmight,Armor of Earthen Might,Armadura da Força Terrena,,,FAS-63/100,63/100,fas,rare,,,"Damage dealt by Mugic or activated abilities to equipped Creature with :earth:Earth is reduced by 10. 
This Battlegear begins the game face-up.","Se a Criatura equipada tem :earth:Terra o dano causado por Mugic ou habilidades ativadas é reduzido em 10.
Este Equipamento começa o jogo virado para cima.",,,FALSE,FALSE,FALSE,,,Stone Perales,https://i.imgur.com/I4969fD.png,https://i.imgur.com/I4969fD.png,Armor of Earthen Might__fas
Flux Bauble,Treco de Troca,fluxbauble,Flux Bauble,Treco de Troca,,,OP-OP1-14/20,OP1-14/20,op,rare,,,"At the beginning of combat, look at the top two cards of your Location Deck. Put one of them on top of that deck and the other on the bottom.","No início do combate, observe as duas cartas do topo do seu Baralho de Locais. Coloque uma delas no topo do baralho e a outra no fundo.",,,FALSE,FALSE,FALSE,,,Imaginary Friends Studios,https://i.imgur.com/aKVIkOT.png,https://i.imgur.com/OM597c1.png,Flux Bauble__op
Orb of Foresight,Orbe da Previsão,orbofforesight,Orb of Foresight,Orbe da Previsão,,,OP-OP1-15/20,OP1-15/20,op,rare,,,"At the beginning of combat, look at the top three cards of your Attack Deck. Put one of them on top of that deck and the other two on the bottom in any order.","No início do combate, olhe as três cartas do topo do seu Baralho de Ataque. Coloque uma delas no topo do baralho e as outras duas no fundo, em qualquer ordem.",,,FALSE,FALSE,FALSE,,,Imaginary Friends Studios,https://i.imgur.com/dYMVHMP.png,https://i.imgur.com/gvFH0vF.png,Orb of Foresight__op
Talisman of the Mandiblor,Talismã do Mandiblor,talismanofthemandiblor,Talisman of the Mandiblor,Talismã do Mandiblor,,,OP-OP1-16/20,OP1-16/20,op,super rare,,,"Equipped Creature has an additional 15 :speed:Speed.
Equipped Danian Creature has ""Sacrifice equipped Creature: Return a Mandiblor Creature Card in your general discard pile to play to any unoccupied space on the Battleboard.""","A Criatura Equipada tem 15 de :speed:Velocidade adicional.
A Criatura :danian:Danian equipada tem ""Sacrifique a Criatura Equipada: Devolva um Mandiblor do seu Descarte geral para o jogo em qualquer espaço desocupado no Tabuleiro.""",,,FALSE,FALSE,FALSE,,,Imaginary Friends Studios,https://i.imgur.com/ciQOuJV.png,https://i.imgur.com/G65dNpH.png,Talisman of the Mandiblor__op
Bodal's Element Converter,Conversor de Elementos do Bodal,bodalselementconverter,Bodal's Element Converter,Conversor de Elementos do Bodal,,,OP-P-021,P-021,op,promo,,,"Equipped Creature has "":fire:Fire 5"" and "":water:Water 5.""
When equipped Creature deals 25 or more damage with a single attack, flip Bodal's Element Converter face-down.","A Criatura equipada ganha "":fire:Fogo 5"" e "":water:Água 5"".
Quando a Criatura equipada causar 25 ou mais de dano com um único ataque, vire o Conversor de Elementos de Bodal para baixo.",,,FALSE,FALSE,FALSE,,,Imaginary Friends Studios,https://i.imgur.com/X47rwXo.png,https://i.imgur.com/X47rwXo.png,Bodal's Element Converter__op
Kha'rall Shard of Chance,Caco Kha'rall da Sorte,kharallshardofchance,Kha'rall Shard of Chance,Caco Kha'rall da Sorte,,,OP-OP-qw3jcokw,OP-qw3jcokw,op,super rare,Shard,Caco,"Equipped Creature has an additional 5 Energy and :air:Air.
If equipped Kha'rall Creature is engaged, Creatures play attacks at random.","A Criatura Equipada ganha :air:Ar e 5 de Energia adicional.
Enquanto o Kha'rall equipado estiver em combate, as criaturas realizam ataques aleatoriamente.",,,FALSE,FALSE,FALSE,,,Imaginary Friends Studios,https://i.imgur.com/VMXktou.png,https://i.imgur.com/VMXktou.png,Kha'rall Shard of Chance__op
Mommark's Energy Infuser,Infusor de Energia do Mommark,mommarksenergyinfuser,Mommark's Energy Infuser,Infusor de Energia do Mommark,,,OP-OP-0g0jkoty,OP-0g0jkoty,op,ultra rare,,,"At the beginning of combat, equipped Creature gains 5 Energy for each Mugic counter on it. The equipped Creature cannot gain more than 40 Energy this way.
If equipped Creature has no Mugic counters on it, destroy it.","No início do combate, a Criatura equipada ganha 5 de Energia para cada :genericmugic: nela (Max. 40). 
Se a Criatura equipada não tiver :genericmugic:, a destrua.",,,TRUE,FALSE,FALSE,,,Imaginary Friends Studios,https://i.imgur.com/F23ZOlY.png,https://i.imgur.com/F23ZOlY.png,Mommark's Energy Infuser__op
Olkiex' Apron,Avental do Olkiex,olkiexapron,Olkiex' Apron,Avental do Olkiex,,,OP-OP-9r4d1dy1,OP-9r4d1dy1,op,uncommon,,,"Equipped Creature has ""When equipped Creature becomes engaged, flip all Battlegear equipped to the opposing engaged Creature face-down.""","A Criatura Equipada ganha : ""No começo do combate, vire para baixo o Equipamento da Criatura em combate do oponente.""",,,FALSE,FALSE,FALSE,,,Imaginary Friends Studios,https://i.imgur.com/pS5B3uR.png,https://i.imgur.com/pS5B3uR.png,Olkiex' Apron__op
Droskin,Droskin,droskin,Droskin,Droskin,,,OP-P-013,P-013,op,promo,,,Sacrifice Droskin: Negate target attack. Play this ability only while equipped Creature is engaged.,"Sacrifique Droskin: Negue o ataque alvo.
Esta habilidade só pode ser usada em combate.",The Droskin is rumored to be able to absorb even the most devastating attacks.,Dizem que o Droskin é capaz de absorver até mesmo os ataques mais devastadores.,TRUE,FALSE,FALSE,,,"Jimmy Tran, Imaginary Friends Studios",https://i.imgur.com/vquBcPw.png,https://i.imgur.com/vquBcPw.png,Droskin__op
The Indigo Arc,O Arco Índigo,theindigoarc,The Indigo Arc,O Arco Índigo,,,OP-P-011,P-011,op,promo,,,"Equipped Creature's first attack each combat has ""Untargetable.""","O primeiro ataque da Criatura equipada em cada combate tem ""Inalvejável"".",The blade cuts with such force that neither armor nor Mugic can slow its strikes.,A lâmina corta com tamanha força que nem armadura nem Mugic conseguem deter seus golpes.,TRUE,FALSE,FALSE,,,HotShotsVFX,https://i.imgur.com/2wwoh4t.png,https://i.imgur.com/2wwoh4t.png,The Indigo Arc__op