id,displayName,displayName_pt,importName,name,name_pt,subname,subname_pt,set,serial,rarity,ability,ability_pt,flavorText,flavorText_pt,unique,initiative,initiative_pt,type,type_pt,artist,imageUrl,uniqueId
DOP-203/232,Castle Bodhran,Castelo Bodhran,castlebodhran,Castle Bodhran,Castelo Bodhran,,,dop,203/232,super rare,"At the beginning of combat, each player can return a Mugic Card from their general discard pile to their hand.","No início do combate, cada jogador pode retornar um Mugic do Descarte para sua mão.","This strange stronghold is built in a style that might best be called ""bizzarechitecture.""","Essa estranha fortaleza foi construída em um estilo que poderia ser melhor descrito como ""bizarrarquitetura"".",FALSE,Power,Poder,,,"Keith Conroy, Jimmy Tran",https://i.imgur.com/XbkLs3f.png,Castle Bodhran__dop
DOP-204/232,Castle Pillar,Castelo de Pilares,castlepillar,Castle Pillar,Castelo de Pilares,,,dop,204/232,ultra rare,"At the beginning of combat, if an engaged Creature has higher :wisdom:Wisdom than the opposing engaged Creature, put a :genericmugic: on it.","No início do combate, se uma Criatura em combate tiver :wisdom:Sabedoria maior do que a Criatura em combate do oponente, coloque um :genericmugic: nela.",,,TRUE,Courage,Coragem,,,"Keith Conroy, Emilio Lopez",https://i.imgur.com/tLHVA0R.png,Castle Pillar__dop
DOP-205/232,Cordac Falls,Cataratas Cordac,cordacfalls,Cordac Falls,Cataratas Cordac,,,dop,205/232,common,"At the beginning of combat, engaged Creatures gains 5 Energy.","No início do combate, as criaturas combatentes ganham 5 de Energia.",Cordac's teardrops plunge into the abyss with nary a splash or spray...,As lágrimas de Cordac mergulham no abismo sem um único respingo ou borrifo...,FALSE,OverWorld,OutroMundo,,,"Keith Conroy, Emilio Lopez",https://i.imgur.com/oV7ogkt.png,Cordac Falls__dop
DOP-206/232,Cordac Falls Plungepool,Piscina das Cataratas de Cordac,cordacfallsplungepool,Cordac Falls Plungepool,Piscina das Cataratas de Cordac,,,dop,206/232,common,"At the beginning of combat, deal 5 damage to engaged Creatures.","No início do combate, cause 5 de dano às criaturas combatentes.","...and strike the lake miles below, exploding outwards into the fray.","...e atingem o lago quilômetros abaixo, explodindo para fora em meio à batalha.",FALSE,UnderWorld,Submundo,,,"Keith Conroy, Emilio Lopez",https://i.imgur.com/bT6BPtI.png,Cordac Falls Plungepool__dop
DOP-207/232,Crystal Cave,Caverna de Cristal,crystalcave,Crystal Cave,Caverna de Cristal,,,dop,207/232,uncommon,"If an engaged Creature has lower :speed:Speed than the opposing engaged Creature, it deals 0 damage on its first attack each combat.",A criatura em combate com menor :speed:Velocidade  causa 0 de dano em seu primeiro ataque.,The ancient Mugicians mined the hardest substance in all of Perim to protect their mystical melodies.,Os antigos Mugicians extraíam a substância mais dura de todo a Perim para proteger suas melodias místicas.,FALSE,Speed,Velocidade,,,"Damien Labonte, Kevin Chai",https://i.imgur.com/0DMycSv.png,Crystal Cave__dop
DOP-208/232,Doors of the Deepmines,Portas das Minas Profundas,doorsofthedeepmines,Doors of the Deepmines,Portas das Minas Profundas,,,dop,208/232,uncommon,"At the beginning of combat, Creatures with :water:Water gain 10 Energy.","No início do combate, criaturas com :water:Água ganham 10 de Energia.","In a rare sign of solidarity, all four tribes guard the massive doors, hoping they never open again.","Num raro sinal de solidariedade, as quatro tribos guardam as portas maciças, na esperança de que nunca mais se abram.",FALSE,Speed,Velocidade,,,"Keith Conroy, Emilio Lopez",https://i.imgur.com/YKFWpUt.png,Doors of the Deepmines__dop
DOP-209/232,Dranakis Threshold,Limiar de Dranakis,dranakisthreshold,Dranakis Threshold,Limiar de Dranakis,,,dop,209/232,super rare,Mugic and activated abilities cannot be played.,Mugics e habilidades ativadas não podem ser usadas.,The few who have survived utter nary a word of what lies beyond.,Os poucos que sobreviveram não proferem uma palavra sequer sobre o que existe além.,FALSE,Courage,Coragem,,,"Christopher Palesti, David Curiel",https://i.imgur.com/k5Mrj5w.png,Dranakis Threshold__dop
DOP-210/232,Everrain,Chuva Eterna,everrain,Everrain,Chuva Eterna,,,dop,210/232,uncommon,":water:Water attacks deal an additional 5 damage.
Damage dealt by :earth:Earth attacks is reduced by 5.",Ataques de :water:Água causam 5 de dano adicional. O dano causado por ataques de Terra é reduzido em 5.,Lake Ken-I-Po seeps through the UnderWorld ceiling in an unending reminder of the OverWorld's aqueous bounty.,"O Lago Ken-I-Po infiltra-se pelo teto do Submundo, num lembrete constante da abundância aquática do OutroMundo.",FALSE,Courage,Coragem,,,"Keith Conroy, Emilio Lopez",https://i.imgur.com/ntNkMd6.png,Everrain__dop
DOP-211/232,Eye of the Maelstrom,Olho da Tempestade,eyeofthemaelstrom,Eye of the Maelstrom,Olho da Tempestade,,,dop,211/232,uncommon,"When this becomes the active Location, each player discards a Mugic Card.","Quando este se torna o local ativo, cada jogador descarta um Mugic.","No wind, no sound - just madness.","Sem vento, sem som - apenas loucura.",FALSE,Power,Poder,,,"Keith Conroy, David Curiel",https://i.imgur.com/UiQl4db.png,Eye of the Maelstrom__dop
DOP-212/232,Fear Valley,Vale do Medo,fearvalley,Fear Valley,Vale do Medo,,,dop,212/232,uncommon,"At the beginning of combat, if an engaged Creature has lower :courage:Courage than the opposing engaged Creature, it loses 10 Energy.","No início do combate, a Criatura combatente com menor :courage:Coragem perde 10 de Energia.",One night here means a lifetime of nightmares.,Uma noite aqui significa uma vida inteira de pesadelos.,FALSE,Wisdom,Sabedoria,,,"Andrew Bradshaw, Anthony Washington",https://i.imgur.com/MZNthqw.png,Fear Valley__dop
DOP-213/232,Forest of Life,Floresta da Vida,forestoflife,Forest of Life,Floresta da Vida,,,dop,213/232,common,"At the beginning of combat, if an engaged Creature has higher :power:Power than the opposing engaged Creature, it gains 5 Energy.","No início do combate, a criatura combatente com maior :power:Poder ganha 5 de Energia.",A place of perpetuity: nothing is born or perishes within.,Um lugar de perpetuidade: nada nasce nem perece ali.,FALSE,Wisdom,Sabedoria,,,"Rudy Nebres, David Curiel",https://i.imgur.com/xydxrjW.png,Forest of Life__dop
DOP-214/232,Gigantempopolis,Gigantempopolis,gigantempopolis,Gigantempopolis,Gigantempopolis,,,dop,214/232,uncommon,"At the beginning of combat, put a :overworldmugic: on any engaged OverWorld Creatures.","No início do combate, criaturas do :overworld:OutroMundo ganham um :overworldmugic:.",The ancient beings who once dwelled here faded into oblivion - proving indisputably that size doesn’t matter.,"Os seres ancestrais que outrora habitaram este lugar desapareceram no esquecimento, provando indiscutivelmente que o tamanho não importa.",FALSE,Power,Poder,,,"Keith Conroy, David Curiel",https://i.imgur.com/jrd73kv.png,Gigantempopolis__dop
DOP-215/232,Glacier Plains,Geleiras,glacierplains,Glacier Plains,Geleiras,,,dop,215/232,super rare,Creatures must pay an additional :underworldmugic: to play UnderWorld Mugic Cards.,Mugics do Submundo custam 1 :underworldmugic: adicional.,"This frozen, remote region is as harsh and forbidding as the UnderWorld's Lava Pond.",Esta região remota e congelada é tão inóspita e ameaçadora quanto o Tanque de Lava do Submundo.,FALSE,Power,Poder,,,"Keith Conroy, David Curiel",https://i.imgur.com/qigkhho.png,Glacier Plains__dop
DOP-216/232,Gloomuck Swamp,Pântano Gloomuck,gloomuckswamp,Gloomuck Swamp,Pântano Gloomuck,,,dop,216/232,common,":earth:Earth attacks deal an additional 5 damage.
Damage dealt by :fire:Fire attacks is reduced by 5.",Ataques de :earth:Terra causam 5 de dano adicional. O dano causado por ataques de Fogo é reduzido em 5.,For very different reasons both Crawsectus and Antidaeon choose to call this murky mess home.,"Por razões muito diferentes, tanto Crawsectus quanto Antidaeon escolheram chamar essa bagunça nebulosa de lar.",FALSE,Courage,Coragem,,,"Rudy Nebres, David Curiel",https://i.imgur.com/3SZWzaJ.png,Gloomuck Swamp__dop
DOP-217/232,Gothos Tower,Torre Gothos,gothostower,Gothos Tower,Torre Gothos,,,dop,217/232,rare,"Creatures not named Lord Van Bloot have 10 less :courage:Courage.
Lord Van Bloot has ""Invisibility: Strike 15.""","Todas as Criaturas que não se chamam Lorde Van Bloot perdem 10 de :courage:Coragem. Lorde Van Bloot ganha ""Invisibilidade: Ataque 15"".",The horrific home of the harrowing Lord Van Bloot.,A casa horripilante do terrível Lorde Van Bloot.,FALSE,Speed,Velocidade,,,"Keith Conroy, David Curiel",https://i.imgur.com/8sI97QU.png,Gothos Tower__dop
DOP-218/232,Iron Pillar,Pilar de Ferro,ironpillar,Iron Pillar,Pilar de Ferro,,,dop,218/232,super rare,Battlegear have no abilities.,Os Equipamentos de Batalha perdem suas habilidades.,The frequent quakes that rock the UnderWorld are blamed on the instability of this once-might prop.,Os frequentes terremotos que sacodem o Submundo são atribuídos à instabilidade desse suporte outrora poderoso.,FALSE,Courage,Coragem,,,"Keith Conroy, Emilio Lopez",https://i.imgur.com/7GfZH7k.png,Iron Pillar__dop
DOP-219/232,Kiru City,Cidade Kiru,kirucity,Kiru City,Cidade Kiru,,,dop,219/232,rare,OverWorld Creatures have an additional 10 Energy.,As Criaturas do :overworld:OutroMundo ganham 10 de Energia adicional.,The majestic capital of the OverWorld is named in memory of one of its greatest leaders.,A majestosa capital do OutroMundo recebeu o nome em memória de um de seus maiores líderes.,FALSE,Wisdom,Sabedoria,,,"Keith Conroy, David Curiel",https://i.imgur.com/ZbYCdDx.png,Kiru City__dop
DOP-220/232,Lake Ken-I-Po,Lago Ken-I-Po,lakekenipo,Lake Ken-I-Po,Lago Ken-I-Po,,,dop,220/232,ultra rare,"Each Mugic has ""Untargetable.""","Mugics ganham ""Inalvejável"".","Above the placid waters, Najarin's castle towers. A dim light flickers... and a mystery is born.","Acima das águas plácidas, ergue-se o castelo de Najarin. Uma luz tênue cintila... e um mistério nasce.",FALSE,Power,Poder,,,"Keith Conroy, Emilio Lopez",https://i.imgur.com/HqdcFgL.png,Lake Ken-I-Po__dop
DOP-221/232,Lava Pond,Tanque de Lava,lavapond,Lava Pond,Tanque de Lava,,,dop,221/232,rare,":fire:Fire attacks deal an additional 5 damage.
Damage dealt by :air:Air attacks is reduced by 5.
Creatures named Magmon have "":fire:Fire 5.""","Ataques de :fire:Fogo causam 5 de dano adicional. O dano causado por Ataques de :air:Ar é reduzido em 5. Criaturas chamadas Magmon ganham "":fire:Fogo 5"".",,,FALSE,Speed,Velocidade,,,"Keith Conroy, David Curiel",https://i.imgur.com/6Ui54w4.png,Lava Pond__dop
DOP-222/232,Mipedim Oasis,Oásis Mipedian,mipedimoasis,Mipedim Oasis,Oásis Mipedian,,,dop,222/232,rare,Mipedian Creatures deal an additional 10 damage with their first attack each combat.,:mipedian:Mipedians causam 10 de dano adicional com seu primeiro ataque.,"For those struggling in the Mipedian Desert, this is a welcome sight. But it is what they can't see that will prove most dangerous.","Para aqueles que lutam para sobreviver no Deserto Mipedian, esta é uma visão bem-vinda. Mas é o que eles não conseguem ver que se revelará mais perigoso.",FALSE,Courage,Coragem,,,"Keith Conroy, Emilio Lopez",https://i.imgur.com/2BfuD6T.png,Mipedim Oasis__dop
DOP-223/232,Mount Pillar,Colina de Pilares,mountpillar,Mount Pillar,Colina de Pilares,,,dop,223/232,rare,"When this becomes the active Location, activate Hive.","Quando este local se tornar o local ativo, ative Multidão.","The Danian homeland provides vital structural support to the UnderWorld ceiling, explaining why Chaor has resisted its demolition.","A Terra dos Danians fornece um suporte estrutural vital para o teto do Submundo, explicando por que Chaor impediu à sua demolição.",FALSE,Wisdom,Sabedoria,,,"Keith Conroy, Emilio Lopez",https://i.imgur.com/Y3M93Oz.png,Mount Pillar__dop
DOP-224/232,Ravanaugh Ridge,Monte Ravanaugh,ravanaughridge,Ravanaugh Ridge,Monte Ravanaugh,,,dop,224/232,common,"At the beginning of combat, if a player controls an engaged Creature with :air:Air, that player can look at the top three cards of their Attack Deck, put one of them on top of that deck and the others on the bottom in any order.","No início do combate, se um jogador controlar uma Criatura combatente com :air:Ar, esse jogador pode olhar as três cartas do topo do seu Baralho de Ataque, colocar uma delas no topo desse baralho e as outras no fundo, em qualquer ordem.",,,FALSE,Power,Poder,,,"Keith Conroy, David Curiel",https://i.imgur.com/gEEsV4O.png,Ravanaugh Ridge__dop
DOP-225/232,Riverlands,Rios do OutroMundo,riverlands,Riverlands,Rios do OutroMundo,,,dop,225/232,uncommon,"When a Creature deals :water:Water damage, heal 5 damage to it.","Quando uma criatura causar dano de :water:Água, ela cura 5 de Energia.",No one has yet to reach the source of the rushing waters. Could the Cothica be where it all begins?,Ninguém ainda conseguiu chegar à nascente das águas caudalosas. Será que a Cothica é onde tudo começa?,FALSE,Wisdom,Sabedoria,,,"Keith Conroy, David Curiel",https://i.imgur.com/mRENwjK.png,Riverlands__dop
DOP-226/232,Runic Grove,Bosque Rúnico,runicgrove,Runic Grove,Bosque Rúnico,,,dop,226/232,common,Tribal Mugic cannot be played.,Mugics Tribais não podem ser usados.,Secret symbols or a simple secret? Many have been tantalized by what remains indecipherable to this day.,Símbolos secretos ou um simples segredo? Muitos têm sido tentados pelo que permanece indecifrável até hoje.,FALSE,Courage,Coragem,,,"Keith Conroy, Anthony Washington",https://i.imgur.com/sFIrfSH.png,Runic Grove__dop
DOP-227/232,Stone Pillar,Pilar de Pedra,stonepillar,Stone Pillar,Pilar de Pedra,,,dop,227/232,super rare,Engaged UnderWorld Creatures pay 1 less :underworldmugic: to play their first Mugic this turn.,O primeiro Mugic usado por uma Criatura em combate do :underworld:Submundo custa 1 :underworldmugic: a menos.,"Without the Pillars there would be no Over and Under, but simply one World.","Sem os Pilares não haveria Outro e Sub, mas simplesmente um único Mundo.",FALSE,Wisdom,Sabedoria,,,"Keith Conroy, David Curiel",https://i.imgur.com/eZVYq97.png,Stone Pillar__dop
DOP-229/232,Stronghold Morn,Fortaleza Morn,strongholdmorn,Stronghold Morn,Fortaleza Morn,,,dop,229/232,super rare,"At the beginning of combat, engaged Creatures gain :fire:Fire, :water:Water, :air:Air, and :earth:Earth.","No início do combate, ambas as Criaturas ganham :fire:Fogo, :water:Água, :air:Ar, e :earth:Terra.",,,TRUE,Speed,Velocidade,,,"Keith Conroy, David Curiel",https://i.imgur.com/pdEyJo1.png,Stronghold Morn__dop
DOP-228/232,The Storm Tunnel,O Túnel da Tempestade,thestormtunnel,The Storm Tunnel,O Túnel da Tempestade,,,dop,228/232,common,":air:Air attacks deal an additional 5 damage.
Damage dealt by :water:Water attacks is reduced by 5.",Ataques de :air:Ar causam 5 de dano adicional. O dano causado por ataques de :water:Água é reduzido em 5.,Even those who cannot fly do so here.,"Até mesmo aqueles que não podem voar, o fazem aqui.",FALSE,Power,Poder,,,"Billy Ray Patton, Keith Conroy, Emilio Lopez",https://i.imgur.com/jQFQYFA.png,The Storm Tunnel__dop
DOP-230/232,UnderWorld City,Cidade do Submundo,underworldcity,UnderWorld City,Cidade do Submundo,,,dop,230/232,super rare,"Attacks played by UnderWorld Creatures have ""Challenge :power:Power 15: Deal 5 damage.""","Os ataques de Criaturas do :underworld:Submundo têm ""Desafio de :power:Poder 15: Cause 5 de dano.""","Not known for his creativity, Chaor nevertheless won the capital-naming contest for which he was also the judge.","Apesar de não ser conhecido por sua criatividade, Chaor venceu o concurso para nomear a capital, do qual também era jurado.",FALSE,Speed,Velocidade,,,"Keith Conroy, David Curiel",https://i.imgur.com/CAnyyXy.png,UnderWorld City__dop
DOP-231/232,UnderWorld Colosseum,Coliseu do Submundo,underworldcolosseum,UnderWorld Colosseum,Coliseu do Submundo,,,dop,231/232,rare,Creatures with :fire:Fire deal an additional 10 damage on their first attack each combat.,Criaturas com :fire:Fogo causam 10 de dano adicional em seu primeiro ataque.,UnderWorlders have a simple way of settling arguments here: the one left standing is always right.,Os Submundanos têm uma maneira simples de resolver discussões aqui: quem ficar de pé está sempre certo.,FALSE,Speed,Velocidade,,,"Rudy Nebres, Keith Conroy, Emilio Lopez",https://i.imgur.com/EtKYw4Z.png,UnderWorld Colosseum__dop
DOP-232/232,Wooden Pillar,Pilar de Madeira,woodenpillar,Wooden Pillar,Pilar de Madeira,,,dop,232/232,super rare,Creatures must pay an additional :overworldmugic: to play OverWorld Mugic Cards.,Mugics do :overworld:OutroMundo custam 1 :overworldmugic: adicional.,"The Runic Grove takes root here, and UnderWorlders believe it grows even further down than up.","O Bosque Rúnico cria raízes aqui, e os habitantes do Submundo acreditam que ele cresce ainda mais para baixo do que para cima.",FALSE,Wisdom,Sabedoria,,,"Keith Conroy, David Curiel",https://i.imgur.com/Bc9Z5La.png,Wooden Pillar__dop
ZOTH-92/100,Carnival of Confusion,Carnaval da Confusão,carnivalofconfusion,Carnival of Confusion,Carnaval da Confusão,,,zoth,92/100,ultra rare,"When this becomes the active Location, Creatures lose all Elemental Types. If a Creature lost :fire:Fire, it gains :water:Water. If a Creature lost :water:Water, it gains :air:Air. If a Creature lost :air:Air, it gains :earth:Earth. If a Creature lost :earth:Earth, it gains :fire:Fire.
Elemental Attacks deal an additional 5 damage.","Quando este se torna o Local Ativo, as Criaturas perdem todos os Elementos. Se a Criatura perdeu :fire:Fogo, ela ganha :water:Água. Se a Criatura perdeu :water:Água, ela ganha :air:Ar. Se a Criatura perdeu :air:Ar, ela ganha :earth:Terra. Se a Criatura perdeu :earth:Terra, ela ganha :fire:Fogo. Ataques Elementais causam 5 de dano adicional.",,,FALSE,Speed,Velocidade,,,"Keith Conroy, Jimmy Tran",https://i.imgur.com/Nlpg3Kk.png,Carnival of Confusion__zoth
ZOTH-94/100,Grand Hall of Muge's Summit,Cúpula do Grande Salão dos Magos,grandhallofmugessummit,Grand Hall of Muge's Summit,Cúpula do Grande Salão dos Magos,,,zoth,94/100,super rare,"When a Mugic counter is removed from a Creature, Grand Hall of Muge's Summit deals 10 damage to the engaged Creature controlled by the same player.","Quando um :genericmugic: é removido de uma criatura, a Cúpula do Grande Salão dos Magos causa 10 pontos de dano à criatura em combate controlada pelo mesmo jogador.",Muges rarely feel comfortable sharing their secrets.,Magos raramente se sentem à vontade para compartilhar seus segredos.,FALSE,Power,Poder,,,"Keith Conroy, David Curiel",https://i.imgur.com/Gn5EubB.png,Grand Hall of Muge's Summit__zoth
ZOTH-95/100,Mount Pillar Reservoir,Reservatório da Colina de Pilares,mountpillarreservoir,Mount Pillar Reservoir,Reservatório da Colina de Pilares,,,zoth,95/100,common,"Creatures have ""Fireproof 10.""
Danian Creatures have "":water:Water 5.""","As Criaturas têm ""À Prova de Fogo 10"". :danian:Danians têm "":water:Água 5"".",All Danians know that the Reservoir is the well-spring of life. It must be defended to the death.,Todos os Danians sabem que o Reservatório é a fonte da vida. Ele deve ser defendido até a morte.,FALSE,Water,Água,,,"Keith Conroy, Emilio Lopez",https://i.imgur.com/918hurz.png,Mount Pillar Reservoir__zoth
ZOTH-96/100,Oipont's Lookout,Mirante de Oipont,oipontslookout,Oipont's Lookout,Mirante de Oipont,,,zoth,96/100,rare,"Creatures with :air:Air have :earth:Earth.
If Hive is Active, Danian Creatures have :air:Air and :earth:Earth.","Criaturas com :air:Ar ganham :earth:Terra. Se Multidão estiver ativa, :danian:Danians ganham :air:Ar e :earth:Terra.","From high above, Danians can see deep into the heart of the UnderWorld, including invading armies days in advance.","Do alto, os Danians conseguem enxergar o coração do Submundo, inclusive exércitos invasores com dias de antecedência.",FALSE,Courage,Coragem,,,"Keith Conroy, Emilio Lopez",https://i.imgur.com/GrSB7L1.png,Oipont's Lookout__zoth
ZOTH-97/100,OverWorld Embassy at Mount Pillar,Embaixada do OutroMundo na Colina de Pilares,overworldembassyatmountpillar,OverWorld Embassy at Mount Pillar,Embaixada do OutroMundo na Colina de Pilares,,,zoth,97/100,uncommon,"When this becomes the active Location, Uninfect all Creatures.","Quando este for o local ativo, desinfecte todas as criaturas.","Though adorned with oah and jij plants from his village, one look outside his window reminds Raznus that he's far from home.","Embora decorado com plantas oah e jij de sua aldeia, um olhar pela janela faz Raznus se lembrar de que está longe de casa.",FALSE,Wisdom,Sabedoria,,,"Keith Conroy, Emilio Lopez",https://i.imgur.com/uCQUWAK.png,OverWorld Embassy at Mount Pillar__zoth
ZOTH-98/100,Queen's Gate,Portões da Rainha,queensgate,Queen's Gate,Portões da Rainha,,,zoth,98/100,common,Creatures engaged with Scouts do not have and cannot gain Invisibility.,Criaturas em combate com Exploradores não têm e não podem ganhar Invisibilidade.,"""Did you hear something moving? Did you see something moving? I think I just touched something moving...""",Você ouviu alguma coisa se mexendo? Você viu alguma coisa se mexendo? Acho que acabei de tocar em alguma coisa que estava se mexendo...,FALSE,Speed,Velocidade,,,"Keith Conroy, David Curiel",https://i.imgur.com/uZSkcgI.png,Queen's Gate__zoth
ZOTH-99/100,Sands of the Unseen,Areias dos Invisíveis,sandsoftheunseen,Sands of the Unseen,Areias dos Invisíveis,,,zoth,99/100,uncommon,"Creatures with :air:Air have ""Invisibility: Strike 10.""","Criaturas com :air:Ar têm ""Invisibilidade: Ataque 10"".","Danians seek the answers to Mipedian invisibility, but they realize too late that some secrets should remain mysteries.","Os Danians buscam respostas para a invisibilidade Mipedian, mas percebem tarde demais que alguns segredos devem permanecer mistérios.",FALSE,Courage,Coragem,,,"Keith Conroy, Emilio Lopez",https://i.imgur.com/WYucDcF.png,Sands of the Unseen__zoth
ZOTH-100/100,Sha-Kree Flats,Planícies Sha-Kree,shakreeflats,Sha-Kree Flats,Planícies Sha-Kree,,,zoth,100/100,super rare,"At the beginning of combat, engaged Elementalist Creatures gain an Elemental type of their controller's choice.","No início do combate, as Criaturas Elementalistas em combate ganham um Elemento à escolha de seu controlador.","Flat, dry, inhospitable. Perfect!","Plano, seco, inóspito. Perfeito!",FALSE,Mipedian,Mipedian,,,"Keith Conroy, David Curiel",https://i.imgur.com/ZvbYcHm.png,Sha-Kree Flats__zoth
ZOTH-91/100,The Barracks,As Barracas,thebarracks,The Barracks,As Barracas,,,zoth,91/100,rare,"At the end of combat, if a Warrior you control was engaged that combat, you can relocate it to any unoccupied space on the Battleboard adjacent to it.","Ao final do combate, se um Guerreiro que você controla esteve em combate, você pode realocá-lo para qualquer espaço desocupado no Tabuleiro adjacente a ele.",Rest well tonight. Another harsh day awaits.,Durma bem esta noite. Outro dia difícil o aguarda.,FALSE,Power,Poder,,,"Keith Conroy, David Curiel",https://i.imgur.com/V73UpZT.png,The Barracks__zoth
ZOTH-93/100,The Darkened Dunes,As Dunas Escurecidas,thedarkeneddunes,The Darkened Dunes,As Dunas Escurecidas,,,zoth,93/100,super rare,"Creatures with :earth:Earth have ""Range"" and ""Swift 1.""","Criaturas com :earth:Terra têm ""Alcance"" e ""Ágil 1"".","The dark whirlwind descends, enveloping you in its black, velvet grip... and never lets go.","O turbilhão escuro desce, envolvendo você em seu abraço negro e aveludado... e nunca mais o solta.",FALSE,Air,Ar,,,"Keith Conroy, David Curiel",https://i.imgur.com/reJBN0d.png,The Darkened Dunes__zoth
SS-91/100,Catacombs of the Conjurors,Catacumbas dos Conjuradores,catacombsoftheconjurors,Catacombs of the Conjurors,Catacumbas dos Conjuradores,,,ss,91/100,rare,"Damage dealt to Warbeast Creatures by Recklessness is reduced by 5.
Conjuror Creatures have ""Recklessness 5.""","O dano causado a Feras da Guerra por Descuido é reduzido em 5. Conjuradores têm ""Descuido 5"".","Shunned by even the most tolerant of Mipedians, Conjurors continue to push the boundaries of Mugic.","Rejeitados até mesmo pelos Mipedians mais tolerantes, os Conjuradores continuam a expandir os limites do Mugic.",FALSE,Warbeast,Fera da Guerra,,,HotShotsVFX,https://i.imgur.com/ThGY8dC.png,Catacombs of the Conjurors__ss
SS-92/100,"Forest of Life, During Aichlyys","Floresta da Vida, Durante o Aichlyys",forestoflifeduringaichlyys,Forest of Life,Floresta da Vida,During Aichlyys, Durante o Aichlyys,ss,92/100,uncommon,Creatures do not have and cannot gain Invisibility.,As criaturas não tem e não podem ganhar invisibilidade.,"On those rare nights when the triad stars of Lup, Lec, and Teo shine above the forest, all secrets are brought to light.","Naquelas raras noites em que as estrelas da tríade Lup, Lec e Teo brilham sobre a floresta, todos os segredos são revelados.",FALSE,Power,Poder,,,HotShotsVFX,https://i.imgur.com/DEvGo7V.png,Forest of Life__ss
SS-94/100,Indigo Grove,Bosque Índigo,indigogrove,Indigo Grove,Bosque Índigo,,,ss,94/100,super rare,"When this becomes the active Location, you can sacrifice a non-Conjuror Creature you control. If you do, return a Conjuror Creature Card in your general discard pile to play to any unoccupied space on the Battleboard.","Quando este local se tornar o local ativo, você pode sacrificar uma Criatura que não seja um Conjurador que você controla. Se fizer isso, devolva um Conjurador do seu Descarte para o jogo em qualquer espaço desocupado Tabuleiro.",,,FALSE,Power,Poder,,,HotShotsVFX,https://i.imgur.com/VnfO1iL.png,Indigo Grove__ss
SS-95/100,Iparu Jungle,Selva de Iparu,iparujungle,Iparu Jungle,Selva de Iparu,,,ss,95/100,ultra rare,"When this becomes the active Location, flip a coin. If tails, shuffle Iparu Jungle into its controller's Location Deck and that player reveals a new active Location.
Mirage: At the beginning of combat, each engaged Creature in this space gains or loses Energy so its Energy is equal to its Scanned Energy.","Quando este se tornar o Local ativo, jogue uma moeda. Se der coroa, seu controlador embaralha Selva de Iparu no Baralho de Locais e revela um novo Local ativo. Miragem: No início do combate, cada Criatura neste espaço ganha ou perde Energia para que esta seja igual à sua Energia Escaneada.",,,FALSE,Wisdom,Sabedoria,Mirage,Miragem,HotShotsVFX,https://i.imgur.com/aa7omq3.png,Iparu Jungle__ss
SS-96/100,Mipedian Dew Farm,Fazenda de Orvalho Mipedian,mipediandewfarm,Mipedian Dew Farm,Fazenda de Orvalho Mipedian,,,ss,96/100,common,"Scouts have :water:Water.
Engaged Creatures with :water:Water have :genericmugic:: Heal 10 damage to target Creature.""","Exploradores ganham :water:Água. Criaturas em combate com :water:Água ganham "":genericmugic:: Cure 10 de dano da criatura alvo.""","Under the sun, one drop is the difference between life and death.","Sob o sol, uma gota é a diferença entre a vida e a morte.",FALSE,Courage,Coragem,,,HotShotsVFX,https://i.imgur.com/LRHjZ0T.png,Mipedian Dew Farm__ss
SS-97/100,Mipedim Lounge,Salão Mipedian,mipedimlounge,Mipedim Lounge,Salão Mipedian,,,ss,97/100,super rare,"Mirage: When an Attack Card is played by a Creature in this space, its controller can flip a coin. If tails, that player sacrifices his engaged Creature. If heads, the attack deals an additional 10 damage, and that player can flip again.","Miragem: Quando um Ataque é usado por uma Criatura neste espaço, seu controlador pode jogar uma moeda. Se cair coroa, o jogador sacrifica sua Criatura em combate. Se cair cara, o Ataque causa 10 de dano adicional, e ele pode jogar uma moeda novamente.",,,FALSE,Invisibility,Invisibilidade,Mirage,Miragem,"Keith Conroy, Anthony Washington",https://i.imgur.com/6JsJrX7.png,Mipedim Lounge__ss
SS-98/100,Mipedim Mirage,Miragem Mipedian,mipedimmirage,Mipedim Mirage,Miragem Mipedian,,,ss,98/100,rare,"Creatures have ""Swift 1.""
Mirage: If an adjacent Creature can move into this space, it must do so.","Criaturas têm ""Ágil 1"". Miragem: Se uma criatura adjacente puder se mover para este espaço, ela deverá fazê-lo.","No one believed what the Muges saw, except for Tiaane.","Ninguém acreditou no que os Magos viram, exceto Tiaane.",FALSE,Danian,Danian,Mirage,Miragem,HotShotsVFX,https://i.imgur.com/g6pofj6.png,Mipedim Mirage__ss
SS-99/100,OverWorld Embassy at Mipedim Oasis,Embaixada do OutroMundo no Oásis Mipedian,overworldembassyatmipedimoasis,OverWorld Embassy at Mipedim Oasis,Embaixada do OutroMundo no Oásis Mipedian,,,ss,99/100,common,"When this becomes the active Location, shuffle any Mirage Locations on the Battleboard into their controllers' Location Decks. 
Mipedian Creatures have :water:Water.","Quando este local se tornar o local ativo, embaralhe quaisquer locais Miragem no tabuleiro no Baralho de Locais de seus controladores. Mipedians têm :water:Água.",Its outward tranquility masks the tumult within.,Sua tranquilidade exterior mascara o tumulto interior.,FALSE,Wisdom,Sabedoria,,,HotShotsVFX,https://i.imgur.com/iUHlJ6p.png,OverWorld Embassy at Mipedim Oasis__ss
SS-100/100,"Rao'Pa Sahkk, The Ocean with No Water","Rao'Pa Sahkk, O Oceano Sem Água",raopasahkktheoceanwithnowater,Rao'Pa Sahkk,Rao'Pa Sahkk,The Ocean with No Water, O Oceano Sem Água,ss,100/100,common,"Attacks that are either :air:Air or :earth:Earth deal an additional 5 damage. (Attacks which are both :air:Air and :earth:Earth deal only 5 additional damage.)
When a :water:Water attack is played, that attack's controller reveals a new active Location.
Mirage: When combat ends, put a :genericmugic: on Creatures in this space who were engaged.","Ataques de :air:Ar ou :earth:Terra causam 5 de dano adicional. (Ataques que sejam :air:Ar e :earth:Terra causam apenas 5 de dano adicional.) Quando um ataque de :water:Água for usado, o controlador desse ataque revela um novo Local ativo. Miragem: Quando o combate terminar, coloque um :genericmugic: nas Criaturas neste espaço que estavam em combate.",,,FALSE,Fire,Fogo,Mirage,Miragem,HotShotsVFX,https://i.imgur.com/ZjxQ5Bg.png,Rao'Pa Sahkk__ss
SS-93/100,The Hunter's Perimeter,O Perímetro do Caçador,thehuntersperimeter,The Hunter's Perimeter,O Perímetro do Caçador,,,ss,93/100,uncommon,"When this becomes the active Location, Mipedian Creatures gain ""Invisibility: Surprise.""
At the beginning of combat, reveal a new active Location.
Mirage: Creatures in this space cannot lose Invisibility from Mugic or abilities. Invisibility abilities of Creatures in this space work against Creatures with Invisibility.","Quando este é o local ativo, :mipedian:Mipedians ganham ""Invisibilidade: Surpresa"". No início do combate, revele um novo local ativo. Miragem: Criaturas neste espaço não podem perder a Invisibilidade por Mugic ou habilidades. Habilidades de Invisibilidade de criaturas neste espaço funcionam contra criaturas com Invisibilidade.",,,FALSE,Speed,Velocidade,Mirage,Miragem,HotShotsVFX,https://i.imgur.com/oytQf97.png,The Hunter's Perimeter__ss
BTD-195/222,Bodal's Arsenal,Arsenal do Bodal,bodalsarsenal,Bodal's Arsenal,Arsenal do Bodal,,,btd,195/222,ultra rare,"When this becomes the active Location, each player can return a Battlegear Card from their general discard pile to play equipped to an unequipped Creature that player controls.","Quando este se tornar o local ativo, cada jogador pode retornar um Equipamento do seu Descarte para o jogo equipado em uma Criatura desequipada que aquele jogador controla.",,,FALSE,Wisdom,Sabedoria,,,HotShotsVFX,https://i.imgur.com/cBXztYA.png,Bodal's Arsenal__btd
BTD-196/222,Brawlers' Burrow,Toca dos Brigões,brawlersburrow,Brawlers' Burrow,Toca dos Brigões,,,btd,196/222,common,"When this becomes the active Location, both players shuffle their Attack Decks and attack discard piles together.
All Creatures have ""Outperform all Disciplines 5.""","Quando este se torna o local ativo, ambos os jogadores embaralham seus Baralhos de Ataque e Pilhas de Descarte de Ataque juntos. Ambas as Criaturas ganham ""Exceder Todas as Disciplinas 5"".",,,FALSE,Speed,Velocidade,,,HotShotsVFX,https://i.imgur.com/LAUcPQE.png,Brawlers' Burrow__btd
BTD-197/222,Broken Edge,Borda Quebrada,brokenedge,Broken Edge,Borda Quebrada,,,btd,197/222,uncommon,"Engaged Creatures have ""Outperform :speed:Speed 5."" 
Damage dealt by :wisdom:Wisdom Attacks is reduced by 5.","Criaturas em combate ganham ""Exceder :speed:Velocidade 5."" O dano causado por ataques de :wisdom:Sabedoria é reduzido em 5.",Nature wages its own war between the forest and the desert.,A natureza trava sua própria guerra entre a floresta e o deserto.,FALSE,Air,Ar,,,HotShotsVFX,https://i.imgur.com/oJ5XuaD.png,Broken Edge__btd
BTD-198/222,Chamber of Waves,Câmara das Ondas,chamberofwaves,Chamber of Waves,Câmara das Ondas,,,btd,198/222,common,Creatures have 10 less in all Disciplines.,Criaturas perdem 10 em todas as Disciplinas.,"As corrupted water flows through the pipes of the gigantic acoustic organ, a sound resonates that is both eerie, beautiful and inexplicably dangerous.","À medida que a água contaminada flui pelos tubos do gigantesco órgão acústico, um som ressoa, sendo ao mesmo tempo misterioso, belo e inexplicavelmente perigoso.",FALSE,Wisdom,Sabedoria,,,HotShotsVFX,https://i.imgur.com/8RFTDrR.png,Chamber of Waves__btd
BTD-199/222,Deadrange Gong,Gongo da Zona Morta,deadrangegong,Deadrange Gong,Gongo da Zona Morta,,,btd,199/222,super rare,"Chieftain Creatures have an additional 15 in all Disciplines and "":water:Water 5.""","Chefes ganham mais 15 em todas as Disciplinas e "":water:Água 5"".","Reverberating throughout the deep, M'arrillians can also receive commands by sensing vibrations in the water.","Reverberando pelas profundezas, os M'arrillians também podem receber comandos ao sentirem vibrações na água.",FALSE,Fire,Fogo,,,HotShotsVFX,https://i.imgur.com/JbXi5CK.png,Deadrange Gong__btd
BTD-200/222,Gambreor's Hut,Cabana do Gambreor,gambreorshut,Gambreor's Hut,Cabana do Gambreor,,,btd,200/222,super rare,"Creatures you control have ""Fireproof 5."" 
If a Creature's Discipline would decrease, that Discipline decreases by 10 less instead.","As Criaturas que você controla têm ""À Prova de Fogo 5"". Se a Disciplina de uma criatura fosse diminuir, essa Disciplina diminui em 10 pontos a menos.",,,TRUE,Power,Poder,,,HotShotsVFX,https://i.imgur.com/ijQXKND.png,Gambreor's Hut__btd
BTD-201/222,Gloom-mire Night,Noite no Pântano Gloomuck,gloommirenight,Gloom-mire Night,Noite no Pântano Gloomuck,,,btd,201/222,common,"Creatures cannot be relocated by Mugic, abilities or Attacks.","As criaturas não podem ser realocadas por Mugic, habilidades ou ataques.","As Bodal sank into the murky swamp, he calculated that he had 45.7 seconds until he would be gargling black ooze.","Enquanto Bodal afundava no pântano lúgubre, ele calculou que tinha 45,7 segundos antes de estar engasgando com uma gosma preta.",FALSE,Mipedian,Mipedian,,,HotShotsVFX,https://i.imgur.com/QsIpL9t.png,Gloom-mire Night__btd
BTD-202/222,Hall of Fatigue,Salão da Fadiga,halloffatigue,Hall of Fatigue,Salão da Fadiga,,,btd,202/222,common,"Engaged Creatures have ""Exhaust :power:Power 5"" and ""Exhaust :speed:Speed 5.""","Criaturas em combate tem ""Exaustão :power:Poder 5"" e ""Exaustão :speed:Velocidade 5"".","When the body has nothing left to give, only the strong-willed fight on.","Quando o corpo não tem mais nada a oferecer, Só os mais determinados continuam lutando.",FALSE,Speed,Velocidade,,,HotShotsVFX,https://i.imgur.com/NC5uVIy.png,Hall of Fatigue__btd
BTD-205/222,Ijahni Outpost,Posto Avançado Ijahni,ijahnioutpost,Ijahni Outpost,Posto Avançado Ijahni,,,btd,205/222,super rare,"Your Creatures have 10 less Energy. 
Mirage: Creatures cannot move off this space unless their controller removes a :genericmugic: from any Creature they control.",Suas criaturas têm 10 de Energia a menos. Miragem: As criaturas não podem se mover deste espaço a menos que seu controlador remova um :genericmugic: de uma criatura que elas controlem.,,,FALSE,Air,Ar,Mirage,Miragem,HotShotsVFX,https://i.imgur.com/VLLQDhw.png,Ijahni Outpost__btd
BTD-206/222,Illusionary Lake,Lago Ilusório,illusionarylake,Illusionary Lake,Lago Ilusório,,,btd,206/222,super rare,"Engaged Creatures do not have :water:Water and cannot gain it.
Mirage: Creatures in this space do not have :water:Water and cannot gain it.",Criaturas em combate perdem e não podem ganhar :water:Água. Miragem: Criaturas neste espaço perdem e não podem ganhar :water:Água.,,,FALSE,Water,Água,Mirage,Miragem,HotShotsVFX,https://i.imgur.com/Xx8m6iz.png,Illusionary Lake__btd
BTD-207/222,Imaginary Walls,Paredes Imaginárias,imaginarywalls,Imaginary Walls,Paredes Imaginárias,,,btd,207/222,rare,"When this becomes the active Location, your opponent can return a Mugic Card in their general discard pile to their hand.
Attacks deal 10 less damage to Creatures that are a M'arrillian or a Minion.","Quando este se tornar o local ativo, seu oponente pode retornar um Mugic do Descarte para a mão dele. Ataques causam 10 de dano a menos contra M'arrillians e Lacaios.",,,TRUE,Danian,Danian,,,HotShotsVFX,https://i.imgur.com/qgK5Oef.png,Imaginary Walls__btd
BTD-209/222,Jade Pillar,Pilar de Jade,jadepillar,Jade Pillar,Pilar de Jade,,,btd,209/222,ultra rare,"When this becomes the active Location, put 10 Jade counters on it. As an attack deals damage, remove 1 Jade Counter for each 5 damage dealt.
When the last Counter is removed, Jade Pillar deals 50 damage to the Creature that played the last attack.","Quando este se tornar o local ativo, coloque 10 Contadores de Jade nele. Conforme um ataque causa dano, remova 1 Contador de Jade para cada 5 de dano causado. Quando o último Contador for removido, o Pilar de Jade causa 50 de dano à criatura que realizou o último ataque.",,,FALSE,Power,Poder,,,"Jim Manoccio, Keith Conroy, David Curiel",https://i.imgur.com/TYCTk3i.png,Jade Pillar__btd
BTD-210/222,"Lava Pond, Milla'iin's Foothold","Tanque de Lava, Domínio do Milla'iin",lavapondmillaiinsfoothold,Lava Pond,Tanque de Lava,Milla'iin's Foothold, Domínio do Milla'iin,btd,210/222,rare,"When this becomes the active Location, each player reveals a random Mugic Card from their hand.
Cards with the same name as the revealed cards cannot be played.
Creatures that are a M'arrillian or a Minion take 5 less non-attack damage.","Quando este é o local ativo, cada jogador revela um Mugic aleatório da sua mão. Cartas com o mesmo nome das cartas reveladas não podem ser jogadas. :marrillian:M'arrillians e Lacaios sofrem 5 de dano a menos de Mugics e Habilidades.",,,FALSE,Power,Poder,,,"Keith Conroy, David Curiel, HotShots VFX",https://i.imgur.com/oKOfIV5.png,Lava Pond__btd
BTD-211/222,Mommark's Catapult Tower,Catapultorre do Mommark,mommarkscatapulttower,Mommark's Catapult Tower,Catapultorre do Mommark,,,btd,211/222,common,"When this becomes the active Location, Creatures you control gain ""Swift 1.""","Quando este é o local ativo, as criaturas que você controla ganham ""Ágil 1"".",,,FALSE,Speed,Velocidade,,,HotShotsVFX,https://i.imgur.com/4OK0Z5o.png,Mommark's Catapult Tower__btd
BTD-212/222,"Mount Pillar Reservoir, Neth'uar's Foothold","Reservatório da Colina de Pilares, Domínio de Neth'uar",mountpillarreservoirnethuarsfoothold,Mount Pillar Reservoir,Reservatório da Colina de Pilares,Neth'uar's Foothold, Domínio de Neth'uar,btd,212/222,rare,"When this becomes the active Location, each player can return a Chieftain Creature Card from their general discard pile to play to any unoccupied space on their side of the Battleboard. 
Creatures that are a M'arrillian or a Minion have "":water:Water 5.""","Quando este se torna o local ativo, cada jogador pode retornar um Chefe do Descarte para o jogo em qualquer espaço desocupado no seu lado do Tabuleiro. :marrillian:M'arrillians e Lacaios ganham "":water:Água 5.""",,,FALSE,Courage,Coragem,,,"Keith Conroy, Emilio Lopez, HotShotsVFX",https://i.imgur.com/Kk5myn0.png,Mount Pillar Reservoir__btd
BTD-213/222,Open Doors of the Deepmines,Portas Abertas das Minas Profundas,opendoorsofthedeepmines,Open Doors of the Deepmines,Portas Abertas das Minas Profundas,,,btd,213/222,super rare,Minion Creatures are treated as if their controller also controlled a Chieftain.,Lacaios são tratados como se seu controlador também controlasse um Chefe.,"""Prepare yourselves! This is the nightmare I foretold!"" — Najarin",Preparem-se! Este é o pesadelo que eu previ! — Najarin,TRUE,Minion,Lacaio,,,HotShotsVFX,https://i.imgur.com/g4ioY8N.png,Open Doors of the Deepmines__btd
BTD-216/222,Psikoom Madness Chamber,Câmara da Loucura de Psikoom,psikoommadnesschamber,Psikoom Madness Chamber,Câmara da Loucura de Psikoom,,,btd,216/222,common,"Engaged Creatures have ""Exhaust :courage:Courage 5"" and ""Exhaust :wisdom:Wisdom 5.""","Criaturas em combate tem ""Exaustão :courage:Coragem 5"" e ""Exaustão :wisdom:Sabedoria 5"".",The lucky ones go insane.,Os sortudos enlouquecem.,FALSE,Courage,Coragem,,,HotShotsVFX,https://i.imgur.com/OcimSfF.png,Psikoom Madness Chamber__btd
BTD-217/222,"Rao'Pa Sahkk, Ihun'kalin's Foothold","Rao'Pa Sahkk, Domínio de Ihun'kalin",raopasahkkihunkalinsfoothold,Rao'Pa Sahkk,Rao'Pa Sahkk,Ihun'kalin's Foothold, Domínio de Ihun'kalin,btd,217/222,rare,"When this becomes the active Location, each player sacrifices a Battlegear. 
When a M'arrillian or Minion Creature wins a Challenge on an Attack it plays, that Creature gains 5 Energy.","Quando este se tornar o local ativo, cada jogador sacrifica um Equipamento. Quando um :marrillian:M'arrillian ou Lacaio vence um Desafio em um Ataque que ele usa, essa Criatura ganha 5 de Energia.",,,FALSE,Speed,Velocidade,,,"Khary Randolph, Emilio Lopez, HotShotsVFX",https://i.imgur.com/huKbWGM.png,Rao'Pa Sahkk__btd
BTD-218/222,"Riverlands, Erak'tabb's Foothold","Rios do OutroMundo, Domínio de Erak'tabb",riverlandseraktabbsfoothold,Riverlands,Rios do OutroMundo,Erak'tabb's Foothold, Domínio de Erak'tabb,btd,218/222,rare,"When this becomes the active Location, each player removes a :genericmugic: from a Creature they control.
Attacks deal 5 less damage to Creatures that are a M'arrillian or a Minion.","Quando este se torna o local ativo, cada jogador remove um Contador de Mugic de uma criatura que controla. Ataques causam 5 de dano a menos contra M'arrillians e Lacaios.",,,FALSE,Wisdom,Sabedoria,,,"Keith Conroy, David Curiel, HotShots VFX",https://i.imgur.com/ZxUqjNB.png,Riverlands__btd
BTD-219/222,Stormgrounds,Terras da Tempestade,stormgrounds,Stormgrounds,Terras da Tempestade,,,btd,219/222,uncommon,Minion Creatures' activated abilities cost an additional :genericmugic: to play.,As habilidades ativadas de Criaturas Lacaio custam 1 :genericmugic: adicional para serem usadas.,The lightning storm has raged for hundreds of years... and will continue to do so long after every Creature is gone.,A tempestade de raios assola a Terra há centenas de anos... e continuará a fazê-lo muito depois de todas as criaturas terem desaparecido.,FALSE,Courage,Coragem,,,HotShotsVFX,https://i.imgur.com/rcFs02y.png,Stormgrounds__btd
BTD-203/222,The Heart of the Jungle,O Coração da Selva,theheartofthejungle,The Heart of the Jungle,O Coração da Selva,,,btd,203/222,super rare,"When one engaged Creature increases or decreases a Discipline except from this ability, increases or decreases that Discipline of the other engaged Creature by the same amount. 
Mirage: Creatures in this space have an additional 10 in all Disciplines.","Quando uma criatura em combate aumenta ou diminui uma Disciplina, exceto por esta habilidade, aumente ou diminua a Disciplina da outra criatura na mesma quantidade. Miragem: Criaturas neste espaço ganham 10 em todas as Disciplinas.",,,TRUE,OverWorld,OutroMundo,Mirage,,HotShotsVFX,https://i.imgur.com/tzP4oby.png,The Heart of the Jungle__btd
BTD-204/222,The Hive Gallery,A Galeria da Multidão,thehivegallery,The Hive Gallery,A Galeria da Multidão,,,btd,204/222,uncommon,"Engaged Creatures have ""Outperform :courage:Courage 5."" 
Damage dealt by :power:Power Attacks is reduced by 5.","Criaturas em combate ganham ""Exceder :courage:Coragem 5"". O dano causado por Ataques de :power:Poder é reduzido em 5.","As long as we never forget the fallen, they will live forever.","Enquanto não nos esquecermos dos que caíram, eles viverão para sempre.",FALSE,Earth,Terra,,,HotShotsVFX,https://i.imgur.com/YbDf6Wq.png,The Hive Gallery__btd
BTD-208/222,The Infectorium,O Infectório,theinfectorium,The Infectorium,O Infectório,,,btd,208/222,rare,"At the beginning of combat, deal 15 damage to Infected engaged non-Danian Creatures.","No início do combate, cause 15 de dano as Criaturas em combate infectadas que não sejam :danian:Danians.","As the breeding ground of millions of parasites, Danians can infect every Creature in Perim a hundred times over.","Como criadouro de milhões de parasitas, os Danians podem infectar todas as Criaturas em Perim centenas de vezes.",FALSE,Courage,Coragem,,,HotShotsVFX,https://i.imgur.com/SYNPkCw.png,The Infectorium__btd
BTD-214/222,The OverWorld Library,A Biblioteca do OutroMundo,theoverworldlibrary,The OverWorld Library,A Biblioteca do OutroMundo,,,btd,214/222,uncommon,"Engaged Creatures have ""Outperform :wisdom:Wisdom 5."" 
Damage dealt by :courage:Courage Attacks is reduced by 5.","Criaturas em combate ganham ""Exceder :wisdom:Sabedoria 5"". O dano causado por Ataques de :courage:Coragem é reduzido em 5.","From cookbooks to Cothica clues, every book written is within.","De livros de receitas a pistas sobre a Cothica, todo o livro já escrito esta aqui.",FALSE,Water,Água,,,HotShotsVFX,https://i.imgur.com/ymY9TCG.png,The OverWorld Library__btd
BTD-215/222,The Pits,As Covas,thepits,The Pits,As Covas,,,btd,215/222,uncommon,"Engaged Creatures have ""Outperform :power:Power 5."" 
Damage dealt by :speed:Speed Attacks is reduced by 5.","Criaturas em combate ganham ""Exceder :power:Poder 5."" O dano causado por Ataques de :speed:Velocidade é reduzido em 5.",The UnderWorlders are fair - all are guilty until proven innocent.,Os submundanos são justos - todos são culpados até que se prove o contrário.,FALSE,Fire,Fogo,,,"Keith Conroy, Anthony Washington",https://i.imgur.com/fPXFtpL.png,The Pits__btd
BTD-220/222,Ulmar's Projection Cavern,Caverna de Projeção do Ulmar,ulmarsprojectioncavern,Ulmar's Projection Cavern,Caverna de Projeção do Ulmar,,,btd,220/222,super rare,"When this becomes the active Location, your opponent reveals a new active Location. 
Mirage: At the beginning of each player's turn, if this space is unoccupied, that player can relocate one of their Creatures to this space on the Battleboard.","Quando este se tornar o local ativo, seu oponente revela um novo local ativo. Miragem: No início do turno de cada jogador, se este espaço estiver desocupado, esse jogador pode realocar uma de suas criaturas para este espaço no Tabuleiro.",,,TRUE,Water,Água,Mirage,Miragem,HotShotsVFX,https://i.imgur.com/LXMjjLN.png,Ulmar's Projection Cavern__btd
BTD-221/222,Van Bloot's Banquet,Banquete de Van Bloot,vanblootsbanquet,Van Bloot's Banquet,Banquete de Van Bloot,,,btd,221/222,super rare,"Creatures that are a M'arrillian or a Minion have an additional 5 Energy. 
When your engaged Creature loses Initiative, it gains 20 to all Disciplines.",":marrillian:M'arrillians e Lacaios ganham 5 de Energia adicional. Quando sua criatura em combate perde a Iniciativa, ela ganha 20 em todas as Disciplinas.","A toast to my new friends! Together, we'll overthrow Chaor!",,FALSE,UnderWorld,Submundo,,,HotShotsVFX,https://i.imgur.com/pJP4zA0.png,Van Bloot's Banquet__btd
BTD-222/222,Vidav's Refectorium,Refeitório do Vidav,vidavsrefectorium,Vidav's Refectorium,Refeitório do Vidav,,,btd,222/222,uncommon,"When this becomes the active Location, each player draws two Attack Cards, then discards two Attack Cards.","Quando este se torna o local ativo, cada jogador compra dois Ataques e, em seguida, descarta dois Ataques.","Though Vidav wants peace, his battle tactics are undeniably the best.","Embora Vidav deseje a paz, suas táticas de batalha são inegavelmente as melhores.",FALSE,Wisdom,Sabedoria,,,HotShotsVFX,https://i.imgur.com/fMLjVL6.png,Vidav's Refectorium__btd
ROTO-91/100,Frozen Fire,Fogo Congelado,frozenfire,Frozen Fire,Fogo Congelado,,,roto,91/100,uncommon,"When a Creature has a Mugic counter put on it or removed from it, deal 5 damage to it.","Quando um :genericmugic: for colocado ou removido de uma Criatura, cause 5 de dano a ela.",The ocean of flames chills as it burns.,O oceano de chamas gela enquanto queima.,FALSE,Wisdom,Sabedoria,,,HotShotsVFX,https://i.imgur.com/2mqd2ag.png,Frozen Fire__roto
ROTO-92/100,Kiru City Tunnels,Túneis da Cidade Kiru,kirucitytunnels,Kiru City Tunnels,Túneis da Cidade Kiru,,,roto,92/100,uncommon,"Creatures with 35 or more Scanned Energy deal 10 less attack damage.
When any player shuffles their Attack Deck, that player reveals a new active Location.","Criaturas com 35 ou mais de Energia Escaneada causam 10 de dano de ataque a menos. Quando qualquer jogador embaralha seu Baralho de Ataque, esse jogador revela um novo Local ativo.",,,FALSE,Muge,Mago,,,HotShotsVFX,https://i.imgur.com/OoDusKp.png,Kiru City Tunnels__roto
ROTO-93/100,Psi-fanger's Shelf,Parede de Psi-Presas,psifangersshelf,Psi-fanger's Shelf,Parede de Psi-Presas,,,roto,93/100,super rare,"If a player would draw and play an Attack, they return an Attack from their Attack Discard pile to their hand and play an Attack instead. If an Attack played this way would go to the discard pile, place it on the bottom of its owner's Attack Deck instead.
If any Attack Discard pile is empty, reveal a new active location.","Se um jogador fosse comprar e jogar um Ataque, ele devolve um Ataque da sua Pilha de Descarte para a mão e joga um Ataque em vez disso. Se um Ataque jogado desta forma fosse para a Pilha de Descarte, coloque-o no fundo do Baralho de Ataques do seu dono. Se alguma Pilha de Descarte de Ataques estiver vazia, revele um novo local ativo.",,,FALSE,Power,Poder,,,Imaginary Friends Studios,https://i.imgur.com/PyhRPPr.png,Psi-fanger's Shelf__roto
ROTO-94/100,Royal Mipedian Academy of Melee Arts,Academia Real de Artes Marciais Mipedian,royalmipedianacademyofmeleearts,Royal Mipedian Academy of Melee Arts,Academia Real de Artes Marciais Mipedian,,,roto,94/100,rare,"Non-attack damage is reduced to 0. 
Mirage: Creatures in this space cannot be targeted by Mugic.",Dano que não seja de Ataque é reduzido a 0. Miragem: As Criaturas neste espaço não podem ser alvo de Mugic.,"Trust not blades, for they break. Trust not shields, for they shatter. Trust only yourself, who can neither break nor shatter.","Não confie em lâminas, pois elas quebram. Não confie em escudos, pois eles se estilhaçam. Confie apenas em si mesmo, que não pode quebrar nem se estilhaçar.",FALSE,Speed,Velocidade,Mirage,Miragem,HotShotsVFX,https://i.imgur.com/8RPHJlr.png,Royal Mipedian Academy of Melee Arts__roto
ROTO-95/100,Siril'ean's Lair,Covil do Siril'ean,sirileanslair,Siril'ean's Lair,Covil do Siril'ean,,,roto,95/100,rare,"At the beginning of combat, if a player has fewer Mugic Cards in hand than the number of Creatures they control, that player discards a Mugic Card.","No início do combate, se um jogador tiver menos Mugics na mão do que o número de Criaturas que controla, esse jogador descarta um Mugic.",,,FALSE,Courage,Coragem,,,Imaginary Friends Studios,https://i.imgur.com/kCEMcwE.png,Siril'ean's Lair__roto
ROTO-96/100,Skeletal Springs,Jardim de Esqueletos,skeletalsprings,Skeletal Springs,Jardim de Esqueletos,,,roto,96/100,uncommon,"Creatures with :water:Water have "":water:Water 5."" 
Fluidmorpher Creatures cannot have Mugic counters put on them or use Mugic counters to pay for Mugic or abilities.","Criaturas com :water:Água ganham "":water:Água 5."" Fluidomorfos não podem receber :genericmugic:, nem gastar :genericmugic: para usar Mugics ou habilidades.",,,FALSE,OverWorld,OutroMundo,,,HotShotsVFX,https://i.imgur.com/VPnZNw8.png,Skeletal Springs__roto
ROTO-97/100,The Coralsmithy,A Forja de Corais,thecoralsmithy,The Coralsmithy,A Forja de Corais,,,roto,97/100,rare,"When an attack that has both :fire:Fire and :water:Water is played by a Creature, its controller can swap one of that Creature's Battlegear with a Battlegear Card in its controller's general discard pile.","Quando uma criatura usa um Ataque que possui tanto :fire:Fogo quanto :water:Água, seu controlador pode trocar um dos Equipamentos dessa criatura por um Equipamento no Descarte de seu controlador.",,,FALSE,Fire,Fogo,,,HotShotsVFX,https://i.imgur.com/Rl9z3rm.png,The Coralsmithy__roto
ROTO-98/100,The Oligarch's Path,O Caminho do Oligarca,theoligarchspath,The Oligarch's Path,O Caminho do Oligarca,,,roto,98/100,common,"Chieftain Creatures have an additional 10 Energy.
Creatures pay 4 less Mugic counters to play Mugic named Calling of Aa'une.",Chefes ganham 10 de Energia adicional. O Mugic Chamado de Aa'une custa :marrillianmugic::marrillianmugic::marrillianmugic::marrillianmugic: a menos para usar.,Najarin's visions were getting more disturbing. How could the worst be still to come?!?,As visões de Najarin estavam ficando cada vez mais perturbadoras. Como o pior ainda poderia estar por vir?!,FALSE,Chieftain,Chefe,,,Robert Dizon,https://i.imgur.com/vTGn9pq.png,The Oligarch's Path__roto
ROTO-99/100,The Rao'Pa Sahkk Chimegrid,O Carrilhão de Rao'Pa Sahkk,theraopasahkkchimegrid,The Rao'Pa Sahkk Chimegrid,O Carrilhão de Rao'Pa Sahkk,,,roto,99/100,common,"When this becomes the active Location, each player puts a :genericmugic: on a Creature they control.","Quando este se torna o local ativo, cada jogador coloca um :genericmugic: em uma criatura que controla.",The sound reverberated far and wide - the Song of Doom!,,FALSE,Mugic counters,Contadores de Mugic,,,HotShotsVFX,https://i.imgur.com/Ddy2YfL.png,The Rao'Pa Sahkk Chimegrid__roto
ROTO-100/100,The Training Grounds,O Campo de Treinamento,thetraininggrounds,The Training Grounds,O Campo de Treinamento,,,roto,100/100,ultra rare,"At the beginning of combat, deal 5 damage to each engaged Creature for each Mugic counter on that Creature.
When a Creature wins combat, put Mugic counters on that Creature equal to its Mugic Ability.","No início do combate, cause 5 de dano a ambas as Criaturas para cada :genericmugic: que possuem. Quando uma Criatura vence o combate, coloque :genericmugic: naquela criatura igual a seus Contadores Escaneados.",,,FALSE,Mugic Ability,Habilidade de Mugic,,,HotShotsVFX,https://i.imgur.com/rxAsQjj.png,The Training Grounds__roto
TOTT-91/100,"Brawlers' Burrow, Pugilist's Pit","Toca dos Brigões, Poço do Pugilista",brawlersburrowpugilistspit,Brawlers' Burrow,Toca dos Brigões,Pugilist's Pit, Poço do Pugilista,tott,91/100,common,"Engaged Creatures have ""Disarm.""","Criaturas em combate ganham ""Desarmar"".","Unfortunately for Solvis, eye gouging is still legal.","Infelizmente para Solvis, arrancar olhos ainda é permitido.",FALSE,Power,Poder,,,Imaginary Friends Studios,https://i.imgur.com/9JgLBk4.png,Brawlers' Burrow__tott
TOTT-92/100,Foothold Assault Trench,Ataque de Trincheira ao Domínio,footholdassaulttrench,Foothold Assault Trench,Ataque de Trincheira ao Domínio,,,tott,92/100,super rare,"If all Creatures a player controls share a Tribe, that player's engaged Creature deals an additional 5 attack damage.","Se todas as Criaturas que um jogador controla compartilharem uma Tribo, a criatura em combate desse jogador causa 5 de dano de ataque adicional.",,,TRUE,Wisdom,Sabedoria,,,Imaginary Friends Studios,https://i.imgur.com/UrM8j6e.png,Foothold Assault Trench__tott
TOTT-93/100,"Glacier Plains, M'arrillian Melting Camp","Geleiras, Campo de Fusão M'arrillian",glacierplainsmarrillianmeltingcamp,Glacier Plains,Geleiras,M'arrillian Melting Camp, Campo de Fusão M'arrillian,tott,93/100,super rare,"At the beginning of combat, each player can remove two Mugic counters from any Creatures they control. If a player does not, their engaged Creature loses 50 in each Discipline.","No início do combate, cada jogador pode remover :genericmugic::genericmugic: de quaisquer criaturas que ele controle. Se um jogador não o fizer, sua criatura em combate perde 50 em todas as Disciplina.",,,FALSE,Fluidmorpher,Fluidomorfo,,,HotShotsVFX,https://i.imgur.com/mpBXWl7.png,Glacier Plains__tott
TOTT-94/100,Lore's Chamber of Recall,Câmara da Recordação do Lore,loreschamberofrecall,Lore's Chamber of Recall,Câmara da Recordação do Lore,,,tott,94/100,rare,"When this becomes the active Location, remove all cards in each general discard pile from the game.
Mirage: At the beginning of combat, engaged Creatures in this space with 30 or less Scanned Energy gain 30 Energy.","Quando este se tornar o local ativo, remova todas as cartas no Descarte do jogo. Miragem: No início do combate, Criaturas combatentes neste espaço com 30 ou menos de Energia Escaneada ganham 30 de Energia.",,,FALSE,Power,Poder,Mirage,,HotShotsVFX,https://i.imgur.com/KuWBRm4.png,Lore's Chamber of Recall__tott
TOTT-95/100,Pouril Forest,Floresta Chuvosa,pourilforest,Pouril Forest,Floresta Chuvosa,,,tott,95/100,rare,Creatures do not have and cannot gain Defender.,As Criaturas não possuem e não podem ganhar Defensor.,The most peaceful place in Perim... until Yokkis shows up and slaps a pie in your face!,O lugar mais tranquilo de Perim... até o Yokkis aparecer e jogar uma torta na sua cara!,FALSE,Courage,Coragem,,,HotShotsVFX,https://i.imgur.com/ej5pQwv.png,Pouril Forest__tott
TOTT-96/100,Prototype Demolition Field,Campo Prototípico de Demolição,prototypedemolitionfield,Prototype Demolition Field,Campo Prototípico de Demolição,,,tott,96/100,super rare,"When a Creature deals 20 or more damage with its first attack each combat, destroy all Battlegear equipped to it.","Se uma Criatura causar 20 ou mais de dano com seu primeiro Ataque, destrua todos os Equipamentos equipados nela.",Finish first? I'm more worried about finishing in one piece!,Terminar primeiro? Estou mais preocupado em Terminar inteiro!,FALSE,Speed,Velocidade,,,HotShotsVFX,https://i.imgur.com/Zz5FgPT.png,Prototype Demolition Field__tott
TOTT-97/100,Shardcrafters' Workshop,Oficina dos Artesãos de Cacos,shardcraftersworkshop,Shardcrafters' Workshop,Oficina dos Artesãos de Cacos,,,tott,97/100,rare,"Shard Battlegear have ""Equipped Creature deals an additional 5 attack damage."" 
Battlegear cannot be flipped face-down.","Cacos Kha'rall ganham a ""A Criatura equipada causa 5 de dano de ataque adicional"". Equipamentos não podem ser virados para baixo.",Kha'rall are nearly unstoppable. The shards guarantee that they are.,Os Kha'rall são praticamente imparáveis. Os cacos garantem isso.,FALSE,Wisdom,Sabedoria,,,HotShotsVFX,https://i.imgur.com/7d3JzwT.png,Shardcrafters' Workshop__tott
TOTT-98/100,The Phalanx Portcullis,O Rastrilho da Falange,thephalanxportcullis,The Phalanx Portcullis,O Rastrilho da Falange,,,tott,98/100,uncommon,"Creatures with less than 50 :courage:Courage deal 5 less attack damage.
Creatures with more than 100 :courage:Courage deal an additional 5 attack damage.",Criaturas com menos de 50 de Coragem causam 5 de dano de ataque a menos. Criaturas com mais de 100 de :courage:Coragem causam 5 de dano de ataque adicional.,,,FALSE,Scanned Energy,Energia Escaneada,,,HotShotsVFX,https://i.imgur.com/4x4IEXB.png,The Phalanx Portcullis__tott
TOTT-99/100,"The Storm Tunnel, Flooding","O Túnel da Tempestade, Inundação",thestormtunnelflooding,The Storm Tunnel,O Túnel da Tempestade,Flooding, Inundação,tott,99/100,common,"Engaged Creatures have "":water:Water 5.""
Creatures with :air:Air that became engaged this turn have an additional 10 Energy.","Criaturas em combate ganham "":water:Água 5."" Criaturas em combate com :air:Ar ganham 10 de Energia adicional.","The air drowns, the sky cries, the winds cease, the hope dies.","O ar se afoga, o céu chora, os ventos cessam, a esperança morre.",FALSE,Speed,Velocidade,,,"Keith Conroy, Emilio Lopez, HotShotsVFX",https://i.imgur.com/qRdg2E3.png,The Storm Tunnel__tott
TOTT-100/100,"UnderWorld City, During Van Bloot's Ascent","Cidade do Submundo, Durante a Ascensão de Van Bloot",underworldcityduringvanblootsascent,UnderWorld City,Cidade do Submundo,During Van Bloot's Ascent, Durante a Ascensão de Van Bloot,tott,100/100,uncommon,"Creatures not named Lord Van Bloot have 10 less :courage:Courage.
Attack Cards played by Minion Creatures have ""Challenge :courage:Courage 15: Deal 5 damage.""","Criaturas que não se chamam Lorde Van Bloot perdem 10 de :courage:Coragem. Ataques de Criaturas Lacaio ganham ""Desafio de :courage:Coragem 15: Cause 5 de dano.""",,,FALSE,Courage,Coragem,,,"Keith Conroy, Khary Randolph, Chris Fisher",https://i.imgur.com/RoLrWm3.png,UnderWorld City__tott
FUN-89/100,"Carnival of Confusion, Mind Games","Carnaval da Confusão, Jogos Mentais",carnivalofconfusionmindgames,Carnival of Confusion,Carnaval da Confusão,Mind Games, Jogos Mentais,fun,89/100,rare,"When a player would draw and play an Attack Card, instead they reveal and play the top card of their Attack Deck.","Quando um jogador for comprar e jogar um Ataque, em vez disso, ele revela e joga a carta do topo do seu Baralho de Ataque.","If I say I'm lying, am I telling the truth?","Se eu disser que estou mentindo, estarei dizendo a verdade?",FALSE,Speed,Velocidade,,,"Andrew Bradshaw, Reggie Butler, HotShotsVFX",https://i.imgur.com/sA09HZ7.png,Carnival of Confusion__fun
FUN-90/100,Cryomorph Barricades,Barricadas Criomorfas,cryomorphbarricades,Cryomorph Barricades,Barricadas Criomorfas,,,fun,90/100,uncommon,"Creatures with Defender deal an additional 5 attack damage. 
Mirage: Creatures in this space have ""Defender.""","Criaturas com Defensor causam 5 de dano de ataque adicional. Miragem: Criaturas neste espaço ganham ""Defensor"".",Even Intress was flabbergasted that the Fluidmorphers built the wall in a day.,Até mesmo Intress ficou estupefata com o fato de os Fluidomorfos terem construído o muro em um único dia.,FALSE,Power,Poder,Mirage,,"Chris Fisher, HotShotsVFX",https://i.imgur.com/qcUCrtk.png,Cryomorph Barricades__fun
FUN-91/100,"Glacier Plains, M'arrillian Heat Cannon","Geleiras, Canhão de Calor M'arrillian",glacierplainsmarrillianheatcannon,Glacier Plains,Geleiras,M'arrillian Heat Cannon, Canhão de Calor M'arrillian,fun,91/100,ultra rare,Remove 50 Mugic counters from among Creatures you control: Win the game. Any player can play this ability.,Remova 50 :genericmugic: dentre as criaturas que você controla: Ganhe o jogo. Qualquer jogador pode usar esta habilidade.,"""If the ice melts, Perim will die. We must stop it... no matter what the sacrifice."" — Tangath Toborn","Se o gelo derreter, Perim morrerá. Devemos impedir isso... não importa o sacrifício. — Tangath Toborn",TRUE,Mugic counters,Contadores de Mugic,,,Imaginary Friends Studios,https://i.imgur.com/3vOnBAs.png,Glacier Plains__fun
FUN-92/100,Gorram's Briefing,Discurso do Gorram,gorramsbriefing,Gorram's Briefing,Discurso do Gorram,,,fun,92/100,common,"At the beginning of combat, engaged Creatures gains 5 Energy and 5 to all Disciplines for each Tribe its controller controls.","No início do combate, as criaturas combatentes ganham 5 de Energia e 5 em todas as Disciplinas para cada Tribo que seu controlador controla.",The beginning of the end begins.,O começo do fim começa.,FALSE,Courage,Coragem,,,Imaginary Friends Studios,https://i.imgur.com/Qja046l.png,Gorram's Briefing__fun
FUN-93/100,Lake Blakeer,Lago Blakeer,lakeblakeer,Lake Blakeer,Lago Blakeer,,,fun,93/100,super rare,"At the beginning of combat, engaged M'arrillian Creatures lose 10 Energy. engaged M'arrillian Creatures named Aa'une gain 20 Energy instead.","No início do combate, :marrillian:M'arrillians combatentes perdem 10 de Energia. :marrillian:M'arrillians em combate com o nome Aa'une ganham 20 de Energia em vez disso.",The legend forged here will last for generations.,A lenda forjada aqui perdurará por gerações.,FALSE,Wisdom,Sabedoria,,,HotShotsVFX,https://i.imgur.com/op2y85s.png,Lake Blakeer__fun
FUN-94/100,"Lake Morn, Globe Storm","Lago Morn, Tempestade Global",lakemornglobestorm,Lake Morn,Lago Morn,Globe Storm, Tempestade Global,fun,94/100,common,"When this becomes the active Location, flip a coin. If heads, Creatures with :water:Water take an additional 5 attack damage. If tails, Creatures with :water:Water take 5 less attack damage.","Quando este se tornar o local ativo, jogue uma moeda.  Se der cara, criaturas com :water:Água sofrem 5 de dano de ataque adicional. Se der coroa, criaturas com :water:Água sofrem 5 de dano de ataque a menos.",,,FALSE,Air,Ar,,,Imaginary Friends Studios,https://i.imgur.com/nLY7A04.png,Lake Morn__fun
FUN-95/100,M'arrillian Pulse Beacons,Faróis de Pulso M'arrillian,marrillianpulsebeacons,M'arrillian Pulse Beacons,Faróis de Pulso M'arrillian,,,fun,95/100,common,"When this becomes the active Location, flip all face-up Battlegear face-down.","Quando este se tornar o local ativo, vire todos Equipamentos para baixo.",The M'arrillians need not be present to make their presence felt.,Os M'arrillians não precisam estar presentes para fazerem sentir a sua presença.,FALSE,Power,Poder,,,HotShotsVFX,https://i.imgur.com/6ztxliR.png,M'arrillian Pulse Beacons__fun
FUN-96/100,Numin Voidland,Terra Vazia de Numin,numinvoidland,Numin Voidland,Terra Vazia de Numin,,,fun,96/100,uncommon,"At the beginning of combat, engaged Creatures lose all Elemental Types and gain 10 Energy for each Elemental Type lost this way.","No início do combate, ambas as criaturas perdem seus Elementos e ganham 10 de Energia para Elemento perdido dessa forma.","Nothing survives here, not even the M'arrillians themselves!","Nada sobrevive aqui, nem mesmo os próprios M'arrillians!",FALSE,Scanned Energy,Energia Escaneada,,,"Keith Conroy, HotShotsVFX",https://i.imgur.com/E8vKeFT.png,Numin Voidland__fun
FUN-97/100,Pyrogenousist's Hearth,Lareira do Pirogenesista,pyrogenousistshearth,Pyrogenousist's Hearth,Lareira do Pirogenesista,,,fun,97/100,common,"At the beginning of combat, deal 10 damage to each engaged Creature with no Mugic counters on them.","No início do combate, cause 10 de dano a cada criatura combatente que não possua :genericmugic:.",,,FALSE,Fire,Fogo,,,HotShotsVFX,https://i.imgur.com/jY6uZXK.png,Pyrogenousist's Hearth__fun
FUN-98/100,Quarters of the Quartet,Quartel do Quarteto,quartersofthequartet,Quarters of the Quartet,Quartel do Quarteto,,,fun,98/100,super rare,"While a player controls exactly four Tribes, that player's Creatures have ""Untargetable by opponents.""","Enquanto um jogador controlar exatamente quatro Tribos, as criaturas desse jogador terão a habilidade ""Não pode ser alvo do oponente"".","Four minds, one heart, Perim forever.","Quatro mentes, um coração, Perim para sempre.",FALSE,Mugic counters,Contadores de Mugic,,,"Keith Conroy, Reggie Butler",https://i.imgur.com/Xjh691R.png,Quarters of the Quartet__fun
FUN-99/100,"The Northrange, Highground","A Cordilheira Norte, Terreno Elevado",thenorthrangehighground,The Northrange,A Cordilheira Norte,Highground, Terreno Elevado,fun,99/100,rare,"When this becomes the active Location, choose a Tribe. All Creatures also count as that Tribe. 
Mirage: Creatures in this space count as all Tribes.","Quando este local se tornar o local ativo, escolha uma Tribo. Todas as criaturas também contam como pertencentes a essa Tribo. Miragem: As criaturas neste espaço contam como pertencentes a todas as Tribos.",,,FALSE,Courage,Coragem,Mirage,Miragem,Adrian Barrios. Anthony Washington,https://i.imgur.com/kfFP5I7.png,The Northrange__fun
FUN-100/100,"The Storm Tunnel, Ki'bro's Foothold","O Túnel da Tempestade, Domínio de Ki'bro",thestormtunnelkibrosfoothold,The Storm Tunnel,O Túnel da Tempestade,Ki'bro's Foothold, Domínio de Ki'bro,fun,100/100,common,"All attacks also count as :water:Water attacks. 
Damage dealt by :air:Air attacks is reduced by 5.",Todos os ataques também contam como ataques de :water:Água. O dano causado por Ataques de :air:Ar é reduzido em 5.,Fighting the war on many fronts stretches even the M'arrillians to their limits.,Lutar a guerra em várias frentes leva até mesmo os M'arrillians ao limite.,FALSE,Water,Água,,,"Emilio Lopez, HotShotsVFX",https://i.imgur.com/0C1lu7F.png,The Storm Tunnel__fun
AU-175/200,AZAIA Mindscrying Chamber,Câmara de Vidência Mental AZAIA,azaiamindscryingchamber,AZAIA Mindscrying Chamber,Câmara de Vidência Mental AZAIA,,,au,175/200,super rare,"When this becomes the active Location, Creatures lose all Elemental Types.","Quando este se torna o ativo, as criaturas perdem todos os seus Elementos.",Your most private secrets may be locked in the deepest recesses of your mind... but we hold the key.,Seus segredos mais íntimos podem estar trancados nos recônditos mais profundos da sua mente... mas nós temos a chave.,FALSE,M'arrillian,M'arrillian,,,Imaginary Friends Studios,https://i.imgur.com/E9qxZAi.png,AZAIA Mindscrying Chamber__au
AU-176/200,Castle Mommark,Castelo Mommark,castlemommark,Castle Mommark,Castelo Mommark,,,au,176/200,super rare,"When this becomes the active Location, each player can sacrifice a Creature they control. If they do, they can return another Creature Card from their general discard pile to play to any unoccupied space on their side of the Battleboard.","Quando este se torna o local ativo, cada jogador pode sacrificar uma criatura que controla. Se o fizer, pode retornar outra criatura do seu Descarte para o  jogo em qualquer espaço desocupado do seu lado do Tabuleiro.",,,FALSE,Fire,Fogo,,,"Keith Conory, HotShotsVFX",https://i.imgur.com/KP8bfI3.png,Castle Mommark__au
AU-177/200,Castle Rathwaq,Castelo Rathwaq,castlerathwaq,Castle Rathwaq,Castelo Rathwaq,,,au,177/200,common,The engaged Creature with the lowest :power:Power deals 5 less damage with attacks.,A Criatura em combate com menor Poder causa 5 de dano a menos com ataques.,"Grotesquely beautiful, the design is as twisted as its inhabitants.","De uma beleza grotesca, o projeto é tão distorcido quanto seus habitantes.",FALSE,Earth,Terra,,,HotShotsVFX,https://i.imgur.com/wcPjD9D.png,Castle Rathwaq__au
AU-178/200,"City of Kehn-sep, Tablet Dig Site","Cidade de Kehn-sep, Sítio de Escavação da Tábua",cityofkehnseptabletdigsite,City of Kehn-sep,Cidade de Kehn-sep,Tablet Dig Site, Sítio de Escavação da Tábua,au,178/200,rare,"At the beginning of combat, each player reveals the top 2 cards of their Attack Deck. Any player who reveals 3 or more total Build Points in Attack Cards puts :genericmugic::genericmugic: on their engaged Creature. Put the revealed cards on the bottom of the Attack Deck in any order.","No início do combate, cada jogador revela 2 Ataques do topo do seu Baralho. Qualquer jogador que revelar 2 Ataques com um total de 3 ou mais Pontos de Construção coloca 2 Contadores de Mugic em sua Criatura combatente. Coloque as cartas reveladas no fundo do Baralho em qualquer ordem.",,,FALSE,Mipedian,Mipedian,,,HotShotsVFX,https://i.imgur.com/BMeKc9T.png,City of Kehn-sep__au
AU-S20/26,"Dranakis Threshold, Portal to the Past","Limiar de Dranakis,  Portal para o Passado",dranakisthresholdportaltothepast,Dranakis Threshold,Limiar de Dranakis,Portal to the Past,  Portal para o Passado,au,S20/26,super rare,"Creatures are considered Past Creatures.
Creatures have no Tribes.",As Criaturas são consideradas Criaturas do Passado. As Criaturas não possuem Tribos.,"The past, present and future all converge here.","O passado, o presente e o futuro convergem aqui.",FALSE,Speed,Velocidade,Past,Passado,HotShotsVFX,https://i.imgur.com/NGj9Qbw.png,Dranakis Threshold__au
AU-180/200,Elmantiir,Elmantiir,elmantiir,Elmantiir,Elmantiir,,,au,180/200,common,"At the beginning of combat, engaged Creatures gain 5 Energy for each Elemental Type they have.","No início do combate, ambas as criaturas ganham 5 de Energia para cada Elemento que possuírem.","As the Elmantiir manifested, Intress knew that she would win - the Emperors of the Elements had bestowed their might upon her.","Quando Elmantiir se manifestou, Intress soube que venceria - os Imperadores dos Elementos haviam lhe concedido seu poder.",FALSE,Elementalist,Elementalista,,,"Keith Conroy, David Curiel",https://i.imgur.com/EBakrrO.png,Elmantiir__au
AU-S21/26,"Gigantempopolis, Chamber of the Oraklon","Gigantempopolis, Câmara do Oraklon",gigantempopolischamberoftheoraklon,Gigantempopolis,Gigantempopolis,Chamber of the Oraklon, Câmara do Oraklon,au,S21/26,rare,"Each Battlegear has ""Untargetable.""","Equipamentos são ""Inalvejáveis"".","Since the Oraklon allows one to peer into distant lands, it is no wonder the giants guarded it so closely... or that Vlar wanted it so badly!","Já que o Oraklon permite vislumbrar terras distantes, não é de admirar que os gigantes o guardassem tão zelosamente... ou que Vlar o desejasse tanto!",FALSE,Water,Água,Past,Passado,HotShotsVFX,https://i.imgur.com/yeJTTMi.png,Gigantempopolis__au
AU-S22/26,Graalorn Forest,Floresta Graalorn,graalornforest,Graalorn Forest,Floresta Graalorn,,,au,S22/26,rare,"When an Elemental Attack is played by a Creature, heal 5 damage to it.","Quando uma criatura realiza um Ataque Elemental, cure 5 de Energia dela.","The heart of the forest exhales, breathing life into those injured.","O coração da floresta exala, dando vida aos feridos.",FALSE,Wisdom,Sabedoria,Past,Passado,HotShotsVFX,https://i.imgur.com/LqrnDTF.png,Graalorn Forest__au
AU-183/200,Herken's Feast,Banquete do Herken,herkensfeast,Herken's Feast,Banquete do Herken,,,au,183/200,rare,The first attack played by a Creature each combat is reduced by 20 damage.,O primeiro ataque realizado por cada criatura em combate causa 20 de dano a menos.,"The sumptuous meal would have thrilled royalty, but the guests had more important matters to digest.","A refeição suntuosa teria encantado a realeza, mas os convidados tinham assuntos mais importantes a tratar.",FALSE,Wisdom,Sabedoria,,,"Andrew Bradshaw, Keith Conroy, Bob Rivard",https://i.imgur.com/Mte6gHq.png,Herken's Feast__au
AU-184/200,"Kaizeph, City of the Elements","Kaizeph, Cidade dos Elementos",kaizephcityoftheelements,Kaizeph,Kaizeph,City of the Elements, Cidade dos Elementos,au,184/200,super rare,Creatures take 5 less damage from attacks they share an Elemental Type with.,As Criaturas sofrem 5 de dano a menos de ataques com os quais compartilham um Elemento.,"Unlike all else, the Citadel is the foundation of everything.","Diferentemente de tudo o mais, a Cidadela é o alicerce de tudo.",FALSE,Number of Elements,Número de Elementos,,,"Keith Conroy, Anthony Washington",https://i.imgur.com/gxClBHF.png,Kaizeph__au
AU-S23/26,Kiru Village,Vila Kiru,kiruvillage,Kiru Village,Vila Kiru,,,au,S23/26,rare,Past Creatures have an additional 10 Energy.,Criaturas do Passado ganham 10 de Energia adicional.,"""Yes, Chaor's ancestor was one of the greatest OverWorlders of all time. I'm proud he was my friend, despite what he ultimately became."" — Najarin","Sim, o ancestral de Chaor foi um dos maiores Outromundanos de todos os tempos. Tenho orgulho de que ele tenha sido meu amigo, apesar do que ele acabou se tornando. — Najarin",FALSE,Air,Ar,Past,Passado,HotShotsVFX,https://i.imgur.com/bTneN5w.png,Kiru Village__au
AU-185/200,"Lake Ken-I-Po, Ritual Site","Lago Ken-I-Po, Local de Ritual",lakekeniporitualsite,Lake Ken-I-Po,Lago Ken-I-Po,Ritual Site, Local de Ritual,au,185/200,rare,"Creatures cannot gain or lose Elemental Types from Mugic, Attacks or abilities.","As Criaturas não podem ganhar ou perder Elementos por meio de Mugic, Ataques ou habilidades.","As the towers emerged, all wondered what more lay bellow the surface.","À medida que as torres emergiam, todos se perguntavam o que mais se escondia sob a superfície.",FALSE,Number of Elements,Número de Elementos,,,HotShotsVFX,https://i.imgur.com/eTKm4UP.png,Lake Ken-I-Po__au
AU-S24/26,Mipedim Tropics,Trópicos Mipedian,mipedimtropics,Mipedim Tropics,Trópicos Mipedian,,,au,S24/26,rare,"Mipedian Creatures have :water:Water and "":water:Water 5.""","Mipedians ganham :water:Água e "":water:Água 5.""","Though widely dismissed as anomalies, the first minuscule desert patches were signs that paradise was not forever.","Embora amplamente descartadas como anomalias, as primeiras minúsculas manchas de deserto foram sinais de que o paraíso não era eterno.",FALSE,Courage,Coragem,Past,Passado,HotShotsVFX,https://i.imgur.com/dTqTZj5.png,Mipedim Tropics__au
AU-187/200,Mipedim Valley,Vale Mipedian,mipedimvalley,Mipedim Valley,Vale Mipedian,,,au,187/200,rare,Battlegear equipped to Creatures without :air:Air is not flipped face-up at the beginning of combat.,Equipamentos de Criaturas sem :air:Ar não são virados para cima no início do combate.,Some Mipedians yearn for a home from the unforgiving desert. And they may have just found it.,Alguns Mipedians anseiam por um lar longe do deserto implacável. E talvez o tenham encontrado.,FALSE,Water,Água,,,"Keith Conroy, Emilio Lopez",https://i.imgur.com/mbRIHJe.png,Mipedim Valley__au
AU-188/200,"Mount Pillar Reservoir, Liberated","Reservatório da Colina de Pilares, Libertado",mountpillarreservoirliberated,Mount Pillar Reservoir,Reservatório da Colina de Pilares,Liberated, Libertado,au,188/200,rare,"When this becomes the active Location, each player Infects an Uninfected Creature they control.","Quando este se torna o ativo, cada jogador infecta uma criatura não infectada que controla.",The Danians' lifeblood is also the root of the Mipedians' hatred.,A fonte de vida dos Danians é também a origem do ódio dos Mipedians.,FALSE,Danian,Danian,,,HotShotsVFX,https://i.imgur.com/aXn1Ihf.png,Mount Pillar Reservoir__au
AU-189/200,Najarin's Castle,Castelo de Najarin,najarinscastle,Najarin's Castle,Castelo de Najarin,,,au,189/200,super rare,"When this becomes the active Location, each player can discard a Mugic Card. If they do, they can return a Mugic Card from their general discard pile to their hand.","Quando este se torna o local ativo, cada jogador pode descartar um Mugic. Se o fizer, pode retornar um Mugic do Descarte para a sua mão.",,,FALSE,Mugic counters,Contadores de Mugic,,,"Keith Conroy, Anthony Washington",https://i.imgur.com/Xqp4oRS.png,Najarin's Castle__au
AU-S25/26,Prexxor Chasm,Abismo Prexxor,prexxorchasm,Prexxor Chasm,Abismo Prexxor,,,au,S25/26,super rare,"At the beginning of the turn, choose a Creature your opponent controls and they choose a Creature you control. Relocate your Creature into the opposing Creature's space and begin combat. This does not count toward your one combat per turn.","No início do turno, escolha uma criatura que seu oponente controla e ele escolhe uma criatura que você controla. Mova sua criatura para o espaço da criatura oponente e inicie o combate. Isso não conta para o seu limite de um combate por turno.",,,FALSE,Past,Passado,Past,Passado,HotShotsVFX,https://i.imgur.com/OZMeeph.png,Prexxor Chasm__au
AU-S26/26,"Prexxor Chasm, The Blight","Abismo Prexxor, A Doença",prexxorchasmtheblight,Prexxor Chasm,Abismo Prexxor,The Blight, A Doença,au,S26/26,ultra rare,"Non-Caretaker Creatures cannot be healed or gain Energy from non-innate abilities.
Mirage: Creatures in this space have 20 less Energy.",Criaturas que não sejam Zeladores não podem ser curadas nem ganhar Energia de habilidades não inatas. Miragem: Criaturas neste espaço têm 20 de energia a menos.,"Forever insatiable, The Blight consumes all.","Insaciável para sempre, a Doença consome tudo.",FALSE,Power,Poder,Past Mirage,Passado Miragem,HotShotsVFX,https://i.imgur.com/ZtU0icW.png,Prexxor Chasm The Blight__au
AU-193/200,"Rao'Pa Sahkk, Condensation Ceremony","Rao'Pa Sahkk, Cerimônia de Condensação",raopasahkkcondensationceremony,Rao'Pa Sahkk,Rao'Pa Sahkk,Condensation Ceremony, Cerimônia de Condensação,au,193/200,super rare,Creatures without :water:Water cannot spend Mugic counters to play Mugic or abilities.,Criaturas sem :water:Água não podem gastar :genericmugic: para usar Mugics ou usar habilidades.,"Fluidmorphers can manipulate all water, from vast oceans to individual droplets of vapor.","Os Fluidomorfos podem manipular toda a água, desde vastos oceanos até gotículas individuais de vapor.",FALSE,Earth,Terra,,,HotShotsVFX,https://i.imgur.com/nP6rdvo.png,Rao'Pa Sahkk__au
AU-194/200,"Riverlands, Abandoned Wastes","Rios do OutroMundo, Restos Abandonados",riverlandsabandonedwastes,Riverlands,Rios do OutroMundo,Abandoned Wastes, Restos Abandonados,au,194/200,common,"When this becomes the active Location, each player shuffles their attack hand into their Attack Deck and draws two Attack Cards.","Quando este se torna o local ativo, cada jogador embaralha sua mão de ataque em seu Baralho de Ataque e compra dois Ataques.",,,FALSE,Fewest Elements,Menos Elementos,,,"Keith Conroy, Emilio Lopez, HotShotsVFX",https://i.imgur.com/en68Sqw.png,Riverlands__au
AU-195/200,Rock River Canyon,Cânion do Rio de Rocha,rockrivercanyon,Rock River Canyon,Cânion do Rio de Rocha,,,au,195/200,super rare,Creatures with :earth:Earth have an additional 10 Energy.,Criaturas com :earth:Terra têm 10 de Energia adicional.,A metaphor for patience: just one tiny stream carved the land into a canyon over the course of a thousand generations.,Uma metáfora para a paciência: um único riacho minúsculo esculpiu a terra em um cânion ao longo de mil gerações.,FALSE,Courage,Coragem,,,HotShotsVFX,https://i.imgur.com/uqW1kaI.png,Rock River Canyon__au
AU-196/200,Star Towers of Kehn-sep,Torres Estelares de Kehn-sep,startowersofkehnsep,Star Towers of Kehn-sep,Torres Estelares de Kehn-sep,,,au,196/200,common,"At the beginning of combat, if an engaged Creature has higher :wisdom:Wisdom than the opposing engaged Creature, that Creature's controller can remove a :genericmugic: from a Creature they control. If they do, they can put a :genericmugic: on a Creature they control.","No início do combate, se uma criatura combatente tiver :wisdom:Sabedoria maior que a criatura do oponente, o controlador dessa criatura pode remover um :genericmugic: de uma criatura que ele controla. Se o fizer, pode colocar um :genericmugic: em uma criatura que ele controla.",,,FALSE,Air,Ar,,,HotShotsVFX,https://i.imgur.com/x68amyh.png,Star Towers of Kehn-sep__au
AU-200/200,Tablet Sanctuary,Santuário da Tábua,tabletsanctuary,Tablet Sanctuary,Santuário da Tábua,,,au,200/200,common,"At the beginning of combat, put a :genericmugic: on the engaged Creature with the most Elemental types.","No início do combate, coloque um :genericmugic: na criatura combatente com o mais Elementos.","Though the tablet answered many long-debated questions, not every Creature liked the answers.","Embora a tábua tenha respondido a muitas perguntas debatidas há muito tempo, nem todas as criaturas gostaram das respostas.",FALSE,Speed,Velocidade,,,HotShotsVFX,https://i.imgur.com/oqKYsCz.png,Tablet Sanctuary__au
AU-179/200,The Cliffs,Os Penhascos,thecliffs,The Cliffs,Os Penhascos,,,au,179/200,rare,"At the beginning of combat, all Creatures gain :earth:Earth.","No início do combate, todas as criaturas ganham :earth:Terra.","No matter how hard they tried, the Danians could not win the staring contest.","Não importa o quanto tentassem, os Danians não conseguiam vencer o concurso de encarar.",FALSE,Power,Poder,,,Stone Perales,https://i.imgur.com/fDFNP2L.png,The Cliffs__au
AU-181/200,The Garden,O Jardim,thegarden,The Garden,O Jardim,,,au,181/200,rare,"At the beginning of combat, all Creatures gain :water:Water.","No início do combate, todas as criaturas ganham :water:Água.",Water is life.,A água é vida.,FALSE,Speed,Velocidade,,,Stone Perales,https://i.imgur.com/WvzABfl.png,The Garden__au
AU-182/200,The Golden Heptagon,O Heptágono Dourado,thegoldenheptagon,The Golden Heptagon,O Heptágono Dourado,,,au,182/200,super rare,Creatures can play Mugic of any Tribe or affiliation.,As Criaturas podem usar Mugics de qualquer Tribo ou afiliação.,"At the base of the Citadel, a golden room offers its visitors a taste of an elusive dream...","Na base da Cidadela, uma sala dourada oferece aos seus visitantes um vislumbre de um sonho inatingível...",FALSE,Power,Poder,,,HotShotsVFX,https://i.imgur.com/w6NRYVx.png,The Golden Heptagon__au
AU-186/200,The Magma Dam,A Represa de Magma,themagmadam,The Magma Dam,A Represa de Magma,,,au,186/200,super rare,"Creatures without :fire:Fire have ""Recklessness 5.""","Criaturas sem :fire:Fogo ganham ""Descuido 5"".","""It only needs to hold until Chaor's hordes have amassed!"" — Khybon",Só precisa aguentar até que as hordas de Chaor se reúnam! — Khybon,FALSE,Air,Ar,,,Adrian Barrios. Anthony Washington,https://i.imgur.com/8fdO63z.png,The Magma Dam__au
AU-190/200,"The Passage, OverWorld","A Passagem, OutroMundo",thepassageoverworld,The Passage,A Passagem,OverWorld, OutroMundo,au,190/200,rare,"The first time a Creature gains an Elemental Type this turn, it gains 10 Energy.","Na primeira vez que uma Criatura ganha um Elemento neste turno, ela também ganha 10 de Energia.","From the warm rays of the inviting sun, the stairs spiral into chilling darkness...","Da luz quente e convidativa do sol, a escada em espiral mergulha na escuridão gélida...",FALSE,OverWorld,OutroMundo,,,HotShotsVFX,https://i.imgur.com/oernXdw.png,The Passage__au_OW
AU-191/200,"The Passage, UnderWorld","A Passagem, Submundo",thepassageunderworld,The Passage,A Passagem,UnderWorld, Submundo,au,191/200,rare,"The first time a Creature loses an Elemental Type this turn, it loses 10 Energy.","Na primeira vez que uma Criatura perder um Elemento neste turno, ela também perde 10 de Energia.","...plunging into the void until a faint glow illuminates from bellow, a light not so inviting.","...mergulhando no vazio até que um brilho tênue ilumine o interior, uma luz nada convidativa.",FALSE,UnderWorld,Submundo,,,HotShotsVFX,https://i.imgur.com/r4GRInb.png,The Passage__au_UW
AU-192/200,The Phlogiston,O Flogisto,thephlogiston,The Phlogiston,O Flogisto,,,au,192/200,rare,"At the beginning of combat, all Creatures gain :fire:Fire.","No início do combate, todas as criaturas ganham :fire:Fogo.","The land melts, boils and erupts, creating an ever-shifting landscape.","A terra derrete, ferve e entra em erupção, criando uma paisagem em constante transformação.",FALSE,Courage,Coragem,,,Stone Perales,https://i.imgur.com/JVgIjPu.png,The Phlogiston__au
AU-197/200,"The Storm Tunnel, Lingering Monsoon","O Túnel da Tempestade, Monção Persistente",thestormtunnellingeringmonsoon,The Storm Tunnel,O Túnel da Tempestade,Lingering Monsoon, Monção Persistente,au,197/200,common,The engaged Creature with the lowest :speed:Speed plays attacks at random.,A criatura em combate com a menor :speed:Velocidade realiza ataques aleatoriamente.,The scars of war remain long after the battle is over.,As cicatrizes da guerra permanecem muito tempo depois do fim da batalha.,FALSE,Water,Água,,,"Emilio Lopez, HotShotsVFX, Keith Conroy",https://i.imgur.com/PxCjxj5.png,The Storm Tunnel__au
AU-198/200,The Storms,As Tempestades,thestorms,The Storms,As Tempestades,,,au,198/200,rare,"At the beginning of combat, all Creatures gain :air:Air.","No início do combate, todas as criaturas ganham :air:Ar.","""Someone must have carved these statues. So where are they?"" — Tiaane","Alguém deve ter esculpido essas estátuas. Então, onde eles estão? — Tiaane",FALSE,Wisdom,Sabedoria,,,HotShotsVFX,https://i.imgur.com/gg8LCDz.png,The Storms__au
AU-199/200,The Swartbron,O Swartbron,theswartbron,The Swartbron,O Swartbron,,,au,199/200,common,The engaged Creature with the lowest :courage:Courage fails all Checks on attacks it plays.,A Criatura em combate com a menor :courage:Coragem falha em todos os Checar Disciplinas que realizar.,Night flows like a river here.,A noite flui aqui como um rio.,FALSE,Fire,Fogo,,,HotShotsVFX,https://i.imgur.com/kmlHBCr.png,The Swartbron__au
FAS-10/100,Silchaw's Mine,Mina do Silchaw,silchawsmine,Silchaw's Mine,Mina do Silchaw,,,fas,10/100,rare,Attacks that would deal more than 20 damage to Creatures with :earth:Earth deal 20 damage instead.,Ataques que causariam mais de 20 de dano a Criaturas com :earth:Terra causam 20 de dano em vez disso.,"Since Aszil opened the Tremor Gate, the very bedrock of Silchaw's mine has gone mad!","Desde que Aszil abriu o Portal do Tremor, a própria rocha matriz da Mina do Silchaw enlouqueceu!",FALSE,Courage,Coragem,,,"Keith Conroy, Anthony Washington",https://i.imgur.com/3ElZSrO.png,Silchaw's Mine__fas
FAS-12/100,The Flame Gate,O Portão de Chamas,theflamegate,The Flame Gate,O Portão de Chamas,,,fas,12/100,common,All attacks count as :fire:Fire attacks.,Todos os Ataques contam como ataques de :fire:Fogo.,"""Maybe we should look for another way in."" — Mezzmarr",Talvez devêssemos procurar outra forma de entrar. — Mezzmarr,FALSE,Fire,Fogo,,,HotShotsVFX,https://i.imgur.com/4Q6Mgtq.png,The Flame Gate__fas
PROMO-P-012,"Carnival of Confusion, The Entangled Throne","Carnaval da Confusão, O Trono Entrelaçado",carnivalofconfusiontheentangledthrone,Carnival of Confusion,Carnaval da Confusão,The Entangled Throne, O Trono Entrelaçado,promo,P-012,promo,"When an attack is played, flip a coin. If heads, that attack deals double damage. If tails, that attack deals 0 damage.","Ao jogar um ataque, jogue uma moeda. Se der cara, o ataque causa o dobro do dano. Se der coroa, o ataque causa 0 de dano.",Here your fate rests with your fortune.,"Aqui, seu destino está nas mãos da sua sorte.",FALSE,Speed,Velocidade,,,Imaginary Friends Studios,https://i.imgur.com/KgptD6s.png,Carnival of Confusion__promo
OP-OP1-18/20,"Castle Pillar, (OP)","Castelo de Pilares, (OP)",castlepillarop,Castle Pillar,Castelo de Pilares,(OP), (OP),op,OP1-18/20,ultra rare,"At the beginning of combat, if an engaged Creature has higher :wisdom:Wisdom than the opposing engaged Creature, put a :genericmugic: on it","No início do combate, se uma Criatura em combate tiver :wisdom:Sabedoria maior do que a Criatura em combate do oponente, coloque um :genericmugic: nela.","It's rumored that the most vicious Creature in Perim is imprisoned here, but only Chaor truly knows.","Corre o boato de que a criatura mais cruel de Perim está aprisionada aqui, mas somente Chaor sabe ao certo.",TRUE,Courage,Coragem,,,"Keith Conroy, David Curiel",https://i.imgur.com/ZYhRlLs.png,Castle Pillar__op
OP-OP1-19/20,"Fear Valley, (OP)","Vale do Medo, (OP)",fearvalleyop,Fear Valley,Vale do Medo,(OP), (OP),op,OP1-19/20,uncommon,"At the beginning of combat, if an engaged Creature has lower :courage:Courage than the opposing engaged Creature, it loses 10 Energy.","No início do combate, a Criatura combatente com menor :courage:Coragem perde 10 de Energia.","No matter how far you run, you can never escape a nightmare.","Não importa o quanto você corra, você nunca escapará de um pesadelo.",FALSE,Wisdom,Sabedoria,,,Imaginary Friends Studios,https://i.imgur.com/YqKqdeq.png,Fear Valley__op
OP-OP1-20/20,"Kiru City, (OP)","Cidade Kiru, (OP)",kirucityop,Kiru City,Cidade Kiru,(OP), (OP),op,OP1-20/20,rare,OverWorld Creatures have an additional 10 Energy.,As Criaturas do :overworld:OutroMundo ganham 10 de Energia adicional.,"""We will rebuild our home on the ruins of Old Kiru. The UnderWorlders may have destroyed our city, but they can never destroy our spirit!"" — Maxxor","Reconstruiremos nosso lar sobre as ruínas da Velha Kiru. Os Submundanos podem ter destruído nossa cidade, mas jamais poderão destruir nosso espírito! — Maxxor",FALSE,Wisdom,Sabedoria,,,"Khary Randolph, Anthony Washington",https://i.imgur.com/CwmhbEh.png,Kiru City__op
OP-OP-ulwk4j9l,Annex of the Arcane,Anexo do Arcano,annexofthearcane,Annex of the Arcane,Anexo do Arcano,,,op,OP-ulwk4j9l,common,"At the beginning of combat, flip a coin. If heads, put a :genericmugic: on your engaged Creature. If tails, put a :genericmugic: on the opposing engaged Creature.
Creatures with one or more Mugic counters have an additional 10 Energy.","No início do combate, jogue uma moeda. Se der cara, coloque um :genericmugic: na sua criatura em combate. Se der coroa, coloque um :genericmugic: na criatura em combate do oponente. Criaturas com um ou mais :genericmugic: têm 10 de Energia adicional.",,,FALSE,Wisdom,Sabedoria,,,HotShotsVFX,https://i.imgur.com/46WLM8f.png,Annex of the Arcane__op
OP-OP-t8jtybwa,Khybon's Scrapyard,Ferro-velho do Khybon,khybonsscrapyard,Khybon's Scrapyard,Ferro-velho do Khybon,,,op,OP-t8jtybwa,uncommon,"When a Battlegear is put into a general discard pile, put a Scrap Counter on Khybon's Scrapyard. Then, if it has three or more Scrap counters, return up to one Battlegear Card from your general discard pile to play equipped to an unequipped Creature you control and your opponent reveals a new active Location.","Quando um Equipamento for colocado em um Descarte, coloque um Contador de Sucata no Ferro-velho do Khybon. Então, se ele tiver 3 ou mais Contadores de Sucata, retorne até um Equipamento do seu Descarte para o jogo equipado a uma Criatura desequipada que você controla e seu oponente revela um novo Local ativo.",,,FALSE,Power,Poder,,,HotShotsVFX,https://i.imgur.com/2ImweW8.png,Khybon's Scrapyard__op
DOP-DOP-506kmbl3,"Glacier Plains, (Holiday Reward)","Geleiras, (HR)",glacierplainsholidayreward,Glacier Plains,Geleiras,,,dop,DOP-506kmbl3,super rare,UnderWorld Mugic Costs 1 additional :underworldmugic: to play.,Mugics do Submundo custam 1 :underworldmugic: adicional.,"This frozen, remote region is home to Blügon and other frosty Creatures.",Esta região remota e congelada é o lar de Blügon e de outras criaturas gélidas.,FALSE,Power,Poder,,,"Keith Conroy, David Curiel, A Clipart snowman",https://i.imgur.com/GSAk2UH.png,Glacier Plains__dop