id,name,subname,set,rarity,ability,flavorText,unique,initiative,type,artist,imageUrl,uniqueId
203/232,Castle Bodhran,,dop,super rare,"At the beginning of combat, each player can return a Mugic Card from their general discard pile to their hand.","This strange stronghold is built in a style that might best be called ""bizzarechitecture.""",false,Power,,"Keith Conroy, Jimmy Tran",https://i.imgur.com/XbkLs3f.png,Castle Bodhran__dop
204/232,Castle Pillar,,dop,ultra rare,"At the beginning of combat, if an engaged Creature has higher :wisdom:Wisdom than the opposing engaged Creature, put a :genericmugic: on it.",,true,Courage,,"Keith Conroy, Emilio Lopez",https://i.imgur.com/tLHVA0R.png,Castle Pillar__dop
205/232,Cordac Falls,,dop,common,"At the beginning of combat, engaged Creatures gains 5 Energy.",Cordac's teardrops plunge into the abyss with nary a splash or spray...,false,OverWorld,,"Keith Conroy, Emilio Lopez",https://i.imgur.com/oV7ogkt.png,Cordac Falls__dop
206/232,Cordac Falls Plungepool,,dop,common,"At the beginning of combat, deal 5 damage to engaged Creatures.","...and strike the lake miles below, exploding outwards into the fray.",false,UnderWorld,,"Keith Conroy, Emilio Lopez",https://i.imgur.com/bT6BPtI.png,Cordac Falls Plungepool__dop
207/232,Crystal Cave,,dop,uncommon,"If an engaged Creature has lower :speed:Speed than the opposing engaged Creature, it deals 0 damage on its first attack each combat.",The ancient Mugicians mined the hardest substance in all of Perim to protect their mystical melodies.,false,Speed,,"Damien Labonte, Kevin Chai",https://i.imgur.com/0DMycSv.png,Crystal Cave__dop
208/232,Doors of the Deepmines,,dop,uncommon,"At the beginning of combat, Creatures with :water:Water gain 10 Energy.","In a rare sign of solidarity, all four tribes guard the massive doors, hoping they never open again.",false,Speed,,"Keith Conroy, Emilio Lopez",https://i.imgur.com/YKFWpUt.png,Doors of the Deepmines__dop
209/232,Dranakis Threshold,,dop,super rare,Mugic and activated abilities cannot be played.,The few who have survived utter nary a word of what lies beyond.,false,Courage,,"Christopher Palesti, David Curiel",https://i.imgur.com/k5Mrj5w.png,Dranakis Threshold__dop
210/232,Everrain,,dop,uncommon,":water:Water attacks deal an additional 5 damage.
Damage dealt by :earth:Earth attacks is reduced by 5.",Lake Ken-I-Po seeps through the UnderWorld ceiling in an unending reminder of the OverWorld's aqueous bounty.,false,Courage,,"Keith Conroy, Emilio Lopez",https://i.imgur.com/ntNkMd6.png,Everrain__dop
211/232,Eye of the Maelstrom,,dop,uncommon,"When this becomes the active Location, each player discards a Mugic Card.","No wind, no sound - just madness.",false,Power,,"Keith Conroy, David Curiel",https://i.imgur.com/UiQl4db.png,Eye of the Maelstrom__dop
212/232,Fear Valley,,dop,uncommon,"At the beginning of combat, if an engaged Creature has lower :courage:Courage than the opposing engaged Creature, it loses 10 Energy.",One night here means a lifetime of nightmares.,false,Wisdom,,"Andrew Bradshaw, Anthony Washington",https://i.imgur.com/MZNthqw.png,Fear Valley__dop
213/232,Forest of Life,,dop,common,"At the beginning of combat, if an engaged Creature has higher :power:Power than the opposing engaged Creature, it gains 5 Energy.",A place of perpetuity: nothing is born or perishes within.,false,Wisdom,,"Rudy Nebres, David Curiel",https://i.imgur.com/xydxrjW.png,Forest of Life__dop
214/232,Gigantempopolis,,dop,uncommon,"At the beginning of combat, put a :overworldmugic: on any engaged OverWorld Creatures.",The ancient beings who once dwelled here faded into oblivion - proving indisputably that size doesn’t matter.,false,Power,,"Keith Conroy, David Curiel",https://i.imgur.com/jrd73kv.png,Gigantempopolis__dop
215/232,Glacier Plains,,dop,super rare,Creatures must pay an additional :underworldmugic: to play UnderWorld Mugic Cards.,"This frozen, remote region is as harsh and forbidding as the UnderWorld's Lava Pond.",false,Power,,"Keith Conroy, David Curiel",https://i.imgur.com/qigkhho.png,Glacier Plains__dop
216/232,Gloomuck Swamp,,dop,common,":earth:Earth attacks deal an additional 5 damage.
Damage dealt by :fire:Fire attacks is reduced by 5.",For very different reasons both Crawsectus and Antidaeon choose to call this murky mess home.,false,Courage,,"Rudy Nebres, David Curiel",https://i.imgur.com/3SZWzaJ.png,Gloomuck Swamp__dop
217/232,Gothos Tower,,dop,rare,"Creatures not named Lord Van Bloot have 10 less :courage:Courage.
Lord Van Bloot has ""Invisibility: Strike 15.""",The horrific home of the harrowing Lord Van Bloot.,false,Speed,,"Keith Conroy, David Curiel",https://i.imgur.com/8sI97QU.png,Gothos Tower__dop
218/232,Iron Pillar,,dop,super rare,Battlegear have no abilities.,The frequent quakes that rock the UnderWorld are blamed on the instability of this once-might prop.,false,Courage,,"Keith Conroy, Emilio Lopez",https://i.imgur.com/7GfZH7k.png,Iron Pillar__dop
219/232,Kiru City,,dop,rare,OverWorld Creatures have an additional 10 Energy.,The majestic capital of the OverWorld is named in memory of one of its greatest leaders.,false,Wisdom,,"Keith Conroy, David Curiel",https://i.imgur.com/ZbYCdDx.png,Kiru City__dop
220/232,Lake Ken-I-Po,,dop,ultra rare,"Each Mugic has ""Untargetable.""","Above the placid waters, Najarin's castle towers. A dim light flickers... and a mystery is born.",false,Power,,"Keith Conroy, Emilio Lopez",https://i.imgur.com/HqdcFgL.png,Lake Ken-I-Po__dop
221/232,Lava Pond,,dop,rare,":fire:Fire attacks deal an additional 5 damage.
Damage dealt by :air:Air attacks is reduced by 5.
Creatures named Magmon have "":fire:Fire 5.""",,false,Speed,,"Keith Conroy, David Curiel",https://i.imgur.com/6Ui54w4.png,Lava Pond__dop
222/232,Mipedim Oasis,,dop,rare,Mipedian Creatures deal an additional 10 damage with their first attack each combat.,"For those struggling in the Mipedian Desert, this is a welcome sight. But it is what they can't see that will prove most dangerous.",false,Courage,,"Keith Conroy, Emilio Lopez",https://i.imgur.com/2BfuD6T.png,Mipedim Oasis__dop
223/232,Mount Pillar,,dop,rare,"When this becomes the active Location, activate Hive.","The Danian homeland provides vital structural support to the UnderWorld ceiling, explaining why Chaor has resisted its demolition.",false,Wisdom,,"Keith Conroy, Emilio Lopez",https://i.imgur.com/Y3M93Oz.png,Mount Pillar__dop
224/232,Ravanaugh Ridge,,dop,common,"At the beginning of combat, if a player controls an engaged Creature with :air:Air, that player can look at the top three cards of their Attack Deck, put one of them on top of that deck and the others on the bottom in any order.",,false,Power,,"Keith Conroy, David Curiel",https://i.imgur.com/gEEsV4O.png,Ravanaugh Ridge__dop
225/232,Riverlands,,dop,uncommon,"When a Creature deals :water:Water damage, heal 5 damage to it.",No one has yet to reach the source of the rushing waters. Could the Cothica be where it all begins?,false,Wisdom,,"Keith Conroy, David Curiel",https://i.imgur.com/mRENwjK.png,Riverlands__dop
226/232,Runic Grove,,dop,common,Tribal Mugic cannot be played.,Secret symbols or a simple secret? Many have been tantalized by what remains indecipherable to this day.,false,Courage,,"Keith Conroy, Anthony Washington",https://i.imgur.com/sFIrfSH.png,Runic Grove__dop
227/232,Stone Pillar,,dop,super rare,Engaged UnderWorld Creatures pay 1 less :underworldmugic: to play their first Mugic this turn.,"Without the Pillars there would be no Over and Under, but simply one World.",false,Wisdom,,"Keith Conroy, David Curiel",https://i.imgur.com/eZVYq97.png,Stone Pillar__dop
229/232,Stronghold Morn,,dop,super rare,"At the beginning of combat, engaged Creatures gain :fire:Fire, :water:Water, :air:Air, and :earth:Earth.",,true,Speed,,"Keith Conroy, David Curiel",https://i.imgur.com/pdEyJo1.png,Stronghold Morn__dop
228/232,The Storm Tunnel,,dop,common,":air:Air attacks deal an additional 5 damage.
Damage dealt by :water:Water attacks is reduced by 5.",Even those who cannot fly do so here.,false,Power,,"Billy Ray Patton, Keith Conroy, Emilio Lopez",https://i.imgur.com/jQFQYFA.png,The Storm Tunnel__dop
230/232,UnderWorld City,,dop,super rare,"Attacks played by UnderWorld Creatures have ""Challenge :power:Power 15: Deal 5 damage.""","Not known for his creativity, Chaor nevertheless won the capital-naming contest for which he was also the judge.",false,Speed,,"Keith Conroy, David Curiel",https://i.imgur.com/CAnyyXy.png,UnderWorld City__dop
231/232,UnderWorld Colosseum,,dop,rare,Creatures with :fire:Fire deal an additional 10 damage on their first attack each combat.,UnderWorlders have a simple way of settling arguments here: the one left standing is always right.,false,Speed,,"Rudy Nebres, Keith Conroy, Emilio Lopez",https://i.imgur.com/EtKYw4Z.png,UnderWorld Colosseum__dop
232/232,Wooden Pillar,,dop,super rare,Creatures must pay an additional :overworldmugic: to play OverWorld Mugic Cards.,"The Runic Grove takes root here, and UnderWorlders believe it grows even further down than up.",false,Wisdom,,"Keith Conroy, David Curiel",https://i.imgur.com/Bc9Z5La.png,Wooden Pillar__dop
92/100,Carnival of Confusion,,zoth,ultra rare,"When this becomes the active Location, Creatures lose all Elemental Types. If a Creature lost :fire:Fire, it gains :water:Water. If a Creature lost :water:Water, it gains :air:Air. If a Creature lost :air:Air, it gains :earth:Earth. If a Creature lost :earth:Earth, it gains :fire:Fire.
Elemental Attacks deal an additional 5 damage.",,false,Speed,,"Keith Conroy, Jimmy Tran",https://i.imgur.com/Nlpg3Kk.png,Carnival of Confusion__zoth
94/100,Grand Hall of Muge's Summit,,zoth,super rare,"When a Mugic counter is removed from a Creature, Grand Hall of Muge's Summit deals 10 damage to the engaged Creature controlled by the same player.",Muges rarely feel comfortable sharing their secrets.,false,Power,,"Keith Conroy, David Curiel",https://i.imgur.com/Gn5EubB.png,Grand Hall of Muge's Summit__zoth
95/100,Mount Pillar Reservoir,,zoth,common,"Creatures have ""Fireproof 10.""
Danian Creatures have "":water:Water 5.""",All Danians know that the Reservoir is the well-spring of life. It must be defended to the death.,false,Water,,"Keith Conroy, Emilio Lopez",https://i.imgur.com/918hurz.png,Mount Pillar Reservoir__zoth
96/100,Oipont's Lookout,,zoth,rare,"Creatures with :air:Air have :earth:Earth.
If Hive is Active, Danian Creatures have :air:Air and :earth:Earth.","From high above, Danians can see deep into the heart of the UnderWorld, including invading armies days in advance.",false,Courage,,"Keith Conroy, Emilio Lopez",https://i.imgur.com/GrSB7L1.png,Oipont's Lookout__zoth
97/100,OverWorld Embassy at Mount Pillar,,zoth,uncommon,"When this becomes the active Location, Uninfect all Creatures.","Though adorned with oah and jij plants from his village, one look outside his window reminds Raznus that he's far from home.",false,Wisdom,,"Keith Conroy, Emilio Lopez",https://i.imgur.com/uCQUWAK.png,OverWorld Embassy at Mount Pillar__zoth
98/100,Queen's Gate,,zoth,common,Creatures engaged with Scouts do not have and cannot gain Invisibility.,"""Did you hear something moving? Did you see something moving? I think I just touched something moving...""",false,Speed,,"Keith Conroy, David Curiel",https://i.imgur.com/uZSkcgI.png,Queen's Gate__zoth
99/100,Sands of the Unseen,,zoth,uncommon,"Creatures with :air:Air have ""Invisibility: Strike 10.""","Danians seek the answers to Mipedian invisibility, but they realize too late that some secrets should remain mysteries.",false,Courage,,"Keith Conroy, Emilio Lopez",https://i.imgur.com/WYucDcF.png,Sands of the Unseen__zoth
100/100,Sha-Kree Flats,,zoth,super rare,"At the beginning of combat, engaged Elementalist Creatures gain an Elemental type of their controller's choice.","Flat, dry, inhospitable. Perfect!",false,Mipedian,,"Keith Conroy, David Curiel",https://i.imgur.com/ZvbYcHm.png,Sha-Kree Flats__zoth
91/100,The Barracks,,zoth,rare,"At the end of combat, if a Warrior you control was engaged that combat, you can relocate it to any unoccupied space on the Battleboard adjacent to it.",Rest well tonight. Another harsh day awaits.,false,Power,,"Keith Conroy, David Curiel",https://i.imgur.com/V73UpZT.png,The Barracks__zoth
93/100,The Darkened Dunes,,zoth,super rare,"Creatures with :earth:Earth have ""Range"" and ""Swift 1.""","The dark whirlwind descends, enveloping you in its black, velvet grip... and never lets go.",false,Air,,"Keith Conroy, David Curiel",https://i.imgur.com/reJBN0d.png,The Darkened Dunes__zoth
91/100,Catacombs of the Conjurors,,ss,rare,"Damage dealt to Warbeast Creatures by Recklessness is reduced by 5.
Conjuror Creatures have ""Recklessness 5.""","Shunned by even the most tolerant of Mipedians, Conjurors continue to push the boundaries of Mugic.",false,Warbeast,,HotShotsVFX,https://i.imgur.com/ThGY8dC.png,Catacombs of the Conjurors__ss
92/100,Forest of Life,During Aichlyys,ss,uncommon,Creatures do not have and cannot gain Invisibility.,"On those rare nights when the triad stars of Lup, Lec, and Teo shine above the forest, all secrets are brought to light.",false,Power,,HotShotsVFX,https://i.imgur.com/DEvGo7V.png,Forest of Life__ss
94/100,Indigo Grove,,ss,super rare,"When this becomes the active Location, you can sacrifice a non-Conjuror Creature you control. If you do, return a Conjuror Creature Card in your general discard pile to play to any unoccupied space on the Battleboard.",,false,Power,,HotShotsVFX,https://i.imgur.com/VnfO1iL.png,Indigo Grove__ss
95/100,Iparu Jungle,,ss,ultra rare,"When this becomes the active Location, flip a coin. If tails, shuffle Iparu Jungle into its controller's Location Deck and that player reveals a new active Location.
Mirage: At the beginning of combat, each engaged Creature in this space gains or loses Energy so its Energy is equal to its Scanned Energy.",,false,Wisdom,Mirage,HotShotsVFX,https://i.imgur.com/aa7omq3.png,Iparu Jungle__ss
96/100,Mipedian Dew Farm,,ss,common,"Scouts have :water:Water.
Engaged Creatures with :water:Water have :genericmugic:: Heal 10 damage to target Creature.""","Under the sun, one drop is the difference between life and death.",false,Courage,,HotShotsVFX,https://i.imgur.com/LRHjZ0T.png,Mipedian Dew Farm__ss
97/100,Mipedim Lounge,,ss,super rare,"Mirage: When an Attack Card is played by a Creature in this space, its controller can flip a coin. If tails, that player sacrifices his engaged Creature. If heads, the attack deals an additional 10 damage, and that player can flip again.",,false,Invisibility,Mirage,"Keith Conroy, Anthony Washington",https://i.imgur.com/6JsJrX7.png,Mipedim Lounge__ss
98/100,Mipedim Mirage,,ss,rare,"Creatures have ""Swift 1.""
Mirage: If an adjacent Creature can move into this space, it must do so.","No one believed what the Muges saw, except for Tiaane.",false,Danian,Mirage,HotShotsVFX,https://i.imgur.com/g6pofj6.png,Mipedim Mirage__ss
99/100,OverWorld Embassy at Mipedim Oasis,,ss,common,"When this becomes the active Location, shuffle any Mirage Locations on the Battleboard into their controllers' Location Decks. 
Mipedian Creatures have :water:Water.",Its outward tranquility masks the tumult within.,false,Wisdom,,HotShotsVFX,https://i.imgur.com/iUHlJ6p.png,OverWorld Embassy at Mipedim Oasis__ss
100/100,Rao'Pa Sahkk,The Ocean with No Water,ss,common,"Attacks that are either :air:Air or :earth:Earth deal an additional 5 damage. (Attacks which are both :air:Air and :earth:Earth deal only 5 additional damage.)
When a :water:Water attack is played, that attack's controller reveals a new active Location.
Mirage: When combat ends, put a :genericmugic: on Creatures in this space who were engaged.",,false,Fire,Mirage,HotShotsVFX,https://i.imgur.com/ZjxQ5Bg.png,Rao'Pa Sahkk__ss
93/100,The Hunter's Perimeter,,ss,uncommon,"When this becomes the active Location, Mipedian Creatures gain ""Invisibility: Surprise.""
At the beginning of combat, reveal a new active Location.
Mirage: Creatures in this space cannot lose Invisibility from Mugic or abilities. Invisibility abilities of Creatures in this space work against Creatures with Invisibility.",,false,Speed,Mirage,HotShotsVFX,https://i.imgur.com/oytQf97.png,The Hunter's Perimeter__ss
195/222,Bodal's Arsenal,,btd,ultra rare,"When this becomes the active Location, each player can return a Battlegear Card from their general discard pile to play equipped to an unequipped Creature that player controls.",,false,Wisdom,,HotShotsVFX,https://i.imgur.com/cBXztYA.png,Bodal's Arsenal__btd
196/222,Brawlers' Burrow,,btd,common,"When this becomes the active Location, both players shuffle their Attack Decks and attack discard piles together.
All Creatures have ""Outperform all Disciplines 5.""",,false,Speed,,HotShotsVFX,https://i.imgur.com/LAUcPQE.png,Brawlers' Burrow__btd
197/222,Broken Edge,,btd,uncommon,"Engaged Creatures have ""Outperform :speed:Speed 5."" 
Damage dealt by :wisdom:Wisdom Attacks is reduced by 5.",Nature wages its own war between the forest and the desert.,false,Air,,HotShotsVFX,https://i.imgur.com/oJ5XuaD.png,Broken Edge__btd
198/222,Chamber of Waves,,btd,common,Creatures have 10 less in all Disciplines.,"As corrupted water flows through the pipes of the gigantic acoustic organ, a sound resonates that is both eerie, beautiful and inexplicably dangerous.",false,Wisdom,,HotShotsVFX,https://i.imgur.com/8RFTDrR.png,Chamber of Waves__btd
199/222,Deadrange Gong,,btd,super rare,"Chieftain Creatures have an additional 15 in all Disciplines and "":water:Water 5.""","Reverberating throughout the deep, M'arrillians can also receive commands by sensing vibrations in the water.",false,Fire,,HotShotsVFX,https://i.imgur.com/JbXi5CK.png,Deadrange Gong__btd
200/222,Gambreor's Hut,,btd,super rare,"Creatures you control have ""Fireproof 5."" 
If a Creature's Discipline would decrease, that Discipline decreases by 10 less instead.",,true,Power,,HotShotsVFX,https://i.imgur.com/ijQXKND.png,Gambreor's Hut__btd
201/222,Gloom-mire Night,,btd,common,"Creatures cannot be relocated by Mugic, abilities or Attacks.","As Bodal sank into the murky swamp, he calculated that he had 45.7 seconds until he would be gargling black ooze.",false,Mipedian,,HotShotsVFX,https://i.imgur.com/QsIpL9t.png,Gloom-mire Night__btd
202/222,Hall of Fatigue,,btd,common,"Engaged Creatures have ""Exhaust :power:Power 5"" and ""Exhaust :speed:Speed 5.""","When the body has nothing left to give, only the strong-willed fight on.",false,Speed,,HotShotsVFX,https://i.imgur.com/NC5uVIy.png,Hall of Fatigue__btd
205/222,Ijahni Outpost,,btd,super rare,"Your Creatures have 10 less Energy. 
Mirage: Creatures cannot move off this space unless their controller removes a :genericmugic: from any Creature they control.",,false,Air,Mirage,HotShotsVFX,https://i.imgur.com/VLLQDhw.png,Ijahni Outpost__btd
206/222,Illusionary Lake,,btd,super rare,"Engaged Creatures do not have :water:Water and cannot gain it.
Mirage: Creatures in this space do not have :water:Water and cannot gain it.",,false,Water,Mirage,HotShotsVFX,https://i.imgur.com/Xx8m6iz.png,Illusionary Lake__btd
207/222,Imaginary Walls,,btd,rare,"When this becomes the active Location, your opponent can return a Mugic Card in their general discard pile to their hand.
Attacks deal 10 less damage to Creatures that are a M'arrillian or a Minion.",,true,Danian,,HotShotsVFX,https://i.imgur.com/qgK5Oef.png,Imaginary Walls__btd
209/222,Jade Pillar,,btd,ultra rare,"When this becomes the active Location, put 10 Jade counters on it. As an attack deals damage, remove 1 Jade Counter for each 5 damage dealt.
When the last Counter is removed, Jade Pillar deals 50 damage to the Creature that played the last attack.",,false,Power,,"Jim Manoccio, Keith Conroy, David Curiel",https://i.imgur.com/TYCTk3i.png,Jade Pillar__btd
210/222,Lava Pond,Milla'iin's Foothold,btd,rare,"When this becomes the active Location, each player reveals a random Mugic Card from their hand.
Cards with the same name as the revealed cards cannot be played.
Creatures that are a M'arrillian or a Minion take 5 less non-attack damage.",,false,Power,,"Keith Conroy, David Curiel, HotShots VFX",https://i.imgur.com/oKOfIV5.png,Lava Pond__btd
211/222,Mommark's Catapult Tower,,btd,common,"When this becomes the active Location, Creatures you control gain ""Swift 1.""",,false,Speed,,HotShotsVFX,https://i.imgur.com/4OK0Z5o.png,Mommark's Catapult Tower__btd
212/222,Mount Pillar Reservoir,Neth'uar's Foothold,btd,rare,"When this becomes the active Location, each player can return a Chieftain Creature Card from their general discard pile to play to any unoccupied space on their side of the Battleboard. 
Creatures that are a M'arrillian or a Minion have "":water:Water 5.""",,false,Courage,,"Keith Conroy, Emilio Lopez, HotShotsVFX",https://i.imgur.com/Kk5myn0.png,Mount Pillar Reservoir__btd
213/222,Open Doors of the Deepmines,,btd,super rare,Minion Creatures are treated as if their controller also controlled a Chieftain.,"""Prepare yourselves! This is the nightmare I foretold!"" — Najarin",true,Minion,,HotShotsVFX,https://i.imgur.com/g4ioY8N.png,Open Doors of the Deepmines__btd
216/222,Psikoom Madness Chamber,,btd,common,"Engaged Creatures have ""Exhaust :courage:Courage 5"" and ""Exhaust :wisdom:Wisdom 5.""",The lucky ones go insane.,false,Courage,,HotShotsVFX,https://i.imgur.com/OcimSfF.png,Psikoom Madness Chamber__btd
217/222,Rao'Pa Sahkk,Ihun'kalin's Foothold,btd,rare,"When this becomes the active Location, each player sacrifices a Battlegear. 
When a M'arrillian or Minion Creature wins a Challenge on an Attack it plays, that Creature gains 5 Energy.",,false,Speed,,"Khary Randolph, Emilio Lopez, HotShotsVFX",https://i.imgur.com/huKbWGM.png,Rao'Pa Sahkk__btd
218/222,Riverlands,Erak'tabb's Foothold,btd,rare,"When this becomes the active Location, each player removes a :genericmugic: from a Creature they control.
Attacks deal 5 less damage to Creatures that are a M'arrillian or a Minion.",,false,Wisdom,,"Keith Conroy, David Curiel, HotShots VFX",https://i.imgur.com/ZxUqjNB.png,Riverlands__btd
219/222,Stormgrounds,,btd,uncommon,Minion Creatures' activated abilities cost an additional :genericmugic: to play.,The lightning storm has raged for hundreds of years... and will continue to do so long after every Creature is gone.,false,Courage,,HotShotsVFX,https://i.imgur.com/rcFs02y.png,Stormgrounds__btd
203/222,The Heart of the Jungle,,btd,super rare,"When one engaged Creature increases or decreases a Discipline except from this ability, increases or decreases that Discipline of the other engaged Creature by the same amount. 
Mirage: Creatures in this space have an additional 10 in all Disciplines.",,true,OverWorld,Mirage,HotShotsVFX,https://i.imgur.com/tzP4oby.png,The Heart of the Jungle__btd
204/222,The Hive Gallery,,btd,uncommon,"Engaged Creatures have ""Outperform :courage:Courage 5."" 
Damage dealt by :power:Power Attacks is reduced by 5.","As long as we never forget the fallen, they will live forever.",false,Earth,,HotShotsVFX,https://i.imgur.com/YbDf6Wq.png,The Hive Gallery__btd
208/222,The Infectorium,,btd,rare,"At the beginning of combat, deal 15 damage to Infected engaged non-Danian Creatures.","As the breeding ground of millions of parasites, Danians can infect every Creature in Perim a hundred times over.",false,Courage,,HotShotsVFX,https://i.imgur.com/SYNPkCw.png,The Infectorium__btd
214/222,The OverWorld Library,,btd,uncommon,"Engaged Creatures have ""Outperform :wisdom:Wisdom 5."" 
Damage dealt by :courage:Courage Attacks is reduced by 5.","From cookbooks to Cothica clues, every book written is within.",false,Water,,HotShotsVFX,https://i.imgur.com/ymY9TCG.png,The OverWorld Library__btd
215/222,The Pits,,btd,uncommon,"Engaged Creatures have ""Outperform :power:Power 5."" 
Damage dealt by :speed:Speed Attacks is reduced by 5.",The UnderWorlders are fair - all are guilty until proven innocent.,false,Fire,,"Keith Conroy, Anthony Washington",https://i.imgur.com/fPXFtpL.png,The Pits__btd
220/222,Ulmar's Projection Cavern,,btd,super rare,"When this becomes the active Location, your opponent reveals a new active Location. 
Mirage: At the beginning of each player's turn, if this space is unoccupied, that player can relocate one of their Creatures to this space on the Battleboard.",,true,Water,Mirage,HotShotsVFX,https://i.imgur.com/LXMjjLN.png,Ulmar's Projection Cavern__btd
221/222,Van Bloot's Banquet,,btd,super rare,"Creatures that are a M'arrillian or a Minion have an additional 5 Energy. 
When your engaged Creature loses Initiative, it gains 20 to all Disciplines.","A toast to my new friends! Together, we'll overthrow Chaor!",false,UnderWorld,,HotShotsVFX,https://i.imgur.com/pJP4zA0.png,Van Bloot's Banquet__btd
222/222,Vidav's Refectorium,,btd,uncommon,"When this becomes the active Location, each player draws two Attack Cards, then discards two Attack Cards.","Though Vidav wants peace, his battle tactics are undeniably the best.",false,Wisdom,,HotShotsVFX,https://i.imgur.com/fMLjVL6.png,Vidav's Refectorium__btd
91/100,Frozen Fire,,roto,uncommon,"When a Creature has a Mugic counter put on it or removed from it, deal 5 damage to it.",The ocean of flames chills as it burns.,false,Wisdom,,HotShotsVFX,https://i.imgur.com/2mqd2ag.png,Frozen Fire__roto
92/100,Kiru City Tunnels,,roto,uncommon,"Creatures with 35 or more Scanned Energy deal 10 less attack damage.
When any player shuffles their Attack Deck, that player reveals a new active Location.",,false,Muge,,HotShotsVFX,https://i.imgur.com/OoDusKp.png,Kiru City Tunnels__roto
93/100,Psi-fanger's Shelf,,roto,super rare,"If a player would draw and play an Attack, they return an Attack from their Attack Discard pile to their hand and play an Attack instead. If an Attack played this way would go to the discard pile, place it on the bottom of its owner's Attack Deck instead.
If any Attack Discard pile is empty, reveal a new active location.",,false,Power,,Imaginary Friends Studios,https://i.imgur.com/PyhRPPr.png,Psi-fanger's Shelf__roto
94/100,Royal Mipedian Academy of Melee Arts,,roto,rare,"Non-attack damage is reduced to 0. 
Mirage: Creatures in this space cannot be targeted by Mugic.","Trust not blades, for they break. Trust not shields, for they shatter. Trust only yourself, who can neither break nor shatter.",false,Speed,Mirage,HotShotsVFX,https://i.imgur.com/8RPHJlr.png,Royal Mipedian Academy of Melee Arts__roto
95/100,Siril'ean's Lair,,roto,rare,"At the beginning of combat, if a player has fewer Mugic Cards in hand than the number of Creatures they control, that player discards a Mugic Card.",,false,Courage,,Imaginary Friends Studios,https://i.imgur.com/kCEMcwE.png,Siril'ean's Lair__roto
96/100,Skeletal Springs,,roto,uncommon,"Creatures with :water:Water have "":water:Water 5."" 
Fluidmorpher Creatures cannot have Mugic counters put on them or use Mugic counters to pay for Mugic or abilities.",,false,OverWorld,,HotShotsVFX,https://i.imgur.com/VPnZNw8.png,Skeletal Springs__roto
97/100,The Coralsmithy,,roto,rare,"When an attack that has both :fire:Fire and :water:Water is played by a Creature, its controller can swap one of that Creature's Battlegear with a Battlegear Card in its controller's general discard pile.",,false,Fire,,HotShotsVFX,https://i.imgur.com/Rl9z3rm.png,The Coralsmithy__roto
98/100,The Oligarch's Path,,roto,common,"Chieftain Creatures have an additional 10 Energy.
Creatures pay 4 less Mugic counters to play Mugic named Calling of Aa'une.",Najarin's visions were getting more disturbing. How could the worst be still to come?!?,false,Chieftain,,Robert Dizon,https://i.imgur.com/vTGn9pq.png,The Oligarch's Path__roto
99/100,The Rao'Pa Sahkk Chimegrid,,roto,common,"When this becomes the active Location, each player puts a :genericmugic: on a Creature they control.",The sound reverberated far and wide - the Song of Doom!,false,Mugic counters,,HotShotsVFX,https://i.imgur.com/Ddy2YfL.png,The Rao'Pa Sahkk Chimegrid__roto
100/100,The Training Grounds,,roto,ultra rare,"At the beginning of combat, deal 5 damage to each engaged Creature for each Mugic counter on that Creature.
When a Creature wins combat, put Mugic counters on that Creature equal to its Mugic Ability.",,false,Mugic Ability,,HotShotsVFX,https://i.imgur.com/rxAsQjj.png,The Training Grounds__roto
91/100,Brawlers' Burrow,Pugilist's Pit,tott,common,"Engaged Creatures have ""Disarm.""","Unfortunately for Solvis, eye gouging is still legal.",false,Power,,Imaginary Friends Studios,https://i.imgur.com/9JgLBk4.png,Brawlers' Burrow__tott
92/100,Foothold Assault Trench,,tott,super rare,"If all Creatures a player controls share a Tribe, that player's engaged Creature deals an additional 5 attack damage.",,true,Wisdom,,Imaginary Friends Studios,https://i.imgur.com/UrM8j6e.png,Foothold Assault Trench__tott
93/100,Glacier Plains,M'arrillian Melting Camp,tott,super rare,"At the beginning of combat, each player can remove two Mugic counters from any Creatures they control. If a player does not, their engaged Creature loses 50 in each Discipline.",,false,Fluidmorpher,,HotShotsVFX,https://i.imgur.com/mpBXWl7.png,Glacier Plains__tott
94/100,Lore's Chamber of Recall,,tott,rare,"When this becomes the active Location, remove all cards in each general discard pile from the game.
Mirage: At the beginning of combat, engaged Creatures in this space with 30 or less Scanned Energy gain 30 Energy.",,false,Power,Mirage,HotShotsVFX,https://i.imgur.com/KuWBRm4.png,Lore's Chamber of Recall__tott
95/100,Pouril Forest,,tott,rare,Creatures do not have and cannot gain Defender.,The most peaceful place in Perim... until Yokkis shows up and slaps a pie in your face!,false,Courage,,HotShotsVFX,https://i.imgur.com/ej5pQwv.png,Pouril Forest__tott
96/100,Prototype Demolition Field,,tott,super rare,"When a Creature deals 20 or more damage with its first attack each combat, destroy all Battlegear equipped to it.",Finish first? I'm more worried about finishing in one piece!,false,Speed,,HotShotsVFX,https://i.imgur.com/Zz5FgPT.png,Prototype Demolition Field__tott
97/100,Shardcrafters' Workshop,,tott,rare,"Shard Battlegear have ""Equipped Creature deals an additional 5 attack damage."" 
Battlegear cannot be flipped face-down.",Kha'rall are nearly unstoppable. The shards guarantee that they are.,false,Wisdom,,HotShotsVFX,https://i.imgur.com/7d3JzwT.png,Shardcrafters' Workshop__tott
98/100,The Phalanx Portcullis,,tott,uncommon,"Creatures with less than 50 :courage:Courage deal 5 less attack damage.
Creatures with more than 100 :courage:Courage deal an additional 5 attack damage.",,false,Scanned Energy,,HotShotsVFX,https://i.imgur.com/4x4IEXB.png,The Phalanx Portcullis__tott
99/100,The Storm Tunnel,Flooding,tott,common,"Engaged Creatures have "":water:Water 5.""
Creatures with :air:Air that became engaged this turn have an additional 10 Energy.","The air drowns, the sky cries, the winds cease, the hope dies.",false,Speed,,"Keith Conroy, Emilio Lopez, HotShotsVFX",https://i.imgur.com/qRdg2E3.png,The Storm Tunnel__tott
100/100,UnderWorld City,During Van Bloot's Ascent,tott,uncommon,"Creatures not named Lord Van Bloot have 10 less :courage:Courage.
Attack Cards played by Minion Creatures have ""Challenge :courage:Courage 15: Deal 5 damage.""",,false,Courage,,"Keith Conroy, Khary Randolph, Chris Fisher",https://i.imgur.com/RoLrWm3.png,UnderWorld City__tott
89/100,Carnival of Confusion,Mind Games,fun,rare,"When a player would draw and play an Attack Card, instead they reveal and play the top card of their Attack Deck.","If I say I'm lying, am I telling the truth?",false,Speed,,"Andrew Bradshaw, Reggie Butler, HotShotsVFX",https://i.imgur.com/sA09HZ7.png,Carnival of Confusion__fun
90/100,Cryomorph Barricades,,fun,uncommon,"Creatures with Defender deal an additional 5 attack damage. 
Mirage: Creatures in this space have ""Defender.""",Even Intress was flabbergasted that the Fluidmorphers built the wall in a day.,false,Power,Mirage,"Chris Fisher, HotShotsVFX",https://i.imgur.com/qcUCrtk.png,Cryomorph Barricades__fun
91/100,Glacier Plains,M'arrillian Heat Cannon,fun,ultra rare,Remove 50 Mugic counters from among Creatures you control: Win the game. Any player can play this ability.,"""If the ice melts, Perim will die. We must stop it... no matter what the sacrifice."" — Tangath Toborn",true,Mugic counters,,Imaginary Friends Studios,https://i.imgur.com/3vOnBAs.png,Glacier Plains__fun
92/100,Gorram's Briefing,,fun,common,"At the beginning of combat, engaged Creatures gains 5 Energy and 5 to all Disciplines for each Tribe its controller controls.",The beginning of the end begins.,false,Courage,,Imaginary Friends Studios,https://i.imgur.com/Qja046l.png,Gorram's Briefing__fun
93/100,Lake Blakeer,,fun,super rare,"At the beginning of combat, engaged M'arrillian Creatures lose 10 Energy. engaged M'arrillian Creatures named Aa'une gain 20 Energy instead.",The legend forged here will last for generations.,false,Wisdom,,HotShotsVFX,https://i.imgur.com/op2y85s.png,Lake Blakeer__fun
94/100,Lake Morn,Globe Storm,fun,common,"When this becomes the active Location, flip a coin. If heads, Creatures with :water:Water take an additional 5 attack damage. If tails, Creatures with :water:Water take 5 less attack damage.",,false,Air,,Imaginary Friends Studios,https://i.imgur.com/nLY7A04.png,Lake Morn__fun
95/100,M'arrillian Pulse Beacons,,fun,common,"When this becomes the active Location, flip all face-up Battlegear face-down.",The M'arrillians need not be present to make their presence felt.,false,Power,,HotShotsVFX,https://i.imgur.com/6ztxliR.png,M'arrillian Pulse Beacons__fun
96/100,Numin Voidland,,fun,uncommon,"At the beginning of combat, engaged Creatures lose all Elemental Types and gain 10 Energy for each Elemental Type lost this way.","Nothing survives here, not even the M'arrillians themselves!",false,Scanned Energy,,"Keith Conroy, HotShotsVFX",https://i.imgur.com/E8vKeFT.png,Numin Voidland__fun
97/100,Pyrogenousist's Hearth,,fun,common,"At the beginning of combat, deal 10 damage to each engaged Creature with no Mugic counters on them.",,false,Fire,,HotShotsVFX,https://i.imgur.com/jY6uZXK.png,Pyrogenousist's Hearth__fun
98/100,Quarters of the Quartet,,fun,super rare,"While a player controls exactly four Tribes, that player's Creatures have ""Untargetable by opponents.""","Four minds, one heart, Perim forever.",false,Mugic counters,,"Keith Conroy, Reggie Butler",https://i.imgur.com/Xjh691R.png,Quarters of the Quartet__fun
99/100,The Northrange,Highground,fun,rare,"When this becomes the active Location, choose a Tribe. All Creatures also count as that Tribe. 
Mirage: Creatures in this space count as all Tribes.",,false,Courage,Mirage,Adrian Barrios. Anthony Washington,https://i.imgur.com/kfFP5I7.png,The Northrange__fun
100/100,The Storm Tunnel,Ki'bro's Foothold,fun,common,"All attacks also count as :water:Water attacks. 
Damage dealt by :air:Air attacks is reduced by 5.",Fighting the war on many fronts stretches even the M'arrillians to their limits.,false,Water,,"Emilio Lopez, HotShotsVFX",https://i.imgur.com/0C1lu7F.png,The Storm Tunnel__fun
175/200,AZAIA Mindscrying Chamber,,au,super rare,"When this becomes the active Location, Creatures lose all Elemental Types.",Your most private secrets may be locked in the deepest recesses of your mind... but we hold the key.,false,M'arrillian,,Imaginary Friends Studios,https://i.imgur.com/E9qxZAi.png,AZAIA Mindscrying Chamber__au
176/200,Castle Mommark,,au,super rare,"When this becomes the active Location, each player can sacrifice a Creature they control. If they do, they can return another Creature Card from their general discard pile to play to any unoccupied space on their side of the Battleboard.",,false,Fire,,"Keith Conory, HotShotsVFX",https://i.imgur.com/KP8bfI3.png,Castle Mommark__au
177/200,Castle Rathwaq,,au,common,The engaged Creature with the lowest :power:Power deals 5 less damage with attacks.,"Grotesquely beautiful, the design is as twisted as its inhabitants.",false,Earth,,HotShotsVFX,https://i.imgur.com/wcPjD9D.png,Castle Rathwaq__au
178/200,City of Kehn-sep,Tablet Dig Site,au,rare,"At the beginning of combat, each player reveals the top 2 cards of their Attack Deck. Any player who reveals 3 or more total Build Points in Attack Cards puts :genericmugic::genericmugic: on their engaged Creature. Put the revealed cards on the bottom of the Attack Deck in any order.",,false,Mipedian,,HotShotsVFX,https://i.imgur.com/BMeKc9T.png,City of Kehn-sep__au
S20/26,Dranakis Threshold,Portal to the Past,au,super rare,"Creatures are considered Past Creatures.
Creatures have no Tribes.","The past, present and future all converge here.",false,Speed,Past,HotShotsVFX,https://i.imgur.com/NGj9Qbw.png,Dranakis Threshold__au
180/200,Elmantiir,,au,common,"At the beginning of combat, engaged Creatures gain 5 Energy for each Elemental Type they have.","As the Elmantiir manifested, Intress knew that she would win - the Emperors of the Elements had bestowed their might upon her.",false,Elementalist,,"Keith Conroy, David Curiel",https://i.imgur.com/EBakrrO.png,Elmantiir__au
S21/26,Gigantempopolis,Chamber of the Oraklon,au,rare,"Each Battlegear has ""Untargetable.""","Since the Oraklon allows one to peer into distant lands, it is no wonder the giants guarded it so closely... or that Vlar wanted it so badly!",false,Water,Past,HotShotsVFX,https://i.imgur.com/yeJTTMi.png,Gigantempopolis__au
S22/26,Graalorn Forest,,au,rare,"When an Elemental Attack is played by a Creature, heal 5 damage to it.","The heart of the forest exhales, breathing life into those injured.",false,Wisdom,Past,HotShotsVFX,https://i.imgur.com/LqrnDTF.png,Graalorn Forest__au
183/200,Herken's Feast,,au,rare,The first attack played by a Creature each combat is reduced by 20 damage.,"The sumptuous meal would have thrilled royalty, but the guests had more important matters to digest.",false,Wisdom,,"Andrew Bradshaw, Keith Conroy, Bob Rivard",https://i.imgur.com/Mte6gHq.png,Herken's Feast__au
184/200,Kaizeph,City of the Elements,au,super rare,Creatures take 5 less damage from attacks they share an Elemental Type with.,"Unlike all else, the Citadel is the foundation of everything.",false,Number of Elements,,"Keith Conroy, Anthony Washington",https://i.imgur.com/gxClBHF.png,Kaizeph__au
S23/26,Kiru Village,,au,rare,Past Creatures have an additional 10 Energy.,"""Yes, Chaor's ancestor was one of the greatest OverWorlders of all time. I'm proud he was my friend, despite what he ultimately became."" — Najarin",false,Air,Past,HotShotsVFX,https://i.imgur.com/bTneN5w.png,Kiru Village__au
185/200,Lake Ken-I-Po,Ritual Site,au,rare,"Creatures cannot gain or lose Elemental Types from Mugic, Attacks or abilities.","As the towers emerged, all wondered what more lay bellow the surface.",false,Number of Elements,,HotShotsVFX,https://i.imgur.com/eTKm4UP.png,Lake Ken-I-Po__au
S24/26,Mipedim Tropics,,au,rare,"Mipedian Creatures have :water:Water and "":water:Water 5.""","Though widely dismissed as anomalies, the first minuscule desert patches were signs that paradise was not forever.",false,Courage,Past,HotShotsVFX,https://i.imgur.com/dTqTZj5.png,Mipedim Tropics__au
187/200,Mipedim Valley,,au,rare,Battlegear equipped to Creatures without :air:Air is not flipped face-up at the beginning of combat.,Some Mipedians yearn for a home from the unforgiving desert. And they may have just found it.,false,Water,,"Keith Conroy, Emilio Lopez",https://i.imgur.com/mbRIHJe.png,Mipedim Valley__au
188/200,Mount Pillar Reservoir,Liberated,au,rare,"When this becomes the active Location, each player Infects an Uninfected Creature they control.",The Danians' lifeblood is also the root of the Mipedians' hatred.,false,Danian,,HotShotsVFX,https://i.imgur.com/aXn1Ihf.png,Mount Pillar Reservoir__au
189/200,Najarin's Castle,,au,super rare,"When this becomes the active Location, each player can discard a Mugic Card. If they do, they can return a Mugic Card from their general discard pile to their hand.",,false,Mugic counters,,"Keith Conroy, Anthony Washington",https://i.imgur.com/Xqp4oRS.png,Najarin's Castle__au
S25/26,Prexxor Chasm,,au,super rare,"At the beginning of the turn, choose a Creature your opponent controls and they choose a Creature you control. Relocate your Creature into the opposing Creature's space and begin combat. This does not count toward your one combat per turn.",,false,Past,Past,HotShotsVFX,https://i.imgur.com/OZMeeph.png,Prexxor Chasm__au
S26/26,Prexxor Chasm,The Blight,au,ultra rare,"Non-Caretaker Creatures cannot be healed or gain Energy from non-innate abilities.
Mirage: Creatures in this space have 20 less Energy.","Forever insatiable, The Blight consumes all.",false,Power,Past Mirage,HotShotsVFX,https://i.imgur.com/ZtU0icW.png,Prexxor Chasm The Blight__au
193/200,Rao'Pa Sahkk,Condensation Ceremony,au,super rare,Creatures without :water:Water cannot spend Mugic counters to play Mugic or abilities.,"Fluidmorphers can manipulate all water, from vast oceans to individual droplets of vapor.",false,Earth,,HotShotsVFX,https://i.imgur.com/nP6rdvo.png,Rao'Pa Sahkk__au
194/200,Riverlands,Abandoned Wastes,au,common,"When this becomes the active Location, each player shuffles their attack hand into their Attack Deck and draws two Attack Cards.",,false,Fewest Elements,,"Keith Conroy, Emilio Lopez, HotShotsVFX",https://i.imgur.com/en68Sqw.png,Riverlands__au
195/200,Rock River Canyon,,au,super rare,Creatures with :earth:Earth have an additional 10 Energy.,A metaphor for patience: just one tiny stream carved the land into a canyon over the course of a thousand generations.,false,Courage,,HotShotsVFX,https://i.imgur.com/uqW1kaI.png,Rock River Canyon__au
196/200,Star Towers of Kehn-sep,,au,common,"At the beginning of combat, if an engaged Creature has higher :wisdom:Wisdom than the opposing engaged Creature, that Creature's controller can remove a :genericmugic: from a Creature they control. If they do, they can put a :genericmugic: on a Creature they control.",,false,Air,,HotShotsVFX,https://i.imgur.com/x68amyh.png,Star Towers of Kehn-sep__au
200/200,Tablet Sanctuary,,au,common,"At the beginning of combat, put a :genericmugic: on the engaged Creature with the most Elemental types.","Though the tablet answered many long-debated questions, not every Creature liked the answers.",false,Speed,,HotShotsVFX,https://i.imgur.com/oqKYsCz.png,Tablet Sanctuary__au
179/200,The Cliffs,,au,rare,"At the beginning of combat, all Creatures gain :earth:Earth.","No matter how hard they tried, the Danians could not win the staring contest.",false,Power,,Stone Perales,https://i.imgur.com/fDFNP2L.png,The Cliffs__au
181/200,The Garden,,au,rare,"At the beginning of combat, all Creatures gain :water:Water.",Water is life.,false,Speed,,Stone Perales,https://i.imgur.com/WvzABfl.png,The Garden__au
182/200,The Golden Heptagon,,au,super rare,Creatures can play Mugic of any Tribe or affiliation.,"At the base of the Citadel, a golden room offers its visitors a taste of an elusive dream...",false,Power,,HotShotsVFX,https://i.imgur.com/w6NRYVx.png,The Golden Heptagon__au
186/200,The Magma Dam,,au,super rare,"Creatures without :fire:Fire have ""Recklessness 5.""","""It only needs to hold until Chaor's hordes have amassed!"" — Khybon",false,Air,,Adrian Barrios. Anthony Washington,https://i.imgur.com/8fdO63z.png,The Magma Dam__au
190/200,The Passage,OverWorld,au,rare,"The first time a Creature gains an Elemental Type this turn, it gains 10 Energy.","From the warm rays of the inviting sun, the stairs spiral into chilling darkness...",false,OverWorld,,HotShotsVFX,https://i.imgur.com/oernXdw.png,The Passage__au_OW
191/200,The Passage,UnderWorld,au,rare,"The first time a Creature loses an Elemental Type this turn, it loses 10 Energy.","...plunging into the void until a faint glow illuminates from bellow, a light not so inviting.",false,UnderWorld,,HotShotsVFX,https://i.imgur.com/r4GRInb.png,The Passage__au_UW
192/200,The Phlogiston,,au,rare,"At the beginning of combat, all Creatures gain :fire:Fire.","The land melts, boils and erupts, creating an ever-shifting landscape.",false,Courage,,Stone Perales,https://i.imgur.com/JVgIjPu.png,The Phlogiston__au
197/200,The Storm Tunnel,Lingering Monsoon,au,common,The engaged Creature with the lowest :speed:Speed plays attacks at random.,The scars of war remain long after the battle is over.,false,Water,,"Emilio Lopez, HotShotsVFX, Keith Conroy",https://i.imgur.com/PxCjxj5.png,The Storm Tunnel__au
198/200,The Storms,,au,rare,"At the beginning of combat, all Creatures gain :air:Air.","""Someone must have carved these statues. So where are they?"" — Tiaane",false,Wisdom,,HotShotsVFX,https://i.imgur.com/gg8LCDz.png,The Storms__au
199/200,The Swartbron,,au,common,The engaged Creature with the lowest :courage:Courage fails all Checks on attacks it plays.,Night flows like a river here.,false,Fire,,HotShotsVFX,https://i.imgur.com/kmlHBCr.png,The Swartbron__au
10/100,Silchaw's Mine,,fas,rare,Attacks that would deal more than 20 damage to Creatures with :earth:Earth deal 20 damage instead.,"Since Aszil opened the Tremor Gate, the very bedrock of Silchaw's mine has gone mad!",false,Courage,,"Keith Conroy, Anthony Washington",https://i.imgur.com/3ElZSrO.png,Silchaw's Mine__fas
12/100,The Flame Gate,,fas,common,All attacks count as :fire:Fire attacks.,"""Maybe we should look for another way in."" — Mezzmarr",false,Fire,,HotShotsVFX,https://i.imgur.com/4Q6Mgtq.png,The Flame Gate__fas
P-012,Carnival of Confusion,The Entangled Throne,promo,promo,"When an attack is played, flip a coin. If heads, that attack deals double damage. If tails, that attack deals 0 damage.",Here your fate rests with your fortune.,false,Speed,,Imaginary Friends Studios,https://i.imgur.com/KgptD6s.png,Carnival of Confusion__promo
OP1-18/20,Castle Pillar,(OP),op,ultra rare,"At the beginning of combat, if an engaged Creature has higher :wisdom:Wisdom than the opposing engaged Creature, put a :genericmugic: on it","It's rumored that the most vicious Creature in Perim is imprisoned here, but only Chaor truly knows.",true,Courage,,"Keith Conroy, David Curiel",https://i.imgur.com/ZYhRlLs.png,Castle Pillar__op
OP1-19/20,Fear Valley,(OP),op,uncommon,"At the beginning of combat, if an engaged Creature has lower :courage:Courage than the opposing engaged Creature, it loses 10 Energy.","No matter how far you run, you can never escape a nightmare.",false,Wisdom,,Imaginary Friends Studios,https://i.imgur.com/YqKqdeq.png,Fear Valley__op
OP1-20/20,Kiru City,(OP),op,rare,OverWorld Creatures have an additional 10 Energy.,"""We will rebuild our home on the ruins of Old Kiru. The UnderWorlders may have destroyed our city, but they can never destroy our spirit!"" — Maxxor",false,Wisdom,,"Khary Randolph, Anthony Washington",https://i.imgur.com/CwmhbEh.png,Kiru City__op
OP-ulwk4j9l,Annex of the Arcane,,op,common,"At the beginning of combat, flip a coin. If heads, put a :genericmugic: on your engaged Creature. If tails, put a :genericmugic: on the opposing engaged Creature.
Creatures with one or more Mugic counters have an additional 10 Energy.",,false,Wisdom,,HotShotsVFX,https://i.imgur.com/46WLM8f.png,Annex of the Arcane__op
OP-t8jtybwa,Khybon's Scrapyard,,op,uncommon,"When a Battlegear is put into a general discard pile, put a Scrap Counter on Khybon's Scrapyard. Then, if it has three or more Scrap counters, return up to one Battlegear Card from your general discard pile to play equipped to an unequipped Creature you control and your opponent reveals a new active Location.",,false,Power,,HotShotsVFX,https://i.imgur.com/2ImweW8.png,Khybon's Scrapyard__op
DOP-506kmbl3,Glacier Plains,(Holiday Reward),dop,super rare,UnderWorld Mugic Costs 1 additional :underworldmugic: to play.,"This frozen, remote region is home to Blügon and other frosty Creatures.",false,Power,,"Keith Conroy, David Curiel, A Clipart snowman",https://i.imgur.com/GSAk2UH.png,Glacier Plains__dop
