Prioridade,Status,name,name_PtBr,subname,subname_PtBr,ability,ability_PtBr,flavorText,flavorText_PtBr,initiative,initiative_PtBr
,Ok,Annex of the Arcane,Anexo do Arcano,,,"At the beginning of combat, flip a coin. If heads, put a :genericmugic: on your engaged Creature. If tails, put a :genericmugic: on the opposing engaged Creature.
Creatures with one or more Mugic counters have an additional 10 Energy.","No início do combate, jogue uma moeda. Se der cara, coloque um :genericmugic: na sua Criatura Engajada. Se der coroa, coloque um :genericmugic: na Criatura oponente Engajada.
Criaturas com um ou mais marcadores Mugic têm 10 de Energia adicionais.",,,Wisdom,Sabedoria
,Ok,AZAIA Mindscrying Chamber,Câmara de Vidência Mental AZAIA,,,"When this becomes the active Location, Creatures lose all Elemental Types.","Quando este Local se torna o ativo, as Criaturas perdem todos os seus Tipos Elementais.",Your most private secrets may be locked in the deepest recesses of your mind... but we hold the key.,Seus segredos mais íntimos podem estar trancados nos recônditos mais profundos da sua mente... mas nós temos a chave.,M'arrillian,M'arrillian
,Ok,Bodal's Arsenal,Arsenal de Bodal,,,"When this becomes the active Location, each player can return a Battlegear Card from their general discard pile to play equipped to an unequipped Creature that player controls.","Quando este Local se torna o Local Ativo, cada jogador pode retornar uma Carta de Equipamento de Batalha de sua pilha de descarte geral e joga-la equipada em uma Criatura desequipada que aquele jogador controla.",,,Wisdom,Sabedoria
2,Ok,Brawlers' Burrow,Toca dos Brigões,Pugilist's Pit,Poço do Pugilista,"When this becomes the active Location, both players shuffle their Attack Decks and attack discard piles together.
All Creatures have ""Outperform all Disciplines 5.""","Quando este Local se torna o Local ativo, ambos os jogadores embaralham seus Baralhos de Ataque e pilhas de descarte de ataque juntos.
Todas as Criaturas têm ""Superar todas as Disciplinas 5"".",,,Speed,Velocidade
2,Ok,Brawlers' Burrow,Toca dos Brigões,,,"Engaged Creatures have ""Disarm.""","Criaturas Engajadas possuem a habilidade ""Desarmar"".","Unfortunately for Solvis, eye gouging is still legal.","Infelizmente para Solvis, arrancar olhos ainda é legal.",Power,Poder
2,Ok,Broken Edge,Borda Quebrada,,,"Engaged Creatures have ""Outperform :speed:Speed 5."" 
Damage dealt by :wisdom:Wisdom Attacks is reduced by 5.","Criaturas Engajadas têm ""Superar :speed:Velocidade 5.""

O dano causado por Ataques de :wisdom:Sabedoria é reduzido em 5.",Nature wages its own war between the forest and the desert.,A natureza trava sua própria guerra entre a floresta e o deserto.,Air,Ar
,Ok,Carnival of Confusion,Carnaval da Confusão,Mind Games,Jogos Mentais,"When a player would draw and play an Attack Card, instead they reveal and play the top card of their Attack Deck.","Quando um jogador for comprar e jogar uma Carta de Ataque, em vez disso, ele revela e joga a carta do topo do seu Baralho de Ataque.","If I say I'm lying, am I telling the truth?","Se eu disser que estou mentindo, estarei dizendo a verdade?",Speed,Velocidade
,Ok,Carnival of Confusion,Carnaval da Confusão,The Entangled Throne,O Trono Emaranhado,"When this becomes the active Location, Creatures lose all Elemental Types. If a Creature lost :fire:Fire, it gains :water:Water. If a Creature lost :water:Water, it gains :air:Air. If a Creature lost :air:Air, it gains :earth:Earth. If a Creature lost :earth:Earth, it gains :fire:Fire.
Elemental Attacks deal an additional 5 damage.","Quando este Local se torna o ativo, as Criaturas perdem todos os seus Tipos Elementais. Se uma Criatura perdeu o Elemento :fire:Fogo, ela ganha o Elemento :water:Água. Se uma Criatura perdeu o Elemento :water:Água, ela ganha o Elemento :air:Ar. Se uma Criatura perdeu o Elemento :air:Ar, ela ganha o Elemento :earth:Terra. Se uma Criatura perdeu o Elemento :earth:Terra, ela ganha o Elemento :fire:Fogo.
Ataques Elementais causam 5 de dano adicional.",,,Speed,Velocidade
,Ok,Carnival of Confusion,Carnaval da Confusão,,,"When an attack is played, flip a coin. If heads, that attack deals double damage. If tails, that attack deals 0 damage.","Ao realizar um ataque, jogue uma moeda. Se sair cara, o ataque causa o dobro do dano. Se sair coroa, o ataque causa 0 de dano.",Here your fate rests with your fortune.,"Aqui, seu destino está em jogo, assim como sua fortuna.",Speed,Velocidade
,Ok,Castle Bodhran,Castelo de Bodhran,,,"At the beginning of combat, each player can return a Mugic Card from their general discard pile to their hand.","No início do combate, cada jogador pode retornar uma Carta Mugic de sua pilha de descarte geral para sua mão.","This strange stronghold is built in a style that might best be called ""bizzarechitecture.""","Essa estranha fortaleza foi construída em um estilo que poderia ser melhor descrito como ""arquitetura bizarra"".",Power,Poder
,Ok,Castle Mommark,Castelo Mommark,,,"When this becomes the active Location, each player can sacrifice a Creature they control. If they do, they can return another Creature Card from their general discard pile to play to any unoccupied space on their side of the Battleboard.","Quando este Local se torna o Local ativo, cada jogador pode sacrificar uma Criatura que controla. Se o fizer, pode retornar outra carta de Criatura da sua pilha de descarte geral para jogar em qualquer espaço desocupado do seu lado do Tabuleiro de Batalha.",,,Fire,Fogo
,Ok,Castle Pillar,Pilar do Castelo,,,"At the beginning of combat, if an engaged Creature has higher :wisdom:Wisdom than the opposing engaged Creature, put a :genericmugic: on it.","No início do combate, se uma Criatura Engajada tiver :wisdom:Sabedoria maior que a Criatura Engajada oponente, coloque um :genericmugic: nela.",,,Courage,Coragem
,Ok,Castle Pillar,Pilar do Castelo,(OP),(OP),"At the beginning of combat, if an engaged Creature has higher :wisdom:Wisdom than the opposing engaged Creature, put a :genericmugic: on it","No início do combate, se uma Criatura Engajada tiver :wisdom:Sabedoria maior que a Criatura Engajada oponente, coloque um :genericmugic: nela.","It's rumored that the most vicious Creature in Perim is imprisoned here, but only Chaor truly knows.","Corre o boato de que a Criatura mais cruel de Perim está aprisionada aqui, mas só Chaor sabe ao certo.",Courage,Coragem
,Ok,Castle Rathwaq,Castelo Rathwaq,,,The engaged Creature with the lowest :power:Power deals 5 less damage with attacks.,A Criatura Engajada com o menor :power:Power causa 5 pontos de dano a menos com ataques.,"Grotesquely beautiful, the design is as twisted as its inhabitants.","De uma beleza grotesca, o projeto é tão distorcido quanto seus habitantes.",Earth,Terra
,Ok,Catacombs of the Conjurors,Catacumbas dos Conjuradores,,,"Damage dealt to Warbeast Creatures by Recklessness is reduced by 5.
Conjuror Creatures have ""Recklessness 5.""","O dano causado a Criaturas Besta de Guerra por Imprudência é reduzido em 5.
Criaturas Conjurador têm ""Imprudência 5"".","Shunned by even the most tolerant of Mipedians, Conjurors continue to push the boundaries of Mugic.","Rejeitados até mesmo pelos Mipedianos mais tolerantes, os Conjuradores continuam a expandir os limites dos Mugic.",Warbeast,Besta de Guerra
2,Ok,Chamber of Waves,Câmara das Ondas,,,Creatures have 10 less in all Disciplines.,Criaturas têm 10 pontos a menos em todas as Disciplinas.,"As corrupted water flows through the pipes of the gigantic acoustic organ, a sound resonates that is both eerie, beautiful and inexplicably dangerous.","À medida que a água contaminada flui pelos tubos do gigantesco órgão acústico, um som ressoa, sendo ao mesmo tempo misterioso, belo e inexplicavelmente perigoso.",Wisdom,Sabedoria
,Ok,City of Kehn-sep,Cidade de Kehn-sep,Tablet Dig Site,Sítio de Escavação de Tablet,"At the beginning of combat, each player reveals the top 2 cards of their Attack Deck. Any player who reveals 3 or more total Build Points in Attack Cards puts :genericmugic::genericmugic: on their engaged Creature. Put the revealed cards on the bottom of the Attack Deck in any order.","No início do combate, cada jogador revela as 2 cartas do topo do seu Baralho de Ataque. Qualquer jogador que revelar 3 ou mais Pontos de Construção totais em Cartas de Ataque coloca :genericmugic::genericmugic: em sua Criatura Engajada. Coloque as cartas reveladas no fundo do Baralho de Ataque em qualquer ordem.",,,Mipedian,Mipediano
1,Ok,Cordac Falls,Cachoeiras Cordac,,,"At the beginning of combat, engaged Creatures gains 5 Energy.","No início do combate, as Criaturas Engajadas ganham 5 de Energia.",Cordac's teardrops plunge into the abyss with nary a splash or spray...,As lágrimas de Cordac mergulham no abismo sem um único respingo ou borrifo...,OverWorld,Outro Mundo
1,Ok,Cordac Falls Plungepool,Poço das Quedas de Cordac,,,"At the beginning of combat, deal 5 damage to engaged Creatures.","No início do combate, cause 5 pontos de dano às Criaturas Engajadas.","...and strike the lake miles below, exploding outwards into the fray.","...e atinge o lago quilômetros abaixo, explodindo para fora em meio à batalha.",UnderWorld,Submundo
,Ok,Cryomorph Barricades,Barricadas Criomorfas,,,"Creatures with Defender deal an additional 5 attack damage. 
Mirage: Creatures in this space have ""Defender.""","Criaturas com Defensor causam 5 pontos de dano de ataque adicionais.
Miragem: Criaturas neste espaço têm ""Defensor"".",Even Intress was flabbergasted that the Fluidmorphers built the wall in a day.,Até mesmo Intress ficou estupefata com o fato dos Liquimorfos terem construído o muro em um único dia.,Power,Poder
,Ok,Crystal Cave,Caverna de Cristal,,,"If an engaged Creature has lower :speed:Speed than the opposing engaged Creature, it deals 0 damage on its first attack each combat.","Se uma Criatura Engajada tiver :speed:Velocidade menor que a Criatura Engajada oponente, ela causa 0 de dano em seu primeiro ataque em cada combate.",The ancient Mugicians mined the hardest substance in all of Perim to protect their mystical melodies.,Os antigos Mugicianos extraíam a substância mais dura de todo o Perim para proteger suas melodias místicas.,Speed,Velocidade
,Ok,Deadrange Gong,Deadrange Gong,,,"Chieftain Creatures have an additional 15 in all Disciplines and "":water:Water 5.""","Criaturas Chefes têm 15 adicionais em todas as Disciplinas e "":water:Água 5"".","Reverberating throughout the deep, M'arrillians can also receive commands by sensing vibrations in the water.","Reverberando pelas profundezas, os M'arrillians também podem receber comandos ao sentirem vibrações na água.",Fire,Fogo
1,Ok,Doors of the Deepmines,Portas das Minas Profundas,,,"At the beginning of combat, Creatures with :water:Water gain 10 Energy.","No início do combate, Criaturas com :water:Água ganham 10 de Energia.","In a rare sign of solidarity, all four tribes guard the massive doors, hoping they never open again.","Num raro gesto de solidariedade, as quatro tribos guardam as enormes portas, na esperança de que nunca mais se abram.",Speed,Velocidade
,Ok,Dranakis Threshold,Limiar de Dranakis,Portal to the Past,Portal para o Passado,"Creatures are considered Past Creatures.
Creatures have no Tribes.","As Criaturas são consideradas Criaturas do Passado.
As Criaturas não possuem Tribos.","The past, present and future all converge here.","O passado, o presente e o futuro convergem aqui.",Speed,Velocidade
,Ok,Dranakis Threshold,Limiar de Dranakis,,,Mugic and activated abilities cannot be played.,Mugic e habilidades ativadas não podem ser usadas.,The few who have survived utter nary a word of what lies beyond.,Os poucos que sobreviveram não proferem uma palavra sequer sobre o que existe além.,Courage,Coragem
,Ok,Elmantiir,Elmantir,,,"At the beginning of combat, engaged Creatures gain 5 Energy for each Elemental Type they have.","No início do combate, as Criaturas Engajadas ganham 5 de Energia para cada Tipo Elemental que possuírem.","As the Elmantiir manifested, Intress knew that she would win - the Emperors of the Elements had bestowed their might upon her.","Quando Elmantiir se manifestou, Intress soube que venceria - os Imperadores dos Elementos haviam lhe concedido seu poder.",Elementalist,Elementalista
,Ok,Everrain,Everrain,,,":water:Water attacks deal an additional 5 damage.
Damage dealt by :earth:Earth attacks is reduced by 5.","Ataques de :water:Água causam 5 de dano adicional.

O dano causado por ataques de :earth:Terra é reduzido em 5.",Lake Ken-I-Po seeps through the UnderWorld ceiling in an unending reminder of the OverWorld's aqueous bounty.,"O lago Ken-I-Po infiltra-se pelo teto do Mundo Subterrâneo, num lembrete constante da abundância aquática do Outro Mundo.",Courage,Coragem
1,Ok,Eye of the Maelstrom,Olho do Redemoinho,,,"When this becomes the active Location, each player discards a Mugic Card.","Quando este Local se torna o Local ativo, cada jogador descarta uma Carta de Mugic.","No wind, no sound - just madness.","Sem vento, sem som - apenas loucura.",Power,Poder
1,Ok,Fear Valley,Vale do Medo,(OP),(OP),"At the beginning of combat, if an engaged Creature has lower :courage:Courage than the opposing engaged Creature, it loses 10 Energy.","No início do combate, se uma Criatura Engajada tiver :courage:Coragem menor que a Criatura oponente Engajada, ela perde 10 de Energia.",One night here means a lifetime of nightmares.,Uma noite aqui significa uma vida inteira de pesadelos.,Wisdom,Sabedoria
1,Ok,Fear Valley,Vale do Medo,,,"At the beginning of combat, if an engaged Creature has lower :courage:Courage than the opposing engaged Creature, it loses 10 Energy.","No início do combate, se uma Criatura Engajada tiver Coragem menor que a Criatura oponente Engajada, ela perde 10 de Energia.","No matter how far you run, you can never escape a nightmare.","Não importa o quão longe você corra, você nunca conseguirá escapar de um pesadelo.",Wisdom,Sabedoria
,Ok,Foothold Assault Trench,Trincheira de Assalto de Ponto de Apoio,,,"If all Creatures a player controls share a Tribe, that player's engaged Creature deals an additional 5 attack damage.","Se todas as Criaturas que um jogador controla compartilharem uma tribo, a Criatura Engajada desse jogador causa 5 pontos de dano de ataque adicionais.",,,Wisdom,Sabedoria
1,Ok,Forest of Life,Floresta da Vida,During Aichlyys,Durante Aichlyys,Creatures do not have and cannot gain Invisibility.,As Criaturas não possuem e não podem adquirir Invisibilidade.,"On those rare nights when the triad stars of Lup, Lec, and Teo shine above the forest, all secrets are brought to light.","Naquelas raras noites em que as estrelas da tríade Lup, Lec e Teo brilham sobre a floresta, todos os segredos são revelados.",Power,Poder
1,Ok,Forest of Life,Floresta da Vida,,,"At the beginning of combat, if an engaged Creature has higher :power:Power than the opposing engaged Creature, it gains 5 Energy.","No início do combate, se uma Criatura Engajada tiver um :power:Poder maior que o da Criatura oponente Engajada, ela ganha 5 de Energia.",A place of perpetuity: nothing is born or perishes within.,Um lugar de perpetuidade: nada nasce nem perece ali.,Wisdom,Sabedoria
,Ok,Frozen Fire,Fogo Congelado,,,"When a Creature has a Mugic counter put on it or removed from it, deal 5 damage to it.","Quando um marcador de Mugic for colocado ou removido de uma Criatura, cause 5 pontos de dano a ela.",The ocean of flames chills as it burns.,O oceano de chamas gela enquanto queima.,Wisdom,Sabedoria
,Ok,Gambreor's Hut,Cabana de Gambreor,,,"Creatures you control have ""Fireproof 5."" 
If a Creature's Discipline would decrease, that Discipline decreases by 10 less instead.","As Criaturas que você controla têm ""Resistência ao Fogo 5"".
Se a Disciplina de uma Criatura fosse diminuir, em vez disso, essa Diciplina diminui em 10.",,,Power,Poder
1,Ok,Gigantempopolis,Gigantempopolis,Chamber of the Oraklon,Câmara do Oraklon,"At the beginning of combat, put a :overworldmugic: on any engaged OverWorld Creatures.","No início do combate, coloque um :overworldmugic: em quaisquer Criaturas do Outro Mundo Engajadas.",The ancient beings who once dwelled here faded into oblivion - proving indisputably that size doesn’t matter.,"Os seres ancestrais que outrora habitaram este lugar desapareceram no esquecimento, provando indiscutivelmente que o tamanho não importa.",Power,Poder
1,Ok,Gigantempopolis,Gigantempopolis,,,"Each Battlegear has ""Untargetable.""","Cada equipamento de batalha possui ""Inalvejável"".","Since the Oraklon allows one to peer into distant lands, it is no wonder the giants guarded it so closely... or that Vlar wanted it so badly!","Já que o Oraklon permite vislumbrar terras distantes, não é de admirar que os gigantes o guardassem tão zelosamente... ou que Vlar o desejasse tanto!",Water,Água
,Ok,Glacier Plains,Planícies Glaciais,M'arrillian Melting Camp,Acampamento de Fusão M'arrillian,"At the beginning of combat, each player can remove two Mugic counters from any Creatures they control. If a player does not, their engaged Creature loses 50 in each Discipline.","No início do combate, cada jogador pode remover dois marcadores de Mugic de quaisquer Criaturas que controle. Se um jogador não o fizer, sua Criatura Engajada perde 50 em cada Disciplina.",,,Fluidmorpher,Fluidmorph
,Ok,Glacier Plains,Planícies Glaciais,(Holiday Reward),(Recompensa de Feriado),UnderWorld Mugic Costs 1 additional :underworldmugic: to play.,Mugic do Submundo custa 1 :underworldmugic: adicional para jogar.,"This frozen, remote region is home to Blügon and other frosty Creatures.",Esta região remota e congelada é o lar de Blügon e outras Criaturas gélidas.,Power,Poder
,Ok,Glacier Plains,Planícies Glaciais,,,Creatures must pay an additional :underworldmugic: to play UnderWorld Mugic Cards.,As Criaturas devem pagar um :underworldmugic: adicional para jogar as Cartas de Mugic do Submundo.,"This frozen, remote region is as harsh and forbidding as the UnderWorld's Lava Pond.",Esta região remota e congelada é tão inóspita e ameaçadora quanto o Lago de Lava do Submundo.,Power,Poder
,Ok,Glacier Plains,Planícies Glaciais,M'arrillian Heat Cannon,Canhão de Calor M'arrillian,Remove 50 Mugic counters from among Creatures you control: Win the game. Any player can play this ability.,Remova 50 marcadores de Mugic dentre as Criaturas que você controla: Ganhe o jogo. Qualquer jogador pode usar esta habilidade.,"""If the ice melts, Perim will die. We must stop it... no matter what the sacrifice."" — Tangath Toborn","""Se o gelo derreter, Perim morrerá. Devemos impedir isso... não importa o sacrifício."" — Tangath Toborn",Mugic counters,Contadores de Mugic
,Ok,Gloom-mire Night,Noite de Lamaçal Sombrio,,,"Creatures cannot be relocated by Mugic, abilities or Attacks.","As Criaturas não podem ser realocadas por Mugic, habilidades ou Ataques.","As Bodal sank into the murky swamp, he calculated that he had 45.7 seconds until he would be gargling black ooze.","Enquanto Bodal afundava no pântano turvo, ele calculou que tinha 45,7 segundos antes de estar engasgando com uma gosma preta.",Mipedian,Mipediano
1,Ok,Gloomuck Swamp,Pântano Gloomuck,,,":earth:Earth attacks deal an additional 5 damage.
Damage dealt by :fire:Fire attacks is reduced by 5.","Ataques de :earth:Terra causam 5 de dano adicional.

O dano causado por ataques de :fire:Fogo é reduzido em 5.",For very different reasons both Crawsectus and Antidaeon choose to call this murky mess home.,"Por razões muito diferentes, tanto Crawsectus quanto Antidaeon escolheram chamar essa confusão nebulosa de lar.",Courage,Coragem
,Ok,Gorram's Briefing,Resumo de Gorram,,,"At the beginning of combat, engaged Creatures gains 5 Energy and 5 to all Disciplines for each Tribe its controller controls.","No início do combate, as Criaturas Engajadas ganham 5 de Energia e 5 em todas as Disciplinas para cada Tribo que seu controlador controla.",The beginning of the end begins.,O começo do fim começa.,Courage,Coragem
,Ok,Gothos Tower,Torre de Gothos,,,"Creatures not named Lord Van Bloot have 10 less :courage:Courage.
Lord Van Bloot has ""Invisibility: Strike 15.""","Criaturas que não se chamam Lorde Van Bloot têm 10 pontos a menos de :courage:Coragem.
Lorde Van Bloot possui ""Invisibilidade: Golpe 15"".",The horrific home of the harrowing Lord Van Bloot.,A casa horripilante do terrível Lorde Van Bloot.,Speed,Velocidade
,Ok,Graalorn Forest,Floresta de Graalorn,,,"When an Elemental Attack is played by a Creature, heal 5 damage to it.","Quando uma Criatura realiza um Ataque Elemental, cure 5 pontos de dano dela.","The heart of the forest exhales, breathing life into those injured.","O coração da floresta exala, dando vida aos feridos.",Wisdom,Sabedoria
,Ok,Grand Hall of Muge's Summit,Grande Salão da Cúpula de Muge,,,"When a Mugic counter is removed from a Creature, Grand Hall of Muge's Summit deals 10 damage to the engaged Creature controlled by the same player.","Quando um marcador de Mugic é removido de uma Criatura, o Grande Salão do Cume de Muge causa 10 pontos de dano à Criatura Engajada controlada pelo mesmo jogador.",Muges rarely feel comfortable sharing their secrets.,Muges raramente se sentem à vontade para compartilhar seus segredos.,Power,Poder
2,Ok,Hall of Fatigue,Salão da Fadiga,,,"Engaged Creatures have ""Exhaust :power:Power 5"" and ""Exhaust :speed:Speed 5.""","Criaturas Engajadas têm ""Exaustão :power:Poder 5"" e ""Exaustão :speed:Velocidade 5"".","When the body has nothing left to give, only the strong-willed fight on.","Quando o corpo não tem mais nada a oferecer, só resta aos mais determinados lutar.",Speed,Velocidade
2,Ok,Herken's Feast,Festa de Herken,,,The first attack played by a Creature each combat is reduced by 20 damage.,O primeiro ataque realizado por uma Criatura em cada combate tem seu dano reduzido em 20 pontos.,"The sumptuous meal would have thrilled royalty, but the guests had more important matters to digest.","A refeição suntuosa teria encantado a realeza, mas os convidados tinham assuntos mais importantes a tratar.",Wisdom,Sabedoria
,Ok,Ijahni Outpost,Posto Avançado Ijahni,,,"Your Creatures have 10 less Energy. 
Mirage: Creatures cannot move off this space unless their controller removes a :genericmugic: from any Creature they control.","Suas Criaturas têm 10 de Energia a menos.
Miragem: As Criaturas não podem se mover deste espaço a menos que seu controlador remova um :genericmugic: de qualquer Criatura que elas controlem.",,,Air,Ar
,Ok,Illusionary Lake,Lago Ilusório,,,"Engaged Creatures do not have :water:Water and cannot gain it.
Mirage: Creatures in this space do not have :water:Water and cannot gain it.","Criaturas Engajadas não possuem :water:Água e não podem obtê-la.
Miragem: Criaturas neste espaço não possuem :water:Água e não podem obtê-la.",,,Water,Água
,Ok,Imaginary Walls,Paredes Imaginárias,,,"When this becomes the active Location, your opponent can return a Mugic Card in their general discard pile to their hand.
Attacks deal 10 less damage to Creatures that are a M'arrillian or a Minion.","Quando este Local se torna o Local ativo, seu oponente pode retornar um Card de Mugic da pilha de descarte geral dele para a mão.
Ataques causam 10 pontos de dano a menos contra Criaturas que sejam um M'arrillian ou um Lacaio.",,,Danian,Danian
,Ok,Indigo Grove,Bosque Índigo,,,"When this becomes the active Location, you can sacrifice a non-Conjuror Creature you control. If you do, return a Conjuror Creature Card in your general discard pile to play to any unoccupied space on the Battleboard.","Quando este Local se tornar o Local ativo, você pode sacrificar uma Criatura que não seja Conjurador que você controla. Se fizer isso, devolva um card de Criatura Conjurador da sua pilha de descarte geral para jogá-lo em qualquer espaço desocupado no Tabuleiro de Batalha.",,,Power,Poder
,Ok,Iparu Jungle,Selva de Iparu,,,"When this becomes the active Location, flip a coin. If tails, shuffle Iparu Jungle into its controller's Location Deck and that player reveals a new active Location.
Mirage: At the beginning of combat, each engaged Creature in this space gains or loses Energy so its Energy is equal to its Scanned Energy.","Quando este se tornar o Local ativo, jogue uma moeda. Se der coroa, embaralhe a Selva de Iparu no Baralho de Locais do seu controlador e esse jogador revela um novo Local ativo.
Miragem: No início do combate, cada Criatura Engajada neste espaço ganha ou perde Energia para que sua Energia seja igual à sua Energia Escaneada.",,,Wisdom,Sabedoria
,Ok,Iron Pillar,Pilar de Ferro,,,Battlegear have no abilities.,Os equipamentos de batalha não possuem habilidades.,The frequent quakes that rock the UnderWorld are blamed on the instability of this once-might prop.,Os frequentes terremotos que sacodem o Submundo são atribuídos à instabilidade desse suporte outrora poderoso.,Courage,Coragem
,Ok,Jade Pillar,Pilar de Jade,,,"When this becomes the active Location, put 10 Jade counters on it. As an attack deals damage, remove 1 Jade Counter for each 5 damage dealt.
When the last Counter is removed, Jade Pillar deals 50 damage to the Creature that played the last attack.","Quando este Local se tornar o Local ativo, coloque 10 marcadores de Jade nele. Conforme um ataque causa dano, remova 1 marcador de Jade para cada 5 de dano causado.
Quando o último marcador for removido, o Pilar de Jade causa 50 de dano à Criatura que realizou o último ataque.",,,Power,Poder
,Ok,Kaizeph,Kaizeph,City of the Elements,Cidade dos Elementos,Creatures take 5 less damage from attacks they share an Elemental Type with.,As Criaturas sofrem 5 pontos de dano a menos de ataques com os quais compartilham um Tipo Elemental.,"Unlike all else, the Citadel is the foundation of everything.","Diferentemente de todo o resto, a Cidadela é o alicerce de tudo.",Number of Elements,Número de elementos
,Ok,Khybon's Scrapyard,Ferro-velho de Khybon,,,"When a Battlegear is put into a general discard pile, put a Scrap Counter on Khybon's Scrapyard. Then, if it has three or more Scrap counters, return up to one Battlegear Card from your general discard pile to play equipped to an unequipped Creature you control and your opponent reveals a new active Location.","Quando um Equipamento de Batalha for colocado em uma pilha de descarte geral, coloque um Marcador de Sucata no Ferro-velho de Khybon. Então, se ele tiver três ou mais Marcadores de Sucata, retorne até um Card de Equipamento de Batalha da sua pilha de descarte geral para jogar equipado a uma Criatura desequipada que você controla e seu oponente revelar um novo Local ativo.",,,Power,Poder
,Ok,Kiru City,Cidade de Kiru,,,OverWorld Creatures have an additional 10 Energy.,As Criaturas do Outro Mundo têm 10 de Energia adicionais.,The majestic capital of the OverWorld is named in memory of one of its greatest leaders.,A majestosa capital do Outro Mundo recebeu o nome em memória de um de seus maiores líderes.,Wisdom,Sabedoria
,Ok,Kiru City,Cidade de Kiru,(OP),(OP),OverWorld Creatures have an additional 10 Energy.,As Criaturas do Outro Mundo têm 10 de Energia adicionais.,"""We will rebuild our home on the ruins of Old Kiru. The UnderWorlders may have destroyed our city, but they can never destroy our spirit!"" — Maxxor","""Reconstruiremos nosso lar sobre as ruínas da antiga Kiru. Os habitantes do Submundo podem ter destruído nossa cidade, mas jamais poderão destruir nosso espírito!"" — Maxxor",Wisdom,Sabedoria
,Ok,Kiru City Tunnels,Túneis da cidade de Kiru,,,"Creatures with 35 or more Scanned Energy deal 10 less attack damage.
When any player shuffles their Attack Deck, that player reveals a new active Location.","Criaturas com 35 ou mais de Energia Escaneada causam 10 pontos de dano de ataque a menos.
Quando qualquer jogador embaralha seu Baralho de Ataque, esse jogador revela um novo Local ativo.",,,Muge,Muge
,Ok,Kiru Village,Vila Kiru,,,Past Creatures have an additional 10 Energy.,Criaturas do Passado possuem 10 de Energia adicional.,"""Yes, Chaor's ancestor was one of the greatest OverWorlders of all time. I'm proud he was my friend, despite what he ultimately became."" — Najarin","""Sim, o ancestral de Chaor foi um dos maiores habitantes do Outro Mundo de todos os tempos. Tenho orgulho de que ele tenha sido meu amigo, apesar do que ele acabou se tornando."" — Najarin",Air,Ar
,Ok,Lake Blakeer,Lago Blakeer,,,"At the beginning of combat, engaged M'arrillian Creatures lose 10 Energy. engaged M'arrillian Creatures named Aa'une gain 20 Energy instead.","No início do combate, Criaturas M'arrillianas Engajadas perdem 10 de Energia. Criaturas M'arrillianas Engajadas com o nome Aa'une ganham 20 de Energia em vez disso.",The legend forged here will last for generations.,A lenda forjada aqui perdurará por gerações.,Wisdom,Sabedoria
,Ok,Lake Ken-I-Po,Lago Ken-I-Po,Ritual Site,Local de Ritual,"Creatures cannot gain or lose Elemental Types from Mugic, Attacks or abilities.","As Criaturas não podem ganhar ou perder Tipos Elementais por meio de Mugic, Ataques ou habilidades.","As the towers emerged, all wondered what more lay bellow the surface.","À medida que as torres emergiam, todos se perguntavam o que mais se escondia sob a superfície.",Number of Elements,Número de elementos
,Ok,Lake Ken-I-Po,Lago Ken-I-Po,,,"Each Mugic has ""Untargetable.""","Cada Mugic possui a propriedade ""Inalvejável"".","Above the placid waters, Najarin's castle towers. A dim light flickers... and a mystery is born.","Acima das águas plácidas, ergue-se o castelo de Najarin. Uma luz tênue cintila... e um mistério nasce.",Power,Poder
,Ok,Lake Morn,Lago Morn,Globe Storm,Tempestade Global,"When this becomes the active Location, flip a coin. If heads, Creatures with :water:Water take an additional 5 attack damage. If tails, Creatures with :water:Water take 5 less attack damage.","Quando este Local se tornar o Local ativo, jogue uma moeda. Se der cara, Criaturas com :water:Água sofrem 5 pontos de dano de ataque adicionais. Se der coroa, Criaturas com :water:Água sofrem 5 pontos de dano de ataque a menos.",,,Air,Ar
,Ok,Lava Pond,Lagoa de lava,,,":fire:Fire attacks deal an additional 5 damage.
Damage dealt by :air:Air attacks is reduced by 5.
Creatures named Magmon have "":fire:Fire 5.""",":fire:Ataques de fogo causam 5 de dano adicional.

O dano causado por :air:Ataques de :air:Ar é reduzido em 5.
Criaturas chamadas Magmon têm "":fire:Fogo 5"".",,,Speed,Velocidade
,Ok,Lava Pond,Lagoa de lava,Milla'iin's Foothold,Ponto de apoio de Milla'iin,"When this becomes the active Location, each player reveals a random Mugic Card from their hand.
Cards with the same name as the revealed cards cannot be played.
Creatures that are a M'arrillian or a Minion take 5 less non-attack damage.","Quando este Local se torna o Local ativo, cada jogador revela uma Carta Mugic aleatória da sua mão.
Cartas com o mesmo nome das cartas reveladas não podem ser jogadas.

Criaturas que sejam um M'arrillian ou um Lacaios sofrem 5 de dano a menos por meios que não sejam de ataque.",,,Power,Poder
,Ok,Lore's Chamber of Recall,Câmara da Recordação de Lore,,,"When this becomes the active Location, remove all cards in each general discard pile from the game.
Mirage: At the beginning of combat, engaged Creatures in this space with 30 or less Scanned Energy gain 30 Energy.","Quando este Local se tornar o Local ativo, remova todas as cartas de cada pilha de descarte geral do jogo.
Miragem: No início do combate, as Criaturas Engajadas neste espaço com 30 ou menos de Energia Escaneada ganham 30 de Energia.",,,Power,Poder
,Ok,M'arrillian Pulse Beacons,Faróis de Pulso M'arrillian,,,"When this becomes the active Location, flip all face-up Battlegear face-down.","Quando esta Localização se tornar ativa, vire todas as unidades de equipamento de batalha com a face para cima para baixo.",The M'arrillians need not be present to make their presence felt.,Os M'arrillians não precisam estar presentes para fazerem sentir a sua presença.,Power,Poder
,Ok,Mipedian Dew Farm,Fazenda de Orvalho Mipedian,,,"Batedors have :water:Water.
Engaged Creatures with :water:Water have :genericmugic:: Heal 10 damage to target Creature.""","Exploradores possuem :water:Água.
Criaturas Engajadas com :water:Água possuem :genericmugic:: Cura 10 de dano à Criatura alvo.","Under the sun, one drop is the difference between life and death.","Sob o sol, uma gota pode ser a diferença entre a vida e a morte.",Courage,Coragem
,Ok,Mipedim Lounge,Lounge Mipedim,,,"Mirage: When an Attack Card is played by a Creature in this space, its controller can flip a coin. If tails, that player sacrifices his engaged Creature. If heads, the attack deals an additional 10 damage, and that player can flip again.","Miragem: Quando uma Carta de Ataque é jogada por uma Criatura neste espaço, seu controlador pode lançar uma moeda. Se sair coroa, aquele jogador sacrifica sua Criatura Engajada. Se sair cara, o ataque causa 10 pontos de dano adicionais, e aquele jogador pode lançar uma moeda novamente.",,,Invisibility,Invisibilidade
,Ok,Mipedim Mirage,Miragem Mipedim,,,"Creatures have ""Swift 1.""
Mirage: If an adjacent Creature can move into this space, it must do so.","As Criaturas têm ""Velocidade 1"".
Miragem: Se uma Criatura adjacente puder se mover para este espaço, ela deverá fazê-lo.","No one believed what the Muges saw, except for Tiaane.","Ninguém acreditou no que os Muges viram, exceto Tiaane.",Danian,Danian
,Ok,Mipedim Oasis,Oásis Mipedim,,,Mipedian Creatures deal an additional 10 damage with their first attack each combat.,As Criaturas Mipedianas causam 10 pontos de dano adicionais com seu primeiro ataque em cada combate.,"For those struggling in the Mipedian Desert, this is a welcome sight. But it is what they can't see that will prove most dangerous.","Para aqueles que lutam para sobreviver no Deserto Mipediano, esta é uma visão bem-vinda. Mas é o que eles não conseguem ver que se revelará mais perigoso.",Courage,Coragem
,Ok,Mipedim Tropics,Trópicos Mipedim,,,"Mipedian Creatures have :water:Water and "":water:Water 5.""","As Criaturas Mipedianas têm :water:Água e "":water:Água 5.""","Though widely dismissed as anomalies, the first minuscule desert patches were signs that paradise was not forever.","Embora amplamente descartadas como anomalias, as primeiras minúsculas manchas de deserto foram sinais de que o paraíso não era para sempre.",Courage,Coragem
,Ok,Mipedim Valley,Vale Mipedim,,,Battlegear equipped to Creatures without :air:Air is not flipped face-up at the beginning of combat.,Equipamentos de batalha equipados em Criaturas sem o Elemento :air:Ar não são virados para cima no início do combate.,Some Mipedians yearn for a home from the unforgiving desert. And they may have just found it.,Alguns Mipedians anseiam por um lar longe do deserto implacável. E talvez o tenham encontrado.,Water,Água
,Ok,Mommark's Catapult Tower,Torre de catapulta da Mommark,,,"When this becomes the active Location, Creatures you control gain ""Swift 1.""","Quando este Local se torna o Local ativo, as Criaturas que você controla ganham ""Velocidade 1"".",,,Speed,Velocidade
,Ok,Mount Pillar,Pilar do Monte,,,"When this becomes the active Location, activate Hive.","Quando este Local se tornar o Local ativo, ative Colmeia.","The Danian homeland provides vital structural support to the UnderWorld ceiling, explaining why Chaor has resisted its demolition.","A pátria dos Danians fornece um suporte estrutural vital para o teto do Submundo, explicando por que Chaor resistiu à sua demolição.",Wisdom,Sabedoria
,Ok,Mount Pillar Reservoir,Reservatórios do Pilar do Monte,Neth'uar's Foothold,Ponto de apoio de Neth'uar,"When this becomes the active Location, each player can return a Chieftain Creature Card from their general discard pile to play to any unoccupied space on their side of the Battleboard. 
Creatures that are a M'arrillian or a Minion have "":water:Water 5.""","Quando este Local se torna o Local ativo, cada jogador pode retornar uma Carta de Criatura Chefe de sua pilha de descarte geral para o jogo em qualquer espaço desocupado em seu lado do Tabuleiro de Batalha.

Criaturas que são um M'arrillian ou um Lacaio têm "":water:Água 5.""",,,Courage,Coragem
,Ok,Mount Pillar Reservoir,Reservatório do Pilar do Monte,Liberated,Libertado,"When this becomes the active Location, each player Infects an Uninfected Creature they control.","Quando este Local se torna o ativo, cada jogador infecta uma Criatura não infectada que controla.",The Danians' lifeblood is also the root of the Mipedians' hatred.,A essência vital dos Danians é também a raiz do ódio dos mipedianos.,Danian,Danian
,Ok,Mount Pillar Reservoir,Reservatório do Pilar do Monte,,,"Creatures have ""Fireproof 10.""
Danian Creatures have "":water:Water 5.""","As Criaturas têm ""Resistência ao Fogo 10"".
As Criaturas Danians têm "":water:Água 5"".",All Danians know that the Reservoir is the well-spring of life. It must be defended to the death.,Todos os Danians sabem que o Reservatório é a fonte da vida. Ele deve ser defendido até a morte.,Water,Água
,Ok,Najarin's Castle,Castelo de Najarin,,,"When this becomes the active Location, each player can discard a Mugic Card. If they do, they can return a Mugic Card from their general discard pile to their hand.","Quando este Local se torna o Local ativo, cada jogador pode descartar uma Carta Mugic. Se o fizer, pode retornar uma Carta Mugicda sua pilha de descarte geral para a sua mão.",,,Mugic counters,Contadores de Mugic
,Ok,Numin Voidland,Terra Nula de Numin,,,"At the beginning of combat, engaged Creatures lose all Elemental Types and gain 10 Energy for each Elemental Type lost this way.","No início do combate, as Criaturas Engajadas perdem todos os seus Tipos Elementais e ganham 10 de Energia para cada Tipo Elemental perdido dessa forma.","Nothing survives here, not even the M'arrillians themselves!","Nada sobrevive aqui, nem mesmo os próprios M'arrillians!",Scanned Energy,Energia Escaneada
,Ok,Oipont's Lookout,Mirante de Oipont,,,"Creatures with :air:Air have :earth:Earth.
If Hive is Active, Danian Creatures have :air:Air and :earth:Earth.","Criaturas com :air:Ar possuem :earth:Terra.
Se a Colmeia estiver ativa, as Criaturas Danians possuem :air:Ar e :earth:Terra.","From high above, Danians can see deep into the heart of the UnderWorld, including invading armies days in advance.","Do alto, os Danians conseguem enxergar o coração do Submundo, inclusive exércitos invasores com dias de antecedência.",Courage,Coragem
,Ok,Open Doors of the Deepmines,Portas Abertas das Minas Profundas,,,Minion Creatures are treated as if their controller also controlled a Chieftain.,As Criaturas Lacaios são tratadas como se seu controlador também controlasse um Chefe.,"""Prepare yourselves! This is the nightmare I foretold!"" — Najarin","""Preparem-se! Este é o pesadelo que eu previ!"" — Najarin",Minion,Minion
,Ok,OverWorld Embassy at Mipedim Oasis,Embaixada Outro Mundo no Oásis Mipedim,,,"When this becomes the active Location, shuffle any Mirage Locations on the Battleboard into their controllers' Location Decks. 
Mipedian Creatures have :water:Water.","Quando este Local se tornar o Local ativo, embaralhe quaisquer locais Miragem no tabuleiro de batalha nos baralhos de locais de seus controladores.

As Criaturas Mipedians têm :water:Água.",Its outward tranquility masks the tumult within.,Sua aparente tranquilidade mascara o tumulto interior.,Wisdom,Sabedoria
,Ok,OverWorld Embassy at Mount Pillar,Embaixada Outro Mundo no Pilar do Monte,,,"When this becomes the active Location, Uninfect all Creatures.","Quando este Local se tornar o ativo, descontamine todas as Criaturas.","Though adorned with oah and jij plants from his village, one look outside his window reminds Raznus that he's far from home.","Embora decorado com plantas oah e jij de sua aldeia, um olhar pela janela faz Raznus se lembrar de que está longe de casa.",Wisdom,Sabedoria
,Ok,Pouril Forest,Floresta Pouril,,,Creatures do not have and cannot gain Defender.,As Criaturas não possuem e não podem adquirir a habilidade Defensor.,The most peaceful place in Perim... until Yokkis shows up and slaps a pie in your face!,O lugar mais tranquilo de Perim... até o Yokkis aparecer e jogar uma torta na sua cara!,Courage,Coragem
,Ok,Prexxor Chasm,Abismo de Prexxor,The Blight,A Praga,"At the beginning of the turn, choose a Creature your opponent controls and they choose a Creature you control. Relocate your Creature into the opposing Creature's space and begin combat. This does not count toward your one combat per turn.","No início do turno, escolha uma Criatura que seu oponente controla e ele escolhe uma Criatura que você controla. Mova sua Criatura para o espaço da Criatura oponente e inicie o combate. Isso não conta para o seu limite de um combate por turno.",,,Past,Passado
,Ok,Prexxor Chasm,Abismo de Prexxor,,,"Non-Caretaker Creatures cannot be healed or gain Energy from non-innate abilities.
Mirage: Creatures in this space have 20 less Energy.","Criaturas que não sejam Cuidadoras não podem ser curadas nem ganhar energia de habilidades não inatas.
Miragem: Criaturas neste espaço têm 20 de energia a menos.","Forever insatiable, The Blight consumes all.","Insaciável para sempre, a Praga consome tudo.",Power,Poder
,Ok,Prototype Demolition Field,Campo de Demolição Prototípico,,,"When a Creature deals 20 or more damage with its first attack each combat, destroy all Battlegear equipped to it.","Quando uma Criatura causar 20 ou mais pontos de dano com seu primeiro ataque em cada combate, destrua todos os seus equipamentos de batalha.",Finish first? I'm more worried about finishing in one piece!,Chegar em primeiro? Estou mais preocupado em chegar inteiro!,Speed,Velocidade
,Ok,Psi-fanger's Shelf,Prateleira do Psi-presa,,,"If a player would draw and play an Attack, they return an Attack from their Attack Discard pile to their hand and play an Attack instead. If an Attack played this way would go to the discard pile, place it on the bottom of its owner's Attack Deck instead.
If any Attack Discard pile is empty, reveal a new active location.","Se um jogador fosse comprar e jogar um Ataque, ele devolve um Ataque da sua pilha de descarte de Ataques para a mão e joga um Ataque em vez disso. Se um Ataque jogado desta forma fosse para a pilha de descarte, coloque-o no fundo do baralho de Ataques do seu dono.
Se alguma pilha de descarte de Ataques estiver vazia, revele uma nova Localização ativa.",,,Power,Poder
2,Ok,Psikoom Madness Chamber,Câmara da Loucura Psikoom,,,"Engaged Creatures have ""Exhaust :courage:Courage 5"" and ""Exhaust :wisdom:Wisdom 5.""","Criaturas Engajadas têm ""Exaustão :courage:Coragem 5"" e ""Exaustão :wisdom:Sabedoria 5"".",The lucky ones go insane.,Os sortudos enlouquecem.,Courage,Coragem
,Ok,Pyrogenousist's Hearth,Lareira do Pirógeno,,,"At the beginning of combat, deal 10 damage to each engaged Creature with no Mugic counters on them.","No início do combate, cause 10 pontos de dano a cada Criatura Engajada que não possua marcadores de Mugic.",,,Fire,Fogo
,Ok,Quarters of the Quartet,Quartos do Quarteto,,,"While a player controls exactly four Tribes, that player's Creatures have ""Untargetable by opponents.""","Enquanto um jogador controlar exatamente quatro Tribos, as Criaturas desse jogador terão a habilidade ""Inalvejáveis pelos oponentes"".","Four minds, one heart, Perim forever.","Quatro mentes, um só coração, Perim para sempre.",Mugic counters,Contadores de Mugic
,Ok,Queen's Gate,Portão da Rainha,,,Creatures engaged with Batedors do not have and cannot gain Invisibility.,Criaturas que interagem com Batedores não possuem e não podem adquirir Invisibilidade.,"""Did you hear something moving? Did you see something moving? I think I just touched something moving...""","""Você ouviu alguma coisa se mexendo? Você viu alguma coisa se mexendo? Acho que acabei de tocar em alguma coisa que estava se mexendo...""",Speed,Velocidade
,Ok,Rao'Pa Sahkk,Rao'Pa Sahkk,Condensation Ceremony,Cerimônia de Condensação,"When this becomes the active Location, each player sacrifices a Battlegear. 
When a M'arrillian or Minion Creature wins a Challenge on an Attack it plays, that Creature gains 5 Energy.","Quando este Local se torna o Local ativo, cada jogador sacrifica um Equipamento de Batalha.
Quando uma Criatura M'arrillian ou Lacaio vence um Desafio em um Ataque que ela joga, essa Criatura ganha 5 de Energia.",,,Speed,Velocidade
,Ok,Rao'Pa Sahkk,Rao'Pa Sahkk,Ihun'kalin's Foothold,Ponto de apoio de Ihun'kalin,"Attacks that are either :air:Air or :earth:Earth deal an additional 5 damage. (Attacks which are both :air:Air and :earth:Earth deal only 5 additional damage.)
When a :water:Water attack is played, that attack's controller reveals a new active Location.
Mirage: When combat ends, put a :genericmugic: on Creatures in this space who were engaged.","Ataques que sejam :air:Ar ou :earth:Terra causam 5 de dano adicional. (Ataques que forem ambos causam apenas 5 de dano adicional.)
Quando um ataque :water:Água for jogado, o controlador desse ataque revela um novo Local ativo.
Miragem: Quando o combate terminar, coloque um :genericmugic: nas Criaturas neste espaço que estavam Engajadas.",,,Fire,Fogo
,Ok,Rao'Pa Sahkk,Rao'Pa Sahkk,The Ocean with No Water,O oceano sem água,Creatures without :water:Water cannot spend Mugic counters to play Mugic or abilities.,Criaturas sem :water:Água não podem gastar marcadores de Mugic para jogar Mugic ou usar habilidades.,"Fluidmorphers can manipulate all water, from vast oceans to individual droplets of vapor.","Os Liquimorfos podem manipular toda a água, desde vastos oceanos até gotículas individuais de vapor.",Earth,Terra
,Ok,Ravanaugh Ridge,Crista de Ravanaugh,,,"At the beginning of combat, if a player controls an engaged Creature with :air:Air, that player can look at the top three cards of their Attack Deck, put one of them on top of that deck and the others on the bottom in any order.","No início do combate, se um jogador controlar uma Criatura Engajada com :air:Ar, esse jogador pode olhar as três cartas do topo do seu Baralho de Ataque, colocar uma delas no topo desse baralho e as outras no fundo, em qualquer ordem.",,,Power,Poder
1,Ok,Riverlands,Terras Ribeirinhas,Abandoned Wastes,Resíduos Abandonados,"When this becomes the active Location, each player removes a :genericmugic: from a Creature they control.
Attacks deal 5 less damage to Creatures that are a M'arrillian or a Minion.","Quando este Local se torna o Local ativo, cada jogador remove um :genericmugic: de uma Criatura que controla.
Ataques causam 5 pontos de dano a menos a Criaturas M'arrillian ou Lacaio.",,,Wisdom,Sabedoria
1,Ok,Riverlands,Terras Ribeirinhas,Erak'tabb's Foothold,Ponto de apoio de Erak'tabb,"When this becomes the active Location, each player shuffles their attack hand into their Attack Deck and draws two Attack Cards.","Quando este Local se torna o Local ativo, cada jogador embaralha sua mão de ataque em seu Baralho de Ataque e compra duas Cartas de Ataque.",,,Fewest Elements,Menos elementos
1,Ok,Riverlands,Terras Ribeirinhas,,,"When a Creature deals :water:Water damage, heal 5 damage to it.","Quando uma Criatura causar dano de :water:Água, cure 5 pontos de dano a ela.",No one has yet to reach the source of the rushing waters. Could the Cothica be where it all begins?,Ninguém ainda conseguiu chegar à nascente das águas turbulentas. Será que a Cothica é onde tudo começa?,Wisdom,Sabedoria
,Ok,Rock River Canyon,Cânion do Rio Rock,,,Creatures with :earth:Earth have an additional 10 Energy.,Criaturas com :earth:Terra têm 10 de Energia adicionais.,A metaphor for patience: just one tiny stream carved the land into a canyon over the course of a thousand generations.,Uma metáfora para a paciência: um único riacho minúsculo esculpiu a terra em um cânion ao longo de mil gerações.,Courage,Coragem
,Ok,Royal Mipedian Academy of Melee Arts,Academia Mipediana de Artes de Combate Corpo a Corpo,,,"Non-attack damage is reduced to 0. 
Mirage: Creatures in this space cannot be targeted by Mugic.","O dano que não seja de ataque é reduzido a 0.
Miragem: As Criaturas neste espaço não podem ser alvo de Mugic.","Trust not blades, for they break. Trust not shields, for they shatter. Trust only yourself, who can neither break nor shatter.","Não confie em lâminas, pois elas quebram. Não confie em escudos, pois eles se estilhaçam. Confie apenas em si mesmo, que não pode quebrar nem se estilhaçar.",Speed,Velocidade
1,Ok,Runic Grove,Bosque Rúnico,,,Tribal Mugic cannot be played.,Mugics Tribais não podem ser jogados.,Secret symbols or a simple secret? Many have been tantalized by what remains indecipherable to this day.,Símbolos secretos ou um simples segredo? Muitos têm sido intrigados pelo que permanece indecifrável até hoje.,Courage,Coragem
,Ok,Sands of the Unseen,Areias do Oculto,,,"Creatures with :air:Air have ""Invisibility: Strike 10.""","Criaturas com :air:Air têm ""Invisibilidade: Golpe 10"".","Danians seek the answers to Mipedian invisibility, but they realize too late that some secrets should remain mysteries.","Os Danians buscam respostas para a Invisibilidade mipediana, mas percebem tarde demais que alguns segredos devem permanecer mistérios.",Courage,Coragem
,Ok,Sha-Kree Flats,Planície de Sha-Kree,,,"At the beginning of combat, engaged Elementalist Creatures gain an Elemental type of their controller's choice.","No início do combate, as Criaturas Elementalistas Engajadas ganham um tipo Elemental à escolha de seu controlador.","Flat, dry, inhospitable. Perfect!","Plano, seco, inóspito. Perfeito!",Mipedian,Mipediano
,Ok,Shardcrafters' Workshop,Oficina dos Artesãos de Fragmentos,,,"Shard Battlegear have ""Equipped Creature deals an additional 5 attack damage."" 
Battlegear cannot be flipped face-down.","Os Equipamento de Batalha de Fragmentos têm a habilidade ""A Criatura equipada causa 5 pontos de dano de ataque adicionais"".

Os Equipamento de Batalha de Fragmentos não podem ser virados para baixo.",Kha'rall are nearly unstoppable. The shards guarantee that they are.,Os Kha'rall são praticamente imparáveis. Os fragmentos garantem isso.,Wisdom,Sabedoria
,Ok,Silchaw's Mine,Mina de Silchaw,,,Attacks that would deal more than 20 damage to Creatures with :earth:Earth deal 20 damage instead.,Ataques que causariam mais de 20 de dano a Criaturas com :earth:Terra causam 20 de dano em vez disso.,"Since Aszil opened the Tremor Gate, the very bedrock of Silchaw's mine has gone mad!","Desde que Aszil abriu o Portal do Tremor, a própria rocha matriz da mina de Silchaw enlouqueceu!",Courage,Coragem
,Ok,Siril'ean's Lair,Covil de Siril'ean,,,"At the beginning of combat, if a player has fewer Mugic Cards in hand than the number of Creatures they control, that player discards a Mugic Card.","No início do combate, se um jogador tiver menos Cartas de Mugic na mão do que o número de Criaturas que controla, esse jogador descarta uma Carta de Mugic.",,,Courage,Coragem
,Ok,Skeletal Springs,Fontes Esqueléticas,,,"Creatures with :water:Water have "":water:Water 5."" 
Fluidmorpher Creatures cannot have Mugic counters put on them or use Mugic counters to pay for Mugic or abilities.","Criaturas com :water:Water têm "":water:Water 5.""

Criaturas Liquimorfas não podem receber marcadores de Mugic nem usar marcadores de Mugic para pagar por Mugic ou habilidades.",,,OverWorld,Outro Mundo
,Ok,Star Towers of Kehn-sep,Torres Estelares de Kehn-sep,,,"At the beginning of combat, if an engaged Creature has higher :wisdom:Wisdom than the opposing engaged Creature, that Creature's controller can remove a :genericmugic: from a Creature they control. If they do, they can put a :genericmugic: on a Creature they control.","No início do combate, se uma Criatura Engajada tiver :wisdom:Sabedoria maior que a Criatura Engajada oponente, o controlador dessa Criatura pode remover um :genericmugic: de uma Criatura que controla. Se o fizer, pode colocar um :genericmugic: em uma Criatura que controla.",,,Air,Ar
,Ok,Stone Pillar,Pilar de Pedra,,,Engaged UnderWorld Creatures pay 1 less :underworldmugic: to play their first Mugic this turn.,Criaturas do Submundo Engajadas pagam 1 a menos de :underworldmugic: para jogar seu primeiro Mugic neste turno.,"Without the Pillars there would be no Over and Under, but simply one World.","Sem os Pilares não haveria ""Acima e Abaixo"", mas simplesmente um único Mundo.",Wisdom,Sabedoria
,Ok,Stormgrounds,Terrenos de tempestade,,,Minion Creatures' activated abilities cost an additional :genericmugic: to play.,As habilidades ativadas das Criaturas Lacaio custam um :genericmugic: adicional para serem jogadas.,The lightning storm has raged for hundreds of years... and will continue to do so long after every Creature is gone.,A tempestade de raios assola a Terra há centenas de anos... e continuará a fazê-lo muito depois de todas as Criaturas terem desaparecido.,Courage,Coragem
,Ok,Stronghold Morn,Fortaleza Alvorada,,,"At the beginning of combat, engaged Creatures gain :fire:Fire, :water:Water, :air:Air, and :earth:Earth.","No início do combate, as Criaturas Engajadas ganham :fire:Fogo, :water:Água, :air:Ar e :earth:Terra.",,,Speed,Velocidade
,Ok,Tablet Sanctuary,Santuário da Tábua,,,"At the beginning of combat, put a :genericmugic: on the engaged Creature with the most Elemental types.","No início do combate, coloque um :genericmugic: na Criatura Engajada com o maior número de tipos Elementais.","Though the tablet answered many long-debated questions, not every Creature liked the answers.","Embora a tábua tenha respondido a muitas perguntas debatidas há muito tempo, nem todas as Criaturas gostaram das respostas.",Speed,Velocidade
,Ok,The Barracks,O Quartel,,,"At the end of combat, if a Warrior you control was engaged that combat, you can relocate it to any unoccupied space on the Battleboard adjacent to it.","Ao final do combate, se um Guerreiro que você controla esteve engajado nesse combate, você pode realocá-lo para qualquer espaço desocupado no Tabuleiro de Batalha adjacente a ele.",Rest well tonight. Another harsh day awaits.,Durma bem esta noite. Outro dia difícil o aguarda.,Power,Poder
,Ok,The Cliffs,Os Penhascos,,,"At the beginning of combat, all Creatures gain :earth:Earth.","No início do combate, todas as Criaturas ganham :earth:Terra.","No matter how hard they tried, the Danians could not win the staring contest.","Por mais que tentassem, os Danians não conseguiam vencer a competição de encarar.",Power,Poder
,Ok,The Coralsmithy,A Ferraria de Corais,,,"When an attack that has both :fire:Fire and :water:Water is played by a Creature, its controller can swap one of that Creature's Battlegear with a Battlegear Card in its controller's general discard pile.","Quando uma Criatura joga um ataque que possui tanto :fire:Fogo quanto :water:Água, seu controlador pode trocar um dos Equipamentos de Batalha dessa Criatura por um Card de Equipamento de Batalha na pilha de descarte geral de seu controlador.",,,Fire,Fogo
,Ok,The Darkened Dunes,As Dunas Escurecidas,,,"Creatures with :earth:Earth have ""Range"" and ""Swift 1.""","Criaturas com :earth:Terra têm ""Alcance"" e ""Agilidade 1"".","The dark whirlwind descends, enveloping you in its black, velvet grip... and never lets go.","O turbilhão escuro desce, envolvendo você em seu abraço negro e aveludado... e nunca mais o solta.",Air,Ar
,Ok,The Flame Gate,O Portão da Chamas,,,All attacks count as :fire:Fire attacks.,Todos os ataques contam como ataques de :fire:Fogo.,"""Maybe we should look for another way in."" — Mezzmarr","""Talvez devêssemos procurar outra forma de entrar."" — Mezzmarr",Fire,Fogo
,Ok,The Garden,O Jardim,,,"At the beginning of combat, all Creatures gain :water:Water.","No início do combate, todas as Criaturas ganham :water:Água.",Water is life.,A água é vida.,Speed,Velocidade
,Ok,The Golden Heptagon,O Heptágono Dourado,,,Creatures can play Mugic of any Tribe or affiliation.,As Criaturas podem jogar Mugic de qualquer Tribo ou afiliação.,"At the base of the Citadel, a golden room offers its visitors a taste of an elusive dream...","Na base da Cidadela, uma sala dourada oferece aos seus visitantes um vislumbre de um sonho inatingível...",Power,Poder
,Ok,The Heart of the Jungle,O Coração da Selva,,,"When one engaged Creature increases or decreases a Discipline except from this ability, increases or decreases that Discipline of the other engaged Creature by the same amount. 
Mirage: Creatures in this space have an additional 10 in all Disciplines.","Quando uma Criatura Engajada aumenta ou diminui uma Disciplina, exceto por esta habilidade, aumenta ou diminui a Disciplina da outra Criatura Engajada na mesma quantidade.
Miragem: Criaturas neste espaço têm um adicional de 10 em todas as Disciplinas.",,,OverWorld,Outro Mundo
2,Ok,The Hive Gallery,Galeria da Colmeia,,,"Engaged Creatures have ""Outperform :courage:Courage 5."" 
Damage dealt by :power:Power Attacks is reduced by 5.","Criaturas Engajadas têm ""Superar :courage:Coragem 5"".

O dano causado por Ataques de :power:Poder é reduzido em 5.","As long as we never forget the fallen, they will live forever.","Enquanto jamais nos esquecermos dos que caíram, eles viverão para sempre.",Earth,Terra
,Ok,The Hunter's Perimeter,O Perímetro do Caçador,,,"When this becomes the active Location, Mipedian Creatures gain ""Invisibility: Surprise.""
At the beginning of combat, reveal a new active Location.
Mirage: Creatures in this space cannot lose Invisibility from Mugic or abilities. Invisibility abilities of Creatures in this space work against Creatures with Invisibility.","Quando este Local se torna o Local ativo, as Criaturas Mipedians ganham ""Invisibilidade: Surpresa"".
No início do combate, revele um novo Local ativo.
Miragem: Criaturas neste espaço não podem perder a Invisibilidade por Mugic ou habilidades. Habilidades de Invisibilidade de Criaturas neste espaço funcionam contra Criaturas com Invisibilidade.",,,Speed,Velocidade
,Ok,The Infectorium,O Infectório,,,"At the beginning of combat, deal 15 damage to Infected engaged non-Danian Creatures.","No início do combate, cause 15 pontos de dano a Criaturas não-danians infectadas que estejam em combate.","As the breeding ground of millions of parasites, Danians can infect every Creature in Perim a hundred times over.","Como criadouro de milhões de parasitas, os Danians podem infectar todas as Criaturas em Perim cem vezes.",Courage,Coragem
,Ok,The Magma Dam,A Barragem de Magma,,,"Creatures without :fire:Fire have ""Recklessness 5.""","Criaturas sem :fire:Fogo têm ""Imprudência 5"".","""It only needs to hold until Chaor's hordes have amassed!"" — Khybon","""Só precisa aguentar até que as hordas de Chaor se reúnam!"" — Khybon",Air,Ar
,Ok,The Northrange,Northrange,Highground,Terreno elevado,"When this becomes the active Location, choose a Tribe. All Creatures also count as that Tribe. 
Mirage: Creatures in this space count as all Tribes.","Quando este Local se tornar o ativo, escolha uma Tribo. Todas as Criaturas também contam como pertencentes a essa Tribo.
Miragem: As Criaturas neste espaço contam como pertencentes a todas as Tribos.",,,Courage,Coragem
,Ok,The Oligarch's Path,O Caminho do Oligarca,,,"Chieftain Creatures have an additional 10 Energy.
Creatures pay 4 less Mugic counters to play Mugic named Calling of Aa'une.","As Criaturas Chefe têm 10 de Energia adicionais.
As Criaturas pagam 4 marcadores de Mugic a menos para jogar Mugic com nome ""Chamado de Aa'une"".",Najarin's visions were getting more disturbing. How could the worst be still to come?!?,As visões de Najarin estavam ficando cada vez mais perturbadoras. Como o pior ainda poderia estar por vir?!,Chieftain,Chefe
2,Ok,The OverWorld Library,A Biblioteca do Outro Mundo,,,"Engaged Creatures have ""Outperform :wisdom:Wisdom 5."" 
Damage dealt by :courage:Courage Attacks is reduced by 5.","Criaturas Engajadas têm ""Superar :wisdom:Sabedoria 5"".

O dano causado por Ataques de :courage:Coragem é reduzido em 5.","From cookbooks to Cothica clues, every book written is within.","De livros de receitas a dicas de culinária, todos os livros escritos estão aqui.",Water,Água
,Ok,The Passage,A Passagem,OverWorld,Outro Mundo,"The first time a Creature loses an Elemental Type this turn, it loses 10 Energy.","Na primeira vez que uma Criatura perder um Tipo Elemental neste turno, ela perde 10 de Energia.","...plunging into the void until a faint glow illuminates from bellow, a light not so inviting.","...mergulhando no vazio até que um brilho tênue ilumine o interior, uma luz nada convidativa.",UnderWorld,Submundo
,Ok,The Passage,A Passagem,UnderWorld,SubMundo,"The first time a Creature gains an Elemental Type this turn, it gains 10 Energy.","Na primeira vez que uma Criatura adquire um Tipo Elemental neste turno, ela ganha 10 de Energia.","From the warm rays of the inviting sun, the stairs spiral into chilling darkness...","Da luz quente e convidativa do sol, a escada em espiral mergulha na escuridão gélida...",OverWorld,Outro Mundo
,Ok,The Phalanx Portcullis,A Porta de Ferro da Falange,,,"Creatures with less than 50 :courage:Courage deal 5 less attack damage.
Creatures with more than 100 :courage:Courage deal an additional 5 attack damage.","Criaturas com menos de 50 de :courage:Coragem causam 5 pontos de dano de ataque a menos.

Criaturas com mais de 100 de :courage:Coragem causam 5 pontos de dano de ataque adicionais.",,,Scanned Energy,Energia Escaneada
,Ok,The Phlogiston,O Flogisto,,,"At the beginning of combat, all Creatures gain :fire:Fire.","No início do combate, todas as Criaturas ganham :fire:Fogo.","The land melts, boils and erupts, creating an ever-shifting landscape.","A terra derrete, ferve e entra em erupção, criando uma paisagem em constante transformação.",Courage,Coragem
2,Ok,The Pits,Os Poços,,,"Engaged Creatures have ""Outperform :power:Power 5."" 
Damage dealt by :speed:Speed Attacks is reduced by 5.","Criaturas Engajadas têm ""Superar :power:Poder 5.""

O dano causado por ataques de :speed:Velocidade é reduzido em 5.",The UnderWorlders are fair - all are guilty until proven innocent.,Os habitantes do Submundo são justos - todos são culpados até que se prove o contrário.,Fire,Fogo
,Ok,The Rao'Pa Sahkk Chimegrid,A Grade de Sinos Rao'Pa Sahkk,,,"When this becomes the active Location, each player puts a :genericmugic: on a Creature they control.","Quando este Local se torna o Local ativo, cada jogador coloca um :genericmugic: em uma Criatura que controla.",The sound reverberated far and wide - the Song of Doom!,O som reverberou por toda parte - a Canção da Perdição!,Mugic counters,Contadores de Mugic
1,Ok,The Storm Tunnel,O Túnel da Tempestade,Ki'bro's Foothold,Ponto de apoio de Ki'bro,"All attacks also count as :water:Water attacks. 
Damage dealt by :air:Air attacks is reduced by 5.","Todos os ataques também contam como ataques de :water:Água.
O dano causado por ataques de :air:Ar é reduzido em 5.",Fighting the war on many fronts stretches even the M'arrillians to their limits.,Lutar a guerra em várias frentes leva até mesmo os M'arrillians ao limite.,Water,Água
1,Ok,The Storm Tunnel,O Túnel da Tempestade,Flooding,Inundação,"Engaged Creatures have "":water:Water 5.""
Creatures with :air:Air that became engaged this turn have an additional 10 Energy.","Criaturas Engajadas têm "":water:Água 5.""
Criaturas com :air:Ar que ficaram Engajadas neste turno têm 10 de Energia adicionais.","The air drowns, the sky cries, the winds cease, the hope dies.","O ar se afoga, o céu chora, os ventos cessam, a esperança morre.",Speed,Velocidade
1,Ok,The Storm Tunnel,O Túnel da Tempestade,Lingering Monsoon,Monção Persistente,The engaged Creature with the lowest :speed:Speed plays attacks at random.,A Criatura Engajada com a menor :speed:Velocidade realiza ataques aleatórios.,The scars of war remain long after the battle is over.,As cicatrizes da guerra permanecem muito tempo depois do fim da batalha.,Water,Água
1,Ok,The Storm Tunnel,O Túnel da Tempestade,,,":air:Air attacks deal an additional 5 damage.
Damage dealt by :water:Water attacks is reduced by 5.","Ataques de :air:Ar causam 5 de dano adicional.
O dano causado por ataques de :water:Água é reduzido em 5.",Even those who cannot fly do so here.,"Até mesmo aqueles que não podem voar, aqui o fazem.",Power,Poder
,Ok,The Storms,As tempestades,,,"At the beginning of combat, all Creatures gain :air:Air.","No início do combate, todas as Criaturas ganham :air:Ar.","""Someone must have carved these statues. So where are they?"" — Tiaane","""Alguém deve ter esculpido essas estátuas. Então, onde elas estão?"" — Tiaane",Wisdom,Sabedoria
,Ok,The Swartbron,A Primavera Negra,,,The engaged Creature with the lowest :courage:Courage fails all Checks on attacks it plays.,A Criatura Engajada com a menor :courage:Coragem falha em todos os testes de ataque que realizar.,Night flows like a river here.,A noite flui aqui como um rio.,Fire,Fogo
,Ok,The Training Grounds,O Campo de Treinamento,,,"At the beginning of combat, deal 5 damage to each engaged Creature for each Mugic counter on that Creature.
When a Creature wins combat, put Mugic counters on that Creature equal to its Mugic Ability.","No início do combate, cause 5 pontos de dano a cada Criatura Engajada para cada marcador de Mugic naquela Criatura.
Quando uma Criatura vence o combate, coloque marcadores de Mugic naquela Criatura igual à sua Habilidade de Mugic.",,,Mugic Ability,Habilidade Mugic
,Ok,Ulmar's Projection Cavern,Caverna de Projeção de Ulmar,,,"When this becomes the active Location, your opponent reveals a new active Location. 
Mirage: At the beginning of each player's turn, if this space is unoccupied, that player can relocate one of their Creatures to this space on the Battleboard.","Quando este Local se torna o Local ativo, seu oponente revela um novo Local ativo.
Miragem: No início do turno de cada jogador, se este espaço estiver desocupado, esse jogador pode realocar uma de suas Criaturas para este espaço no Tabuleiro de Batalha.",,,Water,Água
,Ok,UnderWorld City,Cidade do Submundo,During Van Bloot's Ascent,Durante a Ascensão de Van Bloot,"Creatures not named Lord Van Bloot have 10 less :courage:Courage.
Attack Cards played by Minion Creatures have ""Challenge :courage:Courage 15: Deal 5 damage.""","Criaturas que não se chamam Lorde Van Bloot têm 10 pontos a menos de :courage:Coragem.
Cartas de Ataque jogadas por Criaturas Minion têm ""Desafio :courage:Coragem 15: Cause 5 de dano.""",,,Courage,Coragem
,Ok,UnderWorld City,Cidade do Submundo,,,"Attacks played by UnderWorld Creatures have ""Challenge :power:Power 15: Deal 5 damage.""","Os ataques realizados pelas Criaturas do Submundo têm ""Desafio :power:Poder 15: Causa 5 de dano.""","Not known for his creativity, Chaor nevertheless won the capital-naming contest for which he was also the judge.","Apesar de não ser conhecido por sua criatividade, Chaor venceu o concurso para nomear a capital, do qual também foi jurado.",Speed,Velocidade
,Ok,UnderWorld Colosseum,Coliseu do SubMundo,,,Creatures with :fire:Fire deal an additional 10 damage on their first attack each combat.,Criaturas com :fire:Fogo causam 10 pontos de dano adicionais em seu primeiro ataque em cada combate.,UnderWorlders have a simple way of settling arguments here: the one left standing is always right.,Os habitantes do submundo têm uma maneira simples de resolver discussões aqui: quem ficar de pé está sempre certo.,Speed,Velocidade
,Ok,Van Bloot's Banquet,Banquete de Van Bloot,,,"Creatures that are a M'arrillian or a Minion have an additional 5 Energy. 
When your engaged Creature loses Initiative, it gains 20 to all Disciplines.","Criaturas que são M'arrillian ou Lacaios têm 5 de Energia adicionais.
Quando sua Criatura Engajada perde a Iniciativa, ela ganha 20 em todas as Disciplinas.","A toast to my new friends! Together, we'll overthrow Chaor!","Um brinde aos meus novos amigos! Juntos, derrubaremos Chaor!",UnderWorld,Submundo
2,Ok,Vidav's Refectorium,Refeitório de Vidav,,,"When this becomes the active Location, each player draws two Attack Cards, then discards two Attack Cards.","Quando este Local se torna o Local ativo, cada jogador compra duas Cartas de Ataque e, em seguida, descarta duas Cartas de Ataque.","Though Vidav wants peace, his battle tactics are undeniably the best.","Embora Vidav deseje a paz, suas táticas de batalha são inegavelmente as melhores.",Wisdom,Sabedoria
,Ok,Wooden Pillar,Pilar de Madeira,,,Creatures must pay an additional :overworldmugic: to play OverWorld Mugic Cards.,As Criaturas devem pagar um valor adicional de :overworldmugic: para jogar as Cartas Mugic do Outro Mundo.,"The Runic Grove takes root here, and UnderWorlders believe it grows even further down than up.","O Bosque Rúnico cria raízes aqui, e os habitantes do Submundo acreditam que ele cresce ainda mais para baixo do que para cima.",Wisdom,Sabedoria