id,name,set,rarity,tribe,ability,flavorText,unique,mugicCost,artist,imageUrl,mugicNotes/0/letter,mugicNotes/0/length,mugicNotes/0/sharp,mugicNotes/0/flat,mugicNotes/1/letter,mugicNotes/1/length,mugicNotes/1/sharp,mugicNotes/1/flat,mugicNotes/2/letter,mugicNotes/2/length,mugicNotes/2/sharp,mugicNotes/2/flat,mugicNotes/3/letter,mugicNotes/3/length,mugicNotes/3/sharp,mugicNotes/3/flat,mugicNotes/4/letter,mugicNotes/4/length,mugicNotes/4/sharp,mugicNotes/4/flat,mugicNotes/5/letter,mugicNotes/5/length,mugicNotes/5/sharp,mugicNotes/5/flat,mugicNotes/6/letter,mugicNotes/6/length,mugicNotes/6/sharp,mugicNotes/6/flat,uniqueId,mugicNotes/0
183/232,Canon of Casualty,dop,uncommon,underworld,Deal 20 damage to target Creature.,"Even before the first three notes finish playing, OverWorlders scramble for the nearest shelter.",false,1,Jerico Santander,https://i.imgur.com/hSGT5VV.png,E,2,false,true,F,2,false,false,D,2,false,false,G,2,false,false,B,2,false,true,A,1,false,false,D,3,false,false,Canon of Casualty__dop,
175/232,Cascade Symphony,dop,rare,overworld,Damage dealt to target Creature by :fire:Fire or :air:Air attacks is reduced by 5. (An attack which is both :fire:Fire and :air:Air is still reduced by 5.),"""There is but one true language, and that is Mugic. All else is gibberish."" - Donmar",false,1,Peter Joworoski,https://i.imgur.com/dp34ZzI.png,B,2,false,true,D,1,false,false,F,3,false,false,G,1,false,false,B,1,false,true,B,1,false,true,C,4,false,false,Cascade Symphony__dop,
191/232,Chorus of the Hive,dop,common,danian,Activate Hive.,What repels some attracts others. Is preference learned or ingrained?,false,1,Peter Joworoski,https://i.imgur.com/2TlXa5m.png,C,1,false,false,G,1,false,false,A,1,false,true,C,1,false,false,G,1,false,false,A,1,false,true,D,4,false,false,Chorus of the Hive__dop,
165/232,Decrescendo,dop,common,generic,Deal 5 damage to target Creature.,Minimalism to the max.,false,1,Jerico Santander,https://i.imgur.com/0vmIAIz.png,G,2,false,false,G,1,false,false,F,1,false,false,E,2,false,true,E,2,false,true,C,1,false,false,D,4,false,false,Decrescendo__dop,
184/232,Discord of Disarming,dop,uncommon,underworld,Destroy target Battlegear.,"As his Windstrider decomposes into shrapnel, Bodal calculates that it will take 56.4 seconds before he splats on the ground.",false,1,Martin Molski,https://i.imgur.com/85wqGRI.png,E,3,false,false,D,3,true,false,E,3,false,false,D,3,true,false,D,1,false,true,E,1,false,false,A,4,true,false,Discord of Disarming__dop,
166/232,Ember Flourish,dop,uncommon,generic,Heal 15 damage to target Creature with :air:Air or :fire:Fire.,"No matter how many you carry with you, a song can never weigh you down.",false,1,Jeff Huang,https://i.imgur.com/I2qFZup.png,A,1,false,false,B,1,false,false,C,1,false,false,A,1,false,false,B,1,false,false,C,1,false,false,E,4,false,false,Ember Flourish__dop,
197/232,Fanfare of the Vanishing,dop,rare,mipedian,"Target Creature gains ""Invisibility: Strike 15.""","When a melody becomes memory, it will never disappear.",false,1,Karol Kolodzinski,https://i.imgur.com/Y8JlfJc.png,B,1,false,true,G,1,false,true,A,1,false,true,F,1,false,false,G,1,false,false,E,1,false,true,F,4,false,false,Fanfare of the Vanishing__dop,
167/232,Fortissimo,dop,super rare,generic,"Target Creature gains 5 :courage:Courage, :power:Power, :wisdom:Wisdom, :speed:Speed, and Energy.","Large is good. Larger is better. But really, really big is sometimes best.",false,1,Martin Molski,https://i.imgur.com/TH3hodk.png,G,2,true,false,C,1,true,false,E,2,false,false,C,2,true,false,D,2,true,false,G,1,false,false,F,4,true,false,Fortissimo__dop,
168/232,Geo Flourish,dop,uncommon,generic,Heal 15 damage to target Creature with :earth:Earth or :water:Water.,Protect the land and the land will protect you.,false,1,Jeff Huang,https://i.imgur.com/WoX1z9x.png,B,1,false,true,A,1,false,false,G,1,false,false,F,1,false,false,E,2,false,true,A,2,false,true,G,4,false,false,Geo Flourish__dop,
176/232,Hymn of the Elements,dop,common,overworld,Target Creature gains an Elemental Type of your choice.,All elements stem from nature — as does the Cothica itself.,false,1,Jerico Santander,https://i.imgur.com/DtE5e0A.png,A,1,false,false,B,1,false,true,C,2,false,false,F,2,false,false,E,2,false,false,D,1,false,false,A,4,false,true,Hymn of the Elements__dop,
169/232,Interlude of Consequence,dop,super rare,generic,Shuffle target player's Attack Deck or Location Deck.,"In desperate situations, turmoil and confusion can be one's allies.",false,1,Karol Kolodzinski,https://i.imgur.com/r3KIQSH.png,C,3,false,false,G,3,false,true,F,3,false,false,G,1,false,false,A,2,false,true,B,1,false,true,C,4,false,false,Interlude of Consequence__dop,
185/232,Melody of Malady,dop,super rare,underworld,Target engaged Creature gains 10 Energy. Deal 5 damage to another target engaged Creature.,"""A little bit more for me, a little bit less for you. Perfect!""— Zalvar",false,1,Jerico Santander,https://i.imgur.com/za7pbn2.png,D,2,false,false,A,1,false,false,A,3,false,true,E,2,false,false,F,2,false,false,D,1,false,true,C,4,false,false,Melody of Malady__dop,
198/232,Melody of Mirage,dop,rare,mipedian,Target attack deals 0 damage.,"Trust your ears, not your eyes.",false,1,Jerico Santander,https://i.imgur.com/s6Pj05d.png,C,1,false,false,A,3,false,false,C,1,false,false,B,3,false,false,C,1,false,false,D,1,false,false,E,4,false,true,Melody of Mirage__dop,
170/232,Minor Flourish,dop,common,generic,Heal 10 damage to target Creature.,"""Anyone can imitate a melody, but to hear it in one's head for the very first time... that is a gift."" — Najarin",false,1,Peter Joworoski,https://i.imgur.com/yjQGZoV.png,,,,,,,,,,,,,,,,,,,,,,,,,,,,,Minor Flourish__dop,
177/232,Mugic Reprise,dop,ultra rare,overworld,Return target Mugic Card from your general discard pile to your hand.,Everything that was once lost will be found again.,false,2,Peter Joworoski,https://i.imgur.com/Fezdp1i.png,C,1,false,false,G,1,false,true,D,1,false,true,C,1,false,false,B,1,false,true,G,1,false,true,F,4,false,false,Mugic Reprise__dop,
199/232,Notes of Neverwhere,dop,common,mipedian,The active Location loses all abilities.,"""If you have all that you need, you are always home."" — From an ancient Mugician text",false,1,Karol Kolodzinski,https://i.imgur.com/Sy9asbT.png,C,1,false,false,A,2,false,true,G,1,false,false,F,1,true,false,G,1,false,false,F,1,true,false,F,4,false,false,Notes of Neverwhere__dop,
178/232,OverWorld Aria,dop,super rare,overworld,Heal 10 damage to target OverWorld Creature. Damage dealt to that Creature by :fire:Fire attacks is reduced by 5.,Mugicians choose host Creatures along tribe affiliations.,false,1,Peter Joworoski,https://i.imgur.com/qpfaU22.png,D,2,false,false,C,3,false,false,C,1,false,false,A,1,false,false,F,2,false,false,A,1,false,false,G,1,false,false,OverWorld Aria__dop,
179/232,Refrain of Denial,dop,super rare,overworld,Negate target Mugic.,Cacophony signaled the beginning of the end of peace for the Mugicians.,false,2,Martin Molski,https://i.imgur.com/bvt9Wiz.png,B,2,false,true,A,1,false,false,G,2,false,false,E,1,false,true,D,1,false,false,B,1,false,true,G,4,false,false,Refrain of Denial__dop,
186/232,"Refrain of Denial, (OverWorld)",dop,super rare,underworld,Negate target Generic or OverWorld Mugic.,"""No such thing as Mugicians! Now fight!"" — Dardemus",false,1,Jerico Santander,https://i.imgur.com/DFn5BKV.png,B,2,false,true,G,1,false,false,A,2,false,false,D,1,false,false,E,1,false,true,C,1,false,false,D,4,false,false,"Refrain of Denial, (OverWorld)__dop",
192/232,"Refrain of Denial, (OverWorld/UnderWorld)",dop,uncommon,danian,Negate target OverWorld or UnderWorld Mugic.,"""The secret to using Mugic is to not try to solve its mysteries."" — Lore",false,1,Peter Joworoski,https://i.imgur.com/jS2JNXk.png,G,2,false,false,B,1,false,true,D,2,false,false,E,1,false,true,G,1,false,false,A,1,false,false,D,3,false,false,"Refrain of Denial, (OverWorld/UnderWorld)__dop",
187/232,Song of Asperity,dop,rare,underworld,"Target Creature gains "":fire:Fire 5"" and "":air:Air 5.""","When anger is all-consuming, hatred is the gateway to a hideous power.",false,1,Christian Jehie,https://i.imgur.com/tws6ogC.png,C,1,false,false,G,1,true,false,C,1,true,false,A,1,false,false,D,1,false,false,B,1,false,true,D,4,false,false,Song of Asperity__dop,
200/232,Song of Deflection,dop,ultra rare,mipedian,Change the target of target Mugic or ability with a single target.,Beauty is in the ears of the beholder - even discordant notes sound harmonious in dire situations.,false,3,Martin Molski,https://i.imgur.com/4h3K41X.png,F,3,true,false,G,3,true,false,A,3,false,false,F,3,true,false,B,1,false,false,B,1,false,false,B,3,false,false,Song of Deflection__dop,
171/232,Song of EmberNova,dop,rare,generic,Deal 10 damage to target Creature with :air:Air or :fire:Fire.,"Fire consumes air, suffocating the earth.",false,1,Peter Joworoski,https://i.imgur.com/7ImYyBy.png,C,2,false,false,A,1,false,true,G,3,false,false,D,1,false,true,C,2,false,false,C,1,false,false,F,4,true,false,Song of EmberNova__dop,
180/232,Song of Focus,dop,uncommon,overworld,"Target Creature gains 10 :courage:Courage, :power:Power, :wisdom:Wisdom, and :speed:Speed.",,false,1,Jerico Santander,https://i.imgur.com/PEfOVD0.png,G,3,false,false,A,1,false,false,E,1,false,false,G,1,false,false,F,2,true,false,D,2,false,false,E,4,false,false,Song of Focus__dop,
188/232,Song of Fury,dop,rare,underworld,"Deal 10 damage to target Creature. Another target Creature gains "":fire:Fire 5.""","""My legs or my Mugician? There is no choice. Cut them off!"" — Miklon",false,1,Karol Kolodzinski,https://i.imgur.com/A6VPuSY.png,A,1,false,true,D,1,false,false,A,1,false,false,E,1,false,true,A,1,false,true,D,1,false,false,B,4,false,false,Song of Fury__dop,
172/232,Song of Futuresight,dop,common,generic,Look at the top two cards of target player's Attack Deck or Location Deck. Put one of them on top of that deck and the other on the bottom.,Take care when peering into the future. Sometimes it is best to not know what comes.,false,1,Martin Molski,https://i.imgur.com/LHDjXAx.png,C,1,false,false,G,1,false,false,A,2,false,true,G,1,false,false,B,1,false,true,A,1,false,false,C,4,true,false,Song of Futuresight__dop,
173/232,Song of GeoNova,dop,rare,generic,Deal 10 damage to target Creature with :earth:Earth or :water:Water.,Forsake the land and the land will forsake you.,false,1,Peter Joworoski,https://i.imgur.com/iOYFEEv.png,E,2,false,false,D,2,false,false,F,2,false,false,D,2,false,false,F,1,true,false,F,1,true,false,D,4,true,false,Song of GeoNova__dop,
193/232,Song of Mandiblor,dop,super rare,danian,"Target Creature gains 5 :courage:Courage, :power:Power, :wisdom:Wisdom, and :speed:Speed for each Danian Creature in play.","Listen and learn the true strength of the Danian tribe — when you face one, you contend with all.",false,1,Jerico Santander,https://i.imgur.com/SuihghC.png,E,1,false,true,F,3,false,false,G,2,false,false,C,1,false,false,F,2,false,false,E,2,false,false,A,4,false,false,Song of Mandiblor__dop,
201/232,Song of Recovery,dop,uncommon,mipedian,"Heal 10 damage to target Creature. That Creature gains "":air:Air 5.""",Tiaane believes that each Mugic is but a small piece of a great opus.,false,1,Jerico Santander,https://i.imgur.com/8CpvFvT.png,C,3,false,false,B,1,false,true,A,1,false,false,G,2,false,false,C,2,false,false,F,3,false,false,G,3,false,false,Song of Recovery__dop,
194/232,Song of Resistance,dop,uncommon,danian,Damage dealt by attacks to the caster is reduced by 5.,Even the proudest Danian would never deny a chance to harden his shell.,false,2,Karol Kolodzinski,https://i.imgur.com/vFqmtUx.png,A,2,false,true,G,2,false,false,D,2,false,false,E,2,false,true,B,1,false,false,B,1,false,true,A,3,false,false,Song of Resistance__dop,
181/232,Song of Resurgence,dop,uncommon,overworld,Heal 20 damage to target Creature.,"""Our understanding of Mugic is the direct inverse of our gratitude for its existence."" — Najarin",false,1,Karol Kolodzinski,https://i.imgur.com/zF7Ph9u.png,E,1,false,false,G,1,false,false,B,1,false,false,D,1,false,false,A,1,false,false,C,1,true,false,F,4,true,false,Song of Resurgence__dop,
189/232,"Song of Revival, (UnderWorld)",dop,ultra rare,underworld,Return target UnderWorld Creature Card in your general discard pile to play to any unoccupied space on the Battleboard.,The Mugicians believed that anything that once was cannot be lost forever.,false,2,Martin Molski,https://i.imgur.com/XSj0HXO.png,F,2,false,false,D,2,false,false,G,2,false,false,E,2,false,false,A,1,false,false,C,1,false,false,D,3,false,false,"Song of Revival, (UnderWorld)__dop",
182/232,Song of Stasis,dop,rare,overworld,Target Creature cannot move.,A melody has the power to move you... or not.,false,1,Martin Molski,https://i.imgur.com/QwladhN.png,E,1,false,true,C,1,false,false,E,1,false,true,G,1,false,false,A,3,false,true,G,1,false,false,B,4,false,false,Song of Stasis__dop,
195/232,Song of Surprisal,dop,common,danian,"Target Creature gains ""Range"" and ""Swift 1.""",The usefulness of Mugic in battle is but a side effect. Its true purpose remains unknown.,false,1,Jerico Santander,https://i.imgur.com/Oau2New.png,F,1,false,false,B,1,false,true,C,1,false,false,D,1,false,true,F,1,false,false,B,1,false,true,E,4,false,false,Song of Surprisal__dop,
196/232,Song of Symmetry,dop,rare,danian,Target engaged Creature gains 10 Energy. Deal 10 damage to another target engaged Creature.,"Your strength is now mine, my weakness is now yours!",false,1,Peter Joworoski,https://i.imgur.com/kXS74AX.png,C,3,false,false,G,1,false,false,D,2,false,false,A,2,false,false,E,4,false,false,B,1,false,false,E,4,false,false,Song of Symmetry__dop,
190/232,Song of Treachery,dop,common,underworld,"Target Creature loses 15 :courage:Courage, :power:Power, :wisdom:Wisdom, and :speed:Speed.",One cannot move forward if one's always watching one's own back.,false,1,Jerico Santander,https://i.imgur.com/hlQEG0a.png,G,1,false,false,A,1,false,true,B,1,false,false,E,1,false,true,D,3,false,false,B,1,false,true,E,4,false,false,Song of Treachery__dop,
174/232,Song of Truesight,dop,common,generic,Target Creature loses Invisibility.,"A melody may help you see things more clearly, so how can sound be invisible?",false,1,Karol Kolodzinski,https://i.imgur.com/KucdmYD.png,G,2,false,false,E,1,false,false,C,3,false,false,A,1,false,false,F,2,false,false,E,1,false,false,F,4,false,false,Song of Truesight__dop,
202/232,Trills of Diminution,dop,common,mipedian,Target engaged Creature loses all abilities.,Even the simplest sounds can resonate in one's mind.,false,1,Jerico Santander,https://i.imgur.com/GU5C0PV.png,D,1,false,false,C,1,true,false,D,1,false,false,C,1,true,false,D,2,false,false,G,2,false,false,A,4,false,true,Trills of Diminution__dop,
71/100,Cascading Rondo,zoth,super rare,underworld,"Swap your attack discard pile with your Attack Deck, then shuffle your Attack Deck.","Though he appeared exhausted, he was merely getting his second wind.",false,1,Peter Joworoski,https://i.imgur.com/h9g4AzQ.png,D,2,false,false,C,2,false,false,A,2,false,false,B,2,false,true,F,2,false,false,G,2,false,false,E,4,false,false,Cascading Rondo__zoth,
87/100,Casters' Warsong,zoth,uncommon,generic,"Deal 5 damage to target Creature.
If the caster of this Mugic is a Muge, deal an additional 10 damage.","A sword can pierce the body, but a song can pierce the soul.",false,1,Karol Kolodzinski,https://i.imgur.com/x3V2nDY.png,B,2,false,true,F,1,false,false,C,3,false,false,E,2,false,true,D,2,false,true,C,2,false,false,D,4,false,true,Casters' Warsong__zoth,
88/100,Chorus of Cothica,zoth,ultra rare,generic,Target Creature can play Mugic of any tribe.,"Some speak of the one true song, the Mugic that unites all Perim.",false,1,Peter Joworoski,https://i.imgur.com/CYWeKC8.png,D,3,false,false,F,2,true,false,G,2,false,false,D,2,false,false,G,2,true,false,E,2,false,false,C,4,false,false,Chorus of Cothica__zoth,
66/100,Composition of Concentration,zoth,common,overworld,Target Creature gains 30 in the Discipline of your choice.,Mugic can raise the spirit to immeasurable heights.,false,1,Martin Molski,https://i.imgur.com/mdm7aqu.png,G,2,true,false,A,2,false,false,G,2,true,false,A,2,false,false,D,2,true,false,G,2,true,false,E,4,false,false,Composition of Concentration__zoth,
76/100,Danian Element Choral,zoth,rare,danian,Target Creature gains all Elemental Types your Creatures have.,Harmonies can never be sung alone.,false,1,Jerico Santander,https://i.imgur.com/UI8bbr8.png,A,2,false,false,B,2,false,true,C,1,true,false,C,3,false,false,G,2,false,false,E,1,false,false,G,4,true,false,Danian Element Choral__zoth,
67/100,Defender's Song,zoth,uncommon,overworld,"Creatures you control gain ""Defender.""",What inspires us to sacrifice ourselves for the ones that we love?,false,1,Peter Joworoski,https://i.imgur.com/kRlSUSM.png,F,2,true,false,G,2,false,false,A,2,false,false,B,2,false,true,D,2,false,true,D,2,false,false,F,4,false,false,Defender's Song__zoth,
72/100,Dissonance of Distraction,zoth,common,underworld,Target Creature loses 30 in the Discipline of your choice.,Mugic can sink the spirit to immeasurable depths.,false,1,Martin Molski,https://i.imgur.com/hHtz8ST.png,E,3,false,true,A,1,false,false,E,2,false,false,G,2,true,false,C,1,true,false,C,1,false,false,F,1,true,false,Dissonance of Distraction__zoth,
73/100,Elemental Denial,zoth,uncommon,underworld,Target Creature loses X Elemental Types of your choice.,Some believe the Cothica and nature are irrevocably linked... understand one and rule the other!,false,X,Martin Molski,https://i.imgur.com/wPPKU6Q.png,D,2,true,false,D,2,false,false,G,2,false,true,F,2,false,false,E,2,false,true,D,2,false,false,A,4,false,false,Elemental Denial__zoth,
77/100,Elemental Elegy,zoth,super rare,danian,"Target Creature loses an Elemental Type of your choice. If that Creature has no Elemental Types, it cannot move instead.",,false,1,Jerico Santander,https://i.imgur.com/TG8SwnU.png,E,2,false,false,A,2,false,false,D,2,false,false,G,2,false,false,C,2,false,false,F,2,false,false,B,4,false,true,Elemental Elegy__zoth,
89/100,Forgotten Origins,zoth,super rare,generic,Target player removes all cards in their general discard pile from the game.,It was the most beautiful song I've ever heard... but now I can't even remember a single note.,false,3,Martin Molski,https://i.imgur.com/5Oqktmk.png,C,3,false,false,A,1,false,true,F,1,false,false,E,2,false,false,F,2,false,false,D,2,false,true,E,4,false,true,Forgotten Origins__zoth,
83/100,Gear Glissando,zoth,common,mipedian,Flip target Battlegear face-up or face-down.,Most Muges believe that the problem with machines is that they exist at all.,false,1,Karol Kolodzinski,https://i.imgur.com/Vgl8gGB.png,E,3,false,false,F,1,true,false,G,1,false,false,A,1,false,false,B,1,false,false,C,3,false,false,E,4,false,true,Gear Glissando__zoth,
74/100,Hive Destruction,zoth,uncommon,underworld,Deactivate Hive.,"How absurd! The Danians act courageous, but they're merely thespians pretending to be warriors! We will rend their dirty hides into chaos!",false,1,Karol Kolodzinski,https://i.imgur.com/NkxMnxe.png,G,3,false,false,D,3,false,false,B,3,false,true,F,3,true,false,C,2,false,false,G,2,false,false,F,2,true,false,Hive Destruction__zoth,
78/100,Hive Unsung,zoth,rare,danian,"Deactivate Hive.
You may pay :danianmugic:when playing Hive Unsung.
If you do, return Hive Unsung to your hand when it resolves.",Some songs leave the audience in silence.,false,0,Jerico Santander,https://i.imgur.com/JluC0Kt.png,G,2,false,true,G,2,false,false,C,1,false,false,B,1,false,true,A,1,false,false,B,1,false,true,G,4,false,true,Hive Unsung__zoth,
79/100,Infectious Melody,zoth,uncommon,danian,Infect up to two target Uninfected Creatures.,A tune so chilling that it makes your skin crawl.,false,2,Jerico Santander,https://i.imgur.com/MQ9Mf60.png,,,,,,,,,,,,,,,,,,,,,,,,,,,,,Infectious Melody__zoth,
84/100,Melodic Might,zoth,super rare,mipedian,"Draw two Attack Cards, then discard two Attack Cards.","When Plan A fails, switch to Plan B. 
When Plan B fails... flee!",false,1,Martin Molski,https://i.imgur.com/OUX63bQ.png,E,2,false,true,F,1,false,false,G,1,false,true,D,2,false,true,A,1,false,true,C,1,false,true,B,4,false,true,Melodic Might__zoth,
90/100,Melody of the Meek,zoth,rare,generic,"If target Creature with 30 or less Scanned Energy would take greater than 10 damage from a single source, it takes 10 damage instead.",,false,1,Jerico Santander,https://i.imgur.com/iOepZJ6.png,,,,,,,,,,,,,,,,,,,,,,,,,,,,,Melody of the Meek__zoth,
68/100,Momental Virtuosity,zoth,rare,overworld,"Target Creature gains 50 in the Discipline of your choice.
Target Creature gains 50 in another Discipline of your choice. (You can target the same Creature.)",,false,2,Karol Kolodzinski,https://i.imgur.com/ymOFPYF.png,G,1,false,false,F,1,false,false,G,3,false,false,C,1,false,false,D,1,false,false,E,2,false,true,C,4,false,false,Momental Virtuosity__zoth,
69/100,Prelude of Protection,zoth,common,overworld,"Target Creature gains ""Fireproof 10"", ""Airproof 10"", ""Earthproof 10"", and ""Waterproof 10.""","Perhaps the Cothica is in the light, the land, the very winds that blow!",false,1,Peter Joworoski,https://i.imgur.com/WCgGz8O.png,B,3,false,true,B,2,false,true,D,2,false,true,G,2,false,true,F,3,false,false,E,2,false,true,C,4,false,true,Prelude of Protection__zoth,
80/100,Purge Dirge,zoth,ultra rare,danian,"Deal 5 damage to target Creature for each Mandiblor you control and each Infected Creature in play, then Uninfect all Creatures.","This may sting a little. But usually, a lot.",true,3,Jerico Santander,https://i.imgur.com/PIi7PQG.png,G,4,false,false,B,2,false,false,F,2,true,false,E,2,false,false,B,3,false,true,C,1,false,false,D,4,false,false,Purge Dirge__zoth,
70/100,Recurring Rescue,zoth,super rare,overworld,"Heal 10 damage to target Creature.
If the target of Recurring Rescue has 30 or less Scanned Energy, return Recurring Rescue to your hand when it resolves.",Ahh... a song so soothing that OverWorlders yearn to hear it again and again.,false,1,Karol Kolodzinski,https://i.imgur.com/FrsonjP.png,B,3,false,true,B,2,false,true,D,2,false,true,G,2,false,true,F,3,false,false,E,2,false,true,C,4,false,true,Recurring Rescue__zoth,
75/100,Serenade of Subordinance,zoth,rare,underworld,"Target Creature loses 50 in the Discipline of your choice. 
Target Creature gains 50 in another Discipline of your choice. (You can target the same Creature.)",,false,2,Peter Joworoski,https://i.imgur.com/qQsVyYF.png,D,1,false,false,C,2,false,false,B,2,false,false,C,3,false,false,D,2,false,false,A,2,false,false,B,4,false,false,Serenade of Subordinance__zoth,
81/100,Song of Encompassing,zoth,common,danian,"Creatures you control gain the Creature Type ""Mandiblor"" in addition to their other types.","All I heard was the buzzing... the deafening, maddening buzzing!",false,1,Jerico Santander,https://i.imgur.com/6pzkHGE.png,A,1,false,true,A,1,false,false,F,1,false,false,E,1,false,false,D,2,false,true,E,1,false,false,C,4,false,false,Song of Encompassing__zoth,
82/100,Song of Resilience,zoth,common,danian,"If target Creature has :fire:Fire, it gains ""Fireproof 10""; if it has :air:Air, it gains ""Airproof 10""; if it has :earth:Earth, it gains ""Earthproof 10""; if it has :water:Water, it gains ""Waterproof 10.""",,false,1,Jerico Santander,https://i.imgur.com/YfWUgr5.png,E,2,false,false,A,2,false,false,C,2,true,false,D,2,true,false,E,3,false,false,F,1,true,false,G,4,true,false,Song of Resilience__zoth,
85/100,Song of Shelter,zoth,rare,mipedian,Target Creature you control cannot be targeted by Mugic or abilities.,"How seven little notes can create such diverse wonders is one of the great, unsolvable mysteries of Perim.",false,1,Martin Molski,https://i.imgur.com/gs0eCDx.png,F,3,false,false,C,1,false,false,G,3,false,false,C,1,false,false,B,2,false,true,A,2,false,false,D,4,false,false,Song of Shelter__zoth,
86/100,Switch Riff,zoth,uncommon,mipedian,Swap the spaces on the Battleboard of two target unengaged Mipedian Creatures you control.,Beware if you see two sets of footprints... but only one Mipedian.,false,1,Martin Molski,https://i.imgur.com/o4ZzoVu.png,C,3,false,false,G,2,false,false,F,2,true,false,C,2,false,false,D,1,false,false,G,1,true,false,E,4,false,false,Switch Riff__zoth,
86/100,Armament Adagio,ss,common,mipedian,Swap any Battlegear on two target Creatures controlled by the same player.,"It's true that we can accomplish great feats alone, but together, we can accomplish miracles.",false,1,Peter Joworoski,https://i.imgur.com/0AMHl6d.png,D,3,true,false,C,2,true,false,A,1,false,false,F,1,false,false,F,1,true,false,A,1,false,false,C,4,false,false,Armament Adagio__ss,
78/100,Echoes of Empty Hands,ss,uncommon,overworld,Destroy all Battlegear equipped to target engaged Creature. That Creature gains 10 Energy.,"""Even lifeless machines have a life force."" — Vidav",false,1,Peter Joworoski,https://i.imgur.com/7m9PYv4.png,C,3,false,false,F,2,false,false,E,2,false,false,B,3,false,false,D,2,true,false,D,2,false,false,C,4,true,false,Echoes of Empty Hands__ss,
87/100,Fighters' Fanfare,ss,ultra rare,mipedian,Damage dealt by the next attack that resolves this turn is dealt to target engaged Creature instead. (Damage is calculated with target as the recipient.),The existence of Mugic is proof enough that nothing is impossible.,true,2,Martin Molski,https://i.imgur.com/0T5HBgU.png,F,3,false,false,C,1,false,false,F,1,false,false,D,3,true,false,D,1,true,false,F,1,false,false,C,4,false,false,Fighters' Fanfare__ss,
88/100,Hymn of Teleportation,ss,super rare,mipedian,"Choose one:
If the Active Location is a Mirage, put it into play on any space on the Battleboard and reveal a new active Location.
Move target Mirage Location in play to any place on the Battleboard.",,false,1,Karol Kolodzinski,https://i.imgur.com/A4xWzPm.png,G,3,false,false,D,1,false,false,C,2,false,false,B,2,false,false,E,1,false,true,C,1,false,false,A,4,false,true,Hymn of Teleportation__ss,
84/100,Melody of Parasitic Mayhem,ss,uncommon,danian,"Infect target Uninfected engaged Creature. If Hive is Active, Uninfect all Creatures controlled by an opponent and deal 5 damage to target engaged Creature for each Creature Uninfected this way instead.",,false,1,Peter Joworoski,https://i.imgur.com/g3G54N5.png,C,2,false,false,F,2,false,false,G,3,true,false,G,1,false,false,D,1,true,false,B,1,false,false,C,4,false,false,Melody of Parasitic Mayhem__ss,
79/100,Rhyme of the Reckless,ss,rare,overworld,"When target attack deals damage, deal the same amount of damage to the Creature that played that attack.","The eyes show that which can be seen, but the ears reveal that which is real.",false,1,Karol Kolodzinski,https://i.imgur.com/VwfBi8n.png,E,3,false,false,D,1,false,false,B,1,false,true,F,1,true,false,F,2,false,false,B,2,false,false,E,4,false,true,Rhyme of the Reckless__ss,
82/100,Song of Desperation,ss,rare,underworld,Target engaged Creature gains 30 Energy. Discipline Checks and Challenges on attacks played by that Creature deal 0 damage.,,true,1,Jerico Santander,https://i.imgur.com/XBAXbC5.png,,,,,,,,,,,,,,,,,,,,,,,,,,,,,Song of Desperation__ss,
80/100,Song of the Dyad,ss,common,overworld,"Choose one: 
Heal 10 damage to target Creature. 
Deal 10 damage to target Creature.",What brings happiness to one brings pain to another.,false,1,Martin Molski,https://i.imgur.com/PkhQGZA.png,D,1,false,false,E,1,false,false,F,2,false,false,D,3,false,false,B,1,false,true,A,2,false,false,C,4,true,false,Song of the Dyad__ss,
83/100,Strain of Ash,ss,uncommon,underworld,"Sacrifice a Battlegear equipped to an unengaged UnderWorld Creature you control. If you do, destroy target Battlegear.","As his Ice Cloak vanished, Bodal calculated he had 8.5 seconds until the firestorm immolated him.",true,0,Jerico Santander,https://i.imgur.com/OVAs2he.png,D,2,false,true,C,3,false,false,F,2,false,false,B,2,false,false,B,3,false,true,E,2,false,true,A,4,false,false,Strain of Ash__ss,
76/100,Strain of Clarity,ss,uncommon,generic,"Choose one: 
Shuffle target Mirage Location into its controller's Location Deck. 
If the active Location is a Mirage, shuffle it into its controller's Location deck and that player reveals a new active Location.",,true,0,Jerico Santander,https://i.imgur.com/m6PTsrS.png,E,1,false,true,D,3,false,false,E,3,false,true,D,3,false,false,B,1,false,true,G,3,false,false,A,4,false,true,Strain of Clarity__ss,
89/100,Strain of Expensive Delusions,ss,rare,mipedian,Destroy all Battlegear equipped to Creatures in the same space as target Mirage Location. Shuffle it into its controller's Location Deck.,,true,0,Karol Kolodzinski,https://i.imgur.com/vhs1nTC.png,G,1,false,false,G,3,false,false,C,1,false,false,D,2,false,true,F,1,false,false,A,2,false,true,B,4,false,false,Strain of Expensive Delusions__ss,
85/100,Strain of Infection,ss,rare,danian,"Uninfect up to three Infected Creatures.
Target Danian Creature gains :danianmugic:for each Creature Uninfected this way.","Little parasites, big rewards.",true,0,Karol Kolodzinski,https://i.imgur.com/CMkBZQd.png,F,3,false,false,E,1,false,false,B,1,false,true,B,1,false,false,G,1,false,false,G,3,true,false,D,4,false,false,Strain of Infection__ss,
81/100,Strain of the Tide,ss,super rare,overworld,Remove any number of OverWorld Creatures in your general discard pile from the game. Heal 10 damage to target Creature for each card you remove this way.,,true,0,Martin Molski,https://i.imgur.com/dJng7hg.png,F,2,false,false,G,1,false,false,A,1,false,true,C,1,false,false,D,3,false,true,C,1,false,false,B,4,false,true,Strain of the Tide__ss,
90/100,Tune of Xerium,ss,uncommon,mipedian,"Sacrifice a Battlegear. If you do, return another Battlegear from your general discard pile to play equipped to an unequipped Creature you control.",,true,1,Martin Molski,https://i.imgur.com/eD4Lcy3.png,F,2,false,false,E,2,false,true,F,3,false,false,E,1,false,true,B,3,false,false,F,1,false,false,D,4,false,false,Tune of Xerium__ss,
77/100,Void Dirge,ss,common,generic,Remove up to three target cards in one general discard pile from the game.,Do not dwell on the past. What's lost is best forgotten.,false,1,Jerico Santander,https://i.imgur.com/WwT5WP6.png,E,2,false,true,C,2,false,false,F,3,false,false,C,1,false,false,E,2,false,true,C,2,false,false,A,4,false,true,Void Dirge__ss,
190/222,Allegro,btd,uncommon,mipedian,"Target Creature gains 50 :speed:Speed.
If your engaged Creature gained Initiative this turn, Allegro's cost is :mipedianmugic0:.","Even with Spectral Viewers, the invasion squad could no longer find the elusive Mipedians.",false,2,Jerico Santander,https://i.imgur.com/uuqyg6X.png,B,3,false,false,E,3,false,false,D,3,true,false,G,3,true,false,F,1,true,false,B,1,false,false,G,4,true,false,Allegro__btd,
191/222,Aria of Enragement,btd,uncommon,mipedian,"Target Creature gains ""Recklessness: 5.""","""Be gone, you fool! The Cothica won't save Perim! Look at the devastation even a hint of its power can cause!"" — Sobtjek",false,1,Martin Molski,https://i.imgur.com/DbxSHVj.png,C,1,false,false,D,1,false,true,E,1,false,true,E,1,false,false,E,1,false,true,D,1,false,true,G,4,false,false,Aria of Enragement__btd,
156/222,Ballad of the Belittled,btd,rare,generic,Deal 20 damage to target Creature that has no Disciplines greater than 25.,"Always pick off the weak before they grow up and pick you off 
",false,1,Jerico Santander,https://i.imgur.com/uScI3xg.png,E,2,false,true,C,2,false,false,G,3,false,false,C,1,false,false,A,1,false,true,G,1,false,false,C,4,false,false,Ballad of the Belittled__btd,
157/222,Cadence Clash,btd,rare,generic,Negate target Mugic and return that card to its controller's hand.,There is nothing worse for a Muge than the stunning sound of silence.,false,1,Jerico Santander,https://i.imgur.com/CT5dggN.png,D,1,false,false,E,2,false,true,G,1,false,false,B,2,false,true,A,1,false,false,D,3,false,true,F,4,false,false,Cadence Clash__btd,
158/222,Carnivore's Keening,btd,rare,generic,"Target Creature gains 30 Energy and ""Recklessness 10.""","""This is where we draw the line! Protect the Riverlands!"" — Tartarek",false,1,Jerico Santander,https://i.imgur.com/01qilZu.png,F,2,false,false,E,3,false,true,G,2,false,false,E,3,false,false,F,1,false,false,E,1,false,false,D,4,false,true,Carnivore's Keening__btd,
180/222,Chromatic Postlude,btd,super rare,underworld,Deal 5 damage to target Creature for each Mugic counter spent to play Chromatic Postlude.,"""What you call 'overkill' is what I call 'being thorough.'"" — Takinom",false,X,Martin Molski,https://i.imgur.com/KKqkrOC.png,E,2,false,false,F,2,false,false,G,3,false,true,D,1,false,true,C,3,false,true,E,1,false,false,E,4,false,true,Chromatic Postlude__btd,
159/222,Deep Dirge,btd,ultra rare,generic,Target Minion Creature is treated as if that Creature's controller also controlled a Chieftain.,"As his eyes glazed over, all he could think was, ""Obey, obey, obey.""",false,1,Jerico Santander,https://i.imgur.com/4KJgbXa.png,D,1,true,false,E,2,false,false,G,3,false,false,E,2,false,true,F,3,true,false,D,1,false,false,C,4,true,false,Deep Dirge__btd,
192/222,Desert's Wrathsong,btd,super rare,mipedian,Destroy target Creature with 0 :speed:Speed and 0 :power:Power.,"Under the burning sun, even the hardiest desiccate in a matter of minutes.",true,2,Jerico Santander,https://i.imgur.com/lSLtFJ9.png,G,1,false,false,A,3,false,true,B,1,false,false,A,1,false,true,G,2,false,false,E,1,false,true,C,4,false,false,Desert's Wrathsong__btd,
181/222,Deserter's Finale,btd,rare,underworld,Deal 5 damage to target Creature. Deal an additional 10 damage to it if it has :water:Water.,"""The fire of the UnderWorld will burn forever!"" — Chaor",false,1,Jerico Santander,https://i.imgur.com/2oXN4sV.png,G,2,false,false,D,1,false,true,G,1,false,false,E,3,false,true,D,1,false,false,F,1,true,false,F,4,true,false,Deserter's Finale__btd,
193/222,Disarming Theme,btd,rare,mipedian,"Target Creature with Invisibility gains ""Invisibility: Disarm.""",Each time Tangath tried to pick up his blade his unseen foe knocked it away again.,false,1,Jerico Santander,https://i.imgur.com/sUT3Z8s.png,E,2,false,false,C,2,false,false,D,2,false,false,F,2,true,false,G,2,true,false,E,2,false,false,A,4,false,false,Disarming Theme__btd,
175/222,Dissonance of Will,btd,super rare,overworld,Negate target activated Creature ability.,"Mugic, like memory, is fleeting.",false,1,Martin Molski,https://i.imgur.com/bvcn8N5.png,D,3,false,false,G,1,true,false,G,3,true,false,A,3,false,false,A,2,false,false,B,1,false,true,E,4,false,false,Dissonance of Will__btd,
185/222,Domestic Hive Hymn,btd,rare,danian,"Target Creature gains 10 Energy. 
If Hive is active, that Creature gains an additional 10 Energy.","With my hive family, I am more ""we"" than ""me.""",false,1,Jerico Santander,https://i.imgur.com/C0NlUaD.png,E,3,false,false,G,1,false,false,F,1,true,false,A,1,false,false,G,1,false,false,B,1,false,false,E,4,false,false,Domestic Hive Hymn__btd,
186/222,Draining Dirge,btd,uncommon,danian,Heal 15 damage to target Mandiblor Creature.,"Though Mandiblors are treated as the dregs of society, Queen Illexia loves all her children equally.",false,1,Jerico Santander,https://i.imgur.com/719TGzD.png,C,2,false,false,E,1,false,false,F,1,false,false,E,2,false,false,D,1,false,false,C,3,true,false,F,3,true,false,Draining Dirge__btd,
160/222,Duality Dirge,btd,rare,generic,"Target Creature gains or loses :courage:Courage, :power:Power, :wisdom:Wisdom and :speed:Speed to make its Disciplines equal to its Scanned Disciplines and cannot be targeted by Mugic or abilities.",,false,3,Jerico Santander,https://i.imgur.com/nbQMVCS.png,F,3,true,false,E,3,false,false,F,3,false,false,D,3,false,false,D,2,true,false,B,1,false,false,B,4,false,true,Duality Dirge__btd,
176/222,Ecstatic Fanfare,btd,uncommon,overworld,"Target Creature gains 20 :wisdom:Wisdom, 15 :courage:Courage, 10 :speed:Speed and 5 :power:Power.",Najarin found it more interesting than prophetic that he had seven letters in his name.,false,1,Peter Joworoski,https://i.imgur.com/c5wsALz.png,G,1,false,false,A,1,false,false,A,1,false,false,G,1,false,false,A,1,false,false,C,1,false,false,F,4,false,false,Ecstatic Fanfare__btd,
161/222,Effervescent Etude,btd,common,generic,Deal 15 damage to target M'arrillian Creature.,"Melodies to some, noise to others.",false,1,Jerico Santander,https://i.imgur.com/4iXWPYb.png,B,1,false,true,A,1,false,false,G,1,false,false,F,1,false,false,D,2,false,false,G,2,false,false,A,4,false,false,Effervescent Etude__btd,
177/222,Empowering Serenade,btd,common,overworld,Target Creature gains 10 Energy and 10 :wisdom:Wisdom.,"""We all fail, my friend. But how we respond to failure - now that is the sign of a champion."" — Maxxor",false,1,Martin Molski,https://i.imgur.com/S15wCy9.png,E,2,false,false,E,2,false,false,G,2,true,false,A,2,false,false,B,3,false,false,E,1,false,false,C,4,true,false,Empowering Serenade__btd,
162/222,Etude of Exhaustion,btd,common,generic,"Target Creature gains ""Exhaust all Disciplines 5.""","As the battle dragged on from days to weeks, the battalion lost the will to keep fighting.",false,1,Jerico Santander,https://i.imgur.com/3KoVOMp.png,B,2,false,true,G,2,false,false,E,3,false,true,D,3,false,false,C,3,false,false,F,2,true,false,D,4,false,false,Etude of Exhaustion__btd,
182/222,Falsetto,btd,common,underworld,"Target Creature loses 20 :power:Power, 15 :speed:Speed, 10 :courage:Courage and 5 :wisdom:Wisdom.","Before: Chaor 
After: H'earring",false,1,Peter Joworoski,https://i.imgur.com/mMnpWtC.png,G,2,false,false,F,2,true,false,G,2,false,false,C,3,true,false,D,1,false,false,A,2,false,false,G,4,true,false,Falsetto__btd,
163/222,Fanfare of the Brain,btd,ultra rare,generic,"Target Creature gains 25 :courage:Courage and 25 :wisdom:Wisdom. If the target is a Minion Creature, it gains another 25 :courage:Courage and 25 :wisdom:Wisdom.",,false,2,Jerico Santander,https://i.imgur.com/nrKRwsv.png,D,1,false,false,C,3,false,false,C,2,false,false,G,1,false,false,E,1,false,true,B,1,false,false,B,4,false,false,Fanfare of the Brain__btd,
164/222,Fatiguing Falsetto,btd,common,generic,"Target Creature gains ""Exhaust all Disciplines 15.""","""If you have patience, you can win a war without fighting a single battle."" — Vidav's teachings",false,2,Jerico Santander,https://i.imgur.com/zcaoaSn.png,F,2,false,false,A,2,false,false,C,2,false,false,C,2,false,false,F,2,false,false,A,2,false,false,A,4,false,false,Fatiguing Falsetto__btd,
183/222,Final Fugue,btd,uncommon,underworld,"Target Creature gains 15 Energy and ""Recklessness 5.""","With adrenaline pumping through his veins, Ragetrod hardly felt a thing when he rammed headfirst through three stone pillars.",false,1,Martin Molski,https://i.imgur.com/PCDk9f2.png,F,3,true,false,C,2,true,false,F,2,true,false,G,3,true,false,F,1,true,false,G,1,true,false,B,4,false,false,Final Fugue__btd,
165/222,Fluidmorpher's Fanfare,btd,super rare,generic,"Target Creature gains :genericmugic:and "":water:Water 5.""","""Defeat the enemy from within. When they no longer know whom to trust, they'll crumble on their own!"" — Phelphor",false,2,Jerico Santander,https://i.imgur.com/GozslQ5.png,B,2,false,true,G,2,false,false,A,2,false,true,F,2,false,false,G,2,false,true,E,2,false,true,D,4,false,false,Fluidmorpher's Fanfare__btd,
184/222,Improvisational Melody,btd,uncommon,underworld,"Deal 10 damage to target Creature. If your engaged Creature dealt 20 or more attack damage this turn, Improvisational Melody's cost is :underworldmugic0:.",,false,2,Karol Kolodzinski,https://i.imgur.com/nEJRKNA.png,G,2,false,false,B,2,false,true,D,2,false,false,F,3,true,false,G,2,false,false,D,1,false,false,E,4,false,true,Improvisational Melody__btd,
187/222,Intense Polyphony,btd,uncommon,danian,"Activate Hive.
If your Creature has taken 15 or more attack damage this turn, Intense Polyphony's cost is :danianmugic0:.","Against the Danians, there is no such thing as a one-on-one fight.",false,2,Jerico Santander,https://i.imgur.com/T0W0Z3Y.png,C,3,false,false,D,3,false,true,A,2,false,false,E,2,false,true,F,2,false,false,B,2,false,true,E,4,false,false,Intense Polyphony__btd,
178/222,Melody of Miracles,btd,uncommon,overworld,"Heal 15 damage to target Creature. If your engaged Creature won a :wisdom:Wisdom Challenge this turn, Melody of Miracles' cost is :overworldmugic0:.",,false,2,Peter Joworoski,https://i.imgur.com/PK95hgy.png,C,3,false,false,C,1,false,false,B,3,false,false,G,1,false,false,A,3,false,false,D,1,false,false,E,4,false,false,Melody of Miracles__btd,
166/222,Melody of Mirrored Actions,btd,rare,generic,Destroy target Battlegear equipped to an engaged Creature.,"Mugic is a sword that pierces invulnerable armor, a shield that blocks unstoppable strikes.",false,2,Karol Kolodzinski,https://i.imgur.com/j85YiDq.png,A,1,false,false,A,4,false,false,D,1,false,false,D,4,false,false,B,1,false,true,B,2,false,true,G,3,false,true,Melody of Mirrored Actions__btd,
167/222,Nourishing Nocturne,btd,uncommon,generic,"Sacrifice a Minion Creature. If you do, target engaged Creature gains Energy equal to the Scanned Energy of the sacrificed Creature.","I know you think you gave it your all, but I bet I can coax out a little more.",false,2,Martin Molski,https://i.imgur.com/ziM0yIr.png,C,1,false,false,C,1,false,false,D,1,false,true,A,4,false,true,G,1,false,true,G,1,false,true,F,3,false,false,Nourishing Nocturne__btd,
179/222,Odd Opus,btd,rare,overworld,Target Creature gains 15 Energy and 15 to all Disciplines.,"When a mere seven notes can change the course of history, that is the very definition of a miracle.",false,2,Martin Molski,https://i.imgur.com/tJR70mQ.png,E,1,false,true,F,1,true,false,D,1,false,false,A,2,false,false,C,1,true,false,G,3,false,false,B,4,false,false,Odd Opus__btd,
168/222,Predator's Song,btd,ultra rare,generic,"Sacrifice an unengaged Creature. If you do, target engaged Creature loses X from each Discipline where X is the sacrificed Creature's Scanned Disciplines. If you sacrificed a Minion Creature, engaged Creatures also lose 10 Energy.",,false,1,Jerico Santander,https://i.imgur.com/uunV0oL.png,A,1,false,false,C,2,false,false,G,3,false,false,G,1,true,false,A,3,true,false,F,3,false,false,D,4,false,false,Predator's Song__btd,
169/222,Prelude to Dominance,btd,uncommon,generic,Deal 10 damage to target Creature.,"Strike first, strike fast, strike hard, strike last.",false,1,Jerico Santander,https://i.imgur.com/BTZaZ0H.png,G,1,false,false,F,1,false,false,G,4,false,false,D,1,false,false,C,1,false,false,D,2,false,false,E,4,false,false,Prelude to Dominance__btd,
170/222,Psionic Serenade,btd,ultra rare,generic,"Remove a Minion Creature Card in your general discard pile from the game. If you do, deal damage to target engaged Creature equal to the removed card's Scanned Energy.",,true,2,Karol Kolodzinski,https://i.imgur.com/cfH2JJx.png,C,2,false,false,C,2,false,false,B,2,false,false,C,2,false,false,G,4,false,false,A,3,false,true,D,3,false,true,Psionic Serenade__btd,
188/222,Rhythms of Rage,btd,super rare,danian,"Target Mandiblor Creature gains ""Outperform :courage:Courage 5."" If it is Infected, it gains "":earth:Earth 5."" If Hive is active, it also gains 15 Energy.",,false,2,Peter Joworoski,https://i.imgur.com/DhaUS7X.png,C,2,false,false,E,2,false,true,D,2,false,false,C,2,false,false,F,2,true,false,E,2,false,true,C,4,false,false,Rhythms of Rage__btd,
194/222,Selective Strain,btd,common,mipedian,Target Creature gains 25 to a Discipline of your choice. That Creature loses 25 to another Discipline of your choice.,"Every up has a down, every left has a right. The Cothica is always in balance.",false,1,Jerico Santander,https://i.imgur.com/A74mhB4.png,D,1,false,false,E,1,false,false,F,2,true,false,E,1,false,false,F,1,true,false,G,2,true,false,C,4,true,false,Selective Strain__btd,
171/222,Song of Stable Shields,btd,super rare,generic,Target Creature's Disciplines cannot be increased or decreased.,"If every Counter has a Counter, what can we count on?",false,2,Jerico Santander,https://i.imgur.com/plqLkpE.png,B,2,false,true,A,1,false,false,B,2,false,true,D,2,false,false,E,2,false,true,G,2,false,false,F,4,false,false,Song of Stable Shields__btd,
172/222,Specific Diminishing,btd,common,generic,Target Creature loses 20 to a Discipline of your choice.,"When the wise become dumb 
Or the fast become slow 
They've already lost 
And they don't even know",false,1,Jerico Santander,https://i.imgur.com/IHDlGYc.png,F,1,false,false,E,2,false,false,C,2,true,false,A,2,true,false,C,1,false,true,A,1,false,false,F,4,false,false,Specific Diminishing__btd,
173/222,Surprising Riffs,btd,common,generic,Flip target Battlegear face-down.,"Unfortunately for Gronmar, his Telebracers sputtered and died seconds before the toxic tidal wave struck him full force.",false,1,Jerico Santander,https://i.imgur.com/lN3FGef.png,C,2,false,false,F,2,false,false,A,2,false,true,E,3,false,true,D,2,false,false,A,2,false,false,E,4,false,false,Surprising Riffs__btd,
189/222,Symphony of Similarity,btd,common,danian,Target Creature gains 5 to all Disciplines for each Mandiblor you control and each Infected Creature in play.,,false,1,Jerico Santander,https://i.imgur.com/aNPuO4n.png,G,2,true,false,E,2,false,false,G,2,true,false,E,2,false,false,A,3,false,false,F,1,true,false,D,4,true,false,Symphony of Similarity__btd,
174/222,Tonal Destruction,btd,common,generic,Your opponent reveals X Mugic Cards from their hand and you choose one of them. Your opponent discards the chosen card.,"If you eliminate the cause, you'll never face the consequences.",false,X,Martin Molski,https://i.imgur.com/5WnG9wH.png,C,2,false,false,D,2,false,true,D,2,false,true,C,2,false,false,C,2,false,false,D,2,false,true,G,4,false,false,Tonal Destruction__btd,
83/100,Calling of Aa'une,roto,super rare,m'arrillian,"If Aa'une the Oligarch, Projection won combat this turn while equipped with Baton of Aa'une and Rage of Aa'une was played by a Creature you control this turn, flip over Aa'une the Oligarch, Projection.",,false,4,Jerico Santander,https://i.imgur.com/Ya23Nky.png,F,2,false,false,C,2,false,false,G,2,false,false,B,3,false,true,F,2,false,false,C,2,false,false,E,4,false,true,Calling of Aa'une__roto,
84/100,Curemorph Chords,roto,common,m'arrillian,Heal 20 damage to target Fluidmorpher Creature.,"It was hardly fair. As their mortal wounds instantly healed, the irresistible force became even more unstoppable.",false,2,Martin Molski,https://i.imgur.com/RnfYoBF.png,E,2,false,false,E,1,false,false,F,1,false,false,D,2,false,true,A,3,false,true,G,2,false,false,B,4,false,false,Curemorph Chords__roto,
85/100,Decelerating Requiem,roto,uncommon,m'arrillian,Destroy target Creature with 0 :speed:Speed.,"As his pulse plummeted, his heart beat slower... slower... and fell silent.",false,4,Jerico Santander,https://i.imgur.com/OGgVPnZ.png,D,1,true,false,C,2,true,false,B,2,false,false,A,3,false,false,G,3,false,false,F,3,false,false,D,4,true,false,Decelerating Requiem__roto,
86/100,Denial Refrain of the Deep,roto,common,m'arrillian,Negate target Mugic.,"When Bodal realized that only four of his seven notes played, he calculated that he only had 2.5 seconds until Erak'tabb's tentacle squished him like an overripe djobwon.",false,3,Karol Kolodzinski,https://i.imgur.com/OfZmb0d.png,F,3,false,false,D,1,false,false,D,1,false,false,B,1,false,true,A,1,false,true,C,1,false,false,G,4,false,false,Denial Refrain of the Deep__roto,
82/100,Harmonies of the Wind,roto,rare,mipedian,Target M'arrillian or Minion Creature cannot move or play activated abilities.,"When Perim is at its darkest, the Cothica lights the path of hope.",false,1,Peter Joworoski,https://i.imgur.com/0mxdQMr.png,A,2,false,true,A,2,false,false,G,2,false,false,G,2,false,true,F,2,true,false,G,2,false,false,D,4,false,false,Harmonies of the Wind__roto,
79/100,Intress' Healing Ballad,roto,rare,overworld,Heal 5 damage to target engaged Creature for each Mugic counter on opposing Creatures.,,false,2,Karol Kolodzinski,https://i.imgur.com/UWtEmRk.png,G,1,false,false,F,1,true,false,G,1,false,false,D,3,false,false,B,1,false,false,E,1,false,false,A,4,false,false,Intress' Healing Ballad__roto,
80/100,Kopond's Composition,roto,rare,underworld,Deal 5 damage to target engaged Creature for each Mugic counter on opposing Creatures.,,true,3,Martin Molski,https://i.imgur.com/3Yopraw.png,G,3,false,false,G,3,false,true,F,3,false,false,B,3,false,true,C,3,false,false,A,3,false,true,G,4,false,false,Kopond's Composition__roto,
87/100,Mightsinger's Requiem,roto,uncommon,m'arrillian,Destroy target Creature with 0 :power:Power.,"When a pebble becomes as heavy as a boulder, your life will soon be over.",false,4,Jerico Santander,https://i.imgur.com/MJf9pfc.png,C,1,false,false,G,2,false,false,E,1,false,true,C,3,false,false,A,2,false,true,G,2,false,false,E,4,false,false,Mightsinger's Requiem__roto,
81/100,Mindproof March,roto,rare,danian,Heal 5 damage to target Creature and deal 5 damage to another target Creature for each Danian Creature you control with :water:Water.,,false,2,Jerico Santander,https://i.imgur.com/ruGo6l4.png,C,3,false,false,G,1,false,false,C,1,false,false,D,3,false,false,C,2,false,false,D,2,false,false,G,4,false,false,Mindproof March__roto,
88/100,Requiem of Fear,roto,uncommon,m'arrillian,Destroy target Creature with 0 :courage:Courage.,There is no need to fight if your foe is in flight!,false,4,Jerico Santander,https://i.imgur.com/KZu8nL5.png,D,2,false,true,C,2,false,false,D,2,false,true,C,2,false,false,D,2,false,true,C,2,false,false,G,4,false,true,Requiem of Fear__roto,
89/100,Requiem of Lost Minds,roto,uncommon,m'arrillian,Destroy target Creature with 0 :wisdom:Wisdom.,A word to the wise: the wise need no words.,false,4,Jerico Santander,https://i.imgur.com/AY0QvO0.png,A,3,false,true,C,3,false,false,B,2,false,false,D,2,true,false,C,1,true,false,D,1,false,false,F,2,false,false,Requiem of Lost Minds__roto,
77/100,Sound of Noise,roto,super rare,generic,Negate target M'arrillian or Generic Mugic.,The silence was deafening.,false,2,Martin Molski,https://i.imgur.com/SXUvwtD.png,D,3,false,true,D,1,false,false,B,1,false,true,A,1,false,false,E,2,false,true,E,2,false,false,C,4,false,false,Sound of Noise__roto,
90/100,Unheard Melody,roto,ultra rare,m'arrillian,Destroy target Creature with no Mugic counters on it.,Who knows why Mugicians exist. Just be thankful they do.,true,6,Martin Molski,https://i.imgur.com/ovPBCen.png,C,3,false,false,C,2,false,false,B,2,false,false,G,4,false,false,B,1,false,true,D,1,false,false,A,4,false,true,Unheard Melody__roto,
78/100,Vexing Waveform,roto,rare,generic,"Target Creature gains ""Recklessness 5.""
When you play Vexing Waveform you may pay an additional :genericmugic::genericmugic:. If you do, the target Creature gains an additional ""Recklessness 5.""",,false,1,Jerico Santander,https://i.imgur.com/zcifevK.png,G,3,false,false,A,1,false,true,G,3,false,false,D,1,false,false,G,1,false,false,A,1,false,false,B,4,false,true,Vexing Waveform__roto,
85/100,Armament Alteration Anthem,tott,rare,mipedian,"Destroy engaged Creatures' Battlegear. Then, if you only control Mipedian Creatures and your engaged Creature is unequipped, return a Battlegear Card from your general discard pile to play equipped to your engaged Creature.",,false,2,Jerico Santander,https://i.imgur.com/RD0uIM6.png,C,1,false,false,C,1,false,false,D,2,false,true,E,1,false,true,E,1,false,true,F,2,false,false,B,4,false,true,Armament Alteration Anthem__tott,
82/100,Choral of the Apparition,tott,super rare,danian,"Sacrifice an unengaged Mandiblor Creature. If you do, return target Danian Creature Card from your general discard pile to play to the space on the Battleboard where the sacrificed Mandiblor was. If you control only Danian Creatures, return it to any unoccupied space on the Battleboard instead.",,false,2,Karol Kolodzinski,https://i.imgur.com/uefXXFu.png,F,3,false,false,G,1,false,true,F,1,false,false,G,1,false,true,F,1,false,false,D,1,false,false,D,4,false,true,Choral of the Apparition__tott,
86/100,Dirge of the Desert,tott,common,mipedian,"Target Creature gains ""Invisibility: Surprise"" and ""Invisibility: Strike 10.""","The desert wind erases footprints, making the invisible even more undetectable.",false,2,Jerico Santander,https://i.imgur.com/OKm1l0G.png,G,2,true,false,E,1,false,false,G,3,false,false,F,2,true,false,C,1,false,false,E,3,false,false,C,4,true,false,Dirge of the Desert__tott,
76/100,Fanfare of Elemental Champions,tott,uncommon,overworld,"Target Creature gains an Elemental Type of your choice. If you control only OverWorld Creatures, that Creature also gains ""Element 5"" of the chosen Elemental Type.",,false,1,Martin Molski,https://i.imgur.com/MdFFkGN.png,A,3,false,false,E,1,false,false,A,1,false,false,A,1,false,false,D,2,false,false,A,1,false,false,E,4,false,false,Fanfare of Elemental Champions__tott,
77/100,Harmonious Highsong,tott,rare,overworld,"Heal 30 damage to target Creature. If you control only OverWorld Creatures, it gains 30 Energy instead.","""I know enough about Mugic to know that I know very little indeed."" — Najarin",false,2,Jerico Santander,https://i.imgur.com/EyC6eFk.png,F,3,false,false,E,2,false,false,C,2,false,false,D,3,false,false,B,2,false,false,G,2,false,false,A,4,false,false,Harmonious Highsong__tott,
88/100,Intimidating Melody of M'arr,tott,rare,m'arrillian,Target engaged Creature loses 30 to all Disciplines.,"As sudden fatigue overwhelmed his body, Bodal calculated that he had 4.3 seconds to escape before he became Milla'iin's appetizer.",false,1,Jerico Santander,https://i.imgur.com/B8tdhsl.png,C,3,false,false,C,1,false,false,B,1,false,false,A,1,false,false,C,2,true,false,C,1,false,false,A,4,false,false,Intimidating Melody of M'arr__tott,
83/100,Katharaz's Cacophony,tott,uncommon,danian,"Heal 5 damage to your engaged Creature for each Elemental Type it has. If you control only Danian Creatures, also deal 5 damage to the opposing engaged Creature for each Elemental Type that Creature has.",,false,1,Martin Molski,https://i.imgur.com/8GuuuHn.png,D,3,false,true,F,1,false,false,F,1,false,false,B,2,false,false,B,2,false,true,A,2,false,false,E,4,false,true,Katharaz's Cacophony__tott,
89/100,March of the M'arrillian Minions,tott,super rare,m'arrillian,Target Minion gains :genericmugic::genericmugic:.,"With thousands of different Creatures having millions of unique talents, Aa'une has infinite methods to abuse and exploit them.",false,3,Martin Molski,https://i.imgur.com/XkkM0VW.png,G,1,false,false,B,1,false,true,D,1,false,false,E,2,false,true,D,2,false,true,B,1,false,true,G,4,false,false,March of the M'arrillian Minions__tott,
78/100,Minion's Freesong,tott,common,overworld,Target Minion Creature is treated as if its controller did not also control a Chieftain.,"""If we fail to rescue our friends soon, we will never turn back the tide."" — Maxxor",false,1,Karol Kolodzinski,https://i.imgur.com/FNgE5sp.png,G,3,false,false,D,1,false,false,G,1,false,false,F,1,true,false,F,2,false,false,E,2,false,false,D,4,false,true,Minion's Freesong__tott,
79/100,Nocturne of the Elements,tott,rare,underworld,"Target opposing engaged Creature loses all Elemental Types. If you control only UnderWorld Creatures, deal 5 damage to it for each Elemental Type lost this way.",,false,2,Jerico Santander,https://i.imgur.com/eIjvIiI.png,E,2,false,false,F,3,false,false,G,1,true,false,G,1,false,false,F,2,true,false,E,2,false,true,D,4,false,false,Nocturne of the Elements__tott,
80/100,Roar of the Mob,tott,common,underworld,Deal 10 damage to target Creature for each Mugic counter on it.,It was a sound I never heard before. As if the Mugicians were screaming in pain.,false,1,Jerico Santander,https://i.imgur.com/SoEQZnV.png,E,3,false,false,D,2,false,false,E,1,false,false,D,2,false,false,E,1,false,false,C,2,false,false,B,4,false,false,Roar of the Mob__tott,
81/100,Shock Song,tott,uncommon,underworld,"Deal 10 damage to target Creature. If you control only UnderWorld Creatures, also destroy all Battlegear equipped to it.",Achieving the impossible is simple... as long as you know which seven notes to play.,false,2,Peter Joworoski,https://i.imgur.com/S5C8O7b.png,D,2,false,false,C,2,true,false,B,2,false,true,A,2,false,false,A,1,false,true,E,1,false,false,C,4,false,false,Shock Song__tott,
90/100,Symphonic Pelagic Maresong,tott,super rare,m'arrillian,Mugic and activated abilities cannot be played. (Mugic and activated abilities played before this resolves are unaffected.),"The tune died, as did any chance of reclaiming the Riverlands.",true,3,Jerico Santander,https://i.imgur.com/9RbkHGH.png,B,2,false,true,A,2,false,false,A,2,false,false,B,2,false,true,A,2,false,false,F,2,false,false,D,4,false,false,Symphonic Pelagic Maresong__tott,
87/100,Symphony of the Guard,tott,uncommon,mipedian,"Target Creature gains "":earth:Earth 5"" and "":air:Air 5."" If you only control Mipedian Creatures, it also gains ""Outperform :speed:Speed 5.""",Never forget your roots. All answers lie there.,false,1,Peter Joworoski,https://i.imgur.com/BWl5oo0.png,B,2,false,true,A,1,false,true,B,1,false,true,B,2,false,false,E,2,false,true,F,2,false,false,B,4,false,true,Symphony of the Guard__tott,
84/100,Unisong,tott,common,danian,"Target Danian Creature gains 10 Energy. If Hive is active, it also gains 10 :courage:Courage for each Danian Creature you control.",Unite and fight... or divide and die!,false,1,Jerico Santander,https://i.imgur.com/70Cn8M7.png,F,2,true,false,A,3,false,false,G,3,true,false,C,3,true,false,F,2,true,false,A,1,false,false,C,4,true,false,Unisong__tott,
84/100,Adaptive Progression,fun,uncommon,danian,Negate target Elemental Attack.,,false,2,Jerico Santander,https://i.imgur.com/3y4sJed.png,E,3,false,false,C,2,false,false,B,2,false,false,G,3,false,false,D,2,false,false,C,2,true,false,A,4,false,false,Adaptive Progression__fun,
82/100,Denying Dirge,fun,uncommon,underworld,Target Creature cannot be healed or gain Energy from non-innate abilities.,"If you make sure the weak remain weak, the outcome will never be bleak.",false,1,Jerico Santander,https://i.imgur.com/1P1gMcC.png,D,4,true,false,E,1,false,false,A,3,true,false,A,3,false,false,F,2,false,false,F,2,true,false,E,4,false,false,Denying Dirge__fun,
86/100,Iflar's Improvisation,fun,uncommon,mipedian,"Target non-Mipedian Creature gains ""Invisibility: Strike 30.""","""A secret shared can never be unshared... but so be it."" — Prince Iflar",false,2,Jerico Santander,https://i.imgur.com/SU3eMcb.png,G,4,false,false,A,2,false,false,B,4,false,false,A,1,false,false,G,1,false,false,F,2,false,false,E,4,false,false,Iflar's Improvisation__fun,
87/100,Illusion Glissando,fun,rare,mipedian,Relocate target Mirage Location to any space on the Battleboard.,"As they wandered from sand dune to sand dune in search of the Cothica, little did they know that the Cothica was never there to begin with.",false,0,Jerico Santander,https://i.imgur.com/yCOW457.png,F,3,true,false,G,1,true,false,A,2,false,false,B,3,false,false,C,2,true,false,F,1,true,false,F,4,false,false,Illusion Glissando__fun,
83/100,Intertwined Melody,fun,rare,underworld,Target Creature engaged with a non-UnderWorld Creature you control loses an Elemental Type of your choice and loses 30 to all Disciplines.,"""I never thought an UnderWorlder would save my life. I owe you... unfortunately."" — Gespedan",false,2,Jerico Santander,https://i.imgur.com/h17V6mj.png,C,3,false,false,F,2,false,false,B,3,false,false,D,1,true,false,E,2,false,false,A,1,false,false,D,4,false,false,Intertwined Melody__fun,
77/100,Jig of Reinforcement,fun,uncommon,generic,"Target Creature gains:
10 Energy if it is an OverWorld Creature.
"":fire:Fire 5"" if it is an UnderWorld Creature.
20 to all Disciplines if it is a Danian Creature.
""Invisibility: Strike 10"" if it is a Mipedian Creature.",,false,1,Jerico Santander,https://i.imgur.com/vdms49m.png,G,2,false,false,A,2,false,true,C,3,false,false,A,2,false,true,D,3,false,true,B,2,false,true,E,4,false,true,Jig of Reinforcement__fun,
78/100,Monophone Mayhem,fun,rare,generic,Choose a Tribe. Creatures of that Tribe cannot have Mugic counters put on them.,The Mugician's singing turned into screams. There will be no more music this day.,false,2,Jerico Santander,https://i.imgur.com/YCi7xEP.png,E,2,false,false,E,2,false,false,E,1,false,false,E,2,false,false,E,1,false,false,F,1,true,false,A,4,true,false,Monophone Mayhem__fun,
85/100,Ode to Obscurity,fun,rare,danian,"Infect X Uninfected Creatures. If you control a non-Danian Creature, Infect another X Uninfected Creatures.","Where most see the tragedies of war, the wise see opportunity.",false,X,Jerico Santander,https://i.imgur.com/vgSGWHx.png,D,2,false,false,E,3,false,true,A,2,false,false,E,3,false,false,B,2,false,false,F,1,false,false,C,4,true,false,Ode to Obscurity__fun,
79/100,Opus Opposed,fun,super rare,generic,Heal 5 damage to target Creature for each Tribe you control.,"One is none. 
Two may do. 
Three? Maybe. 
But four... we soar!",false,1,Jerico Santander,https://i.imgur.com/4acF5my.png,E,3,false,false,F,1,false,false,B,1,false,true,A,2,false,false,G,2,false,false,D,2,false,false,C,4,true,false,Opus Opposed__fun,
88/100,Ostinato of Oban'emre,fun,super rare,m'arrillian,Target M'arrillian or Minion Creature gains 10 Energy for each Minion Creature Card in each general discard pile.,"Living in harsh waters, the M'arrillians learned to scrounge even the smallest shred to survive.",false,2,Jerico Santander,https://i.imgur.com/hIxkZYM.png,G,2,false,false,G,2,true,false,E,2,false,false,G,2,false,false,G,2,true,false,E,1,false,false,C,4,false,false,Ostinato of Oban'emre__fun,
80/100,Skysong Arpeggio,fun,rare,overworld,"Target Creature gains 30 :wisdom:Wisdom and ""Outperform :wisdom:Wisdom 5.""","As Milla'iin fell into his lava trap, Bodal calculated that it would boil into a yummy seafood soup in 32.8 seconds.",false,1,Jerico Santander,https://i.imgur.com/lorTQ4R.png,E,2,false,false,A,1,false,false,C,1,true,false,G,2,false,false,C,2,false,false,E,2,false,false,E,4,false,true,Skysong Arpeggio__fun,
81/100,Vidav's Voicing,fun,uncommon,overworld,Target non-OverWorld Creature gains 20 Energy.,"""There are seven tenets to victory, and it is no coincidence that seven notes are the keys to each."" — Vidav's teachings",false,1,Jerico Santander,https://i.imgur.com/CsvuniV.png,F,2,false,false,D,3,false,false,B,1,false,false,C,1,false,false,D,1,false,false,E,2,false,true,G,4,false,false,Vidav's Voicing__fun,
164/200,Aegis Airia,au,common,mipedian,Negate target attack. The next attack played this turn deals 0 damage.,"Each note a melody, each melody an aria, each aria a symphony, each symphony a miracle.",false,1,Martin Molski,https://i.imgur.com/0yvB4Yi.png,C,3,false,false,B,1,false,false,B,1,false,false,C,1,false,false,A,1,false,true,G,1,false,false,E,4,false,true,Aegis Airia__au,
159/200,Ancestral Anthem,au,rare,danian,"Remove a Creature Card in your general discard pile from the game. If you do, activate Hive.","Resourceful and efficient, Danians recycle everything in order to survive... including corpses!",false,0,Martin Molski,https://i.imgur.com/avky9jw.png,G,2,true,false,D,2,true,false,C,3,true,false,A,2,true,false,B,2,false,false,G,2,true,false,E,4,false,false,Ancestral Anthem__au,
170/200,Anthem of Stone,au,common,generic,"Target Creature gains :earth:Earth. If that Creature already has :earth:Earth, it gains "":earth:Earth 5"" instead.","The earth split, toppling the towers, erasing the castle from memory.",false,1,Martin Molski,https://i.imgur.com/oYVf5s5.png,E,2,false,false,B,2,false,false,F,2,true,false,F,1,true,false,G,3,false,false,E,1,false,false,C,4,false,false,Anthem of Stone__au,
154/200,Battlesong of Depletion,au,common,underworld,Creatures engaged with the caster lose all Elemental Types.,"Isolated from the embrace of the universe, Heptadd felt alone, empty and - for the first time - afraid.",false,2,Martin Molski,https://i.imgur.com/08mSkjr.png,C,3,false,false,E,3,false,true,B,3,false,true,F,3,false,false,A,3,false,true,E,3,false,true,C,4,false,false,Battlesong of Depletion__au,
149/200,Battlesong of Renewal,au,common,overworld,Caster heals 25 Damage.,The search for the Cothica is also a search into yourself. You cannot find one without the other.,false,1,Jerico Santander,https://i.imgur.com/ey5jMlJ.png,E,2,false,true,F,2,false,false,E,2,false,false,G,3,false,true,E,2,false,true,F,2,false,false,E,4,false,false,Battlesong of Renewal__au,
165/200,Bonding Battlesong,au,rare,mipedian,"When target opposing Creature heals or gains Energy from a Mugic or activated ability, the caster of this Mugic also heals or gains that much Energy.",,false,1,Martin Molski,https://i.imgur.com/EVRyTGl.png,E,2,false,false,B,1,false,false,G,1,true,false,A,1,false,false,F,2,true,false,C,2,true,false,D,4,false,false,Bonding Battlesong__au,
155/200,Consuming Cacophony,au,super rare,underworld,"Deal 20 damage to target Creature. If the caster of this Mugic has :fire:Fire, deal an additional 10 damage.",Flames feed upon flames in a voracious conflagration.,false,2,Jerico Santander,https://i.imgur.com/DTP1tK8.png,A,1,false,true,F,1,false,false,G,1,false,true,G,1,false,false,E,1,false,true,D,1,false,false,D,3,false,true,Consuming Cacophony__au,
156/200,Counterpoint of Chaos,au,rare,underworld,Target Creature cannot gain Elemental Types.,"Once again, ""Mugic Tester"" ranked as the second most dangerous job in Perim... just behind Chaor's sparring partner.",false,1,Martin Molski,https://i.imgur.com/4ZMEsNX.png,A,1,false,true,F,1,false,false,G,1,false,true,G,1,false,false,E,1,false,true,D,1,false,false,D,3,false,true,Counterpoint of Chaos__au,
157/200,Decomposition,au,rare,underworld,Target Creature fails all Discipline checks on attacks it plays.,"His strength faltered 
His bravery waned 
His feet dragged 
As we went insane",false,1,Jerico Santander,https://i.imgur.com/ULlJxEQ.png,,,,,,,,,,,,,,,,,,,,,,,,,,,,,Decomposition__au,
171/200,Diminuendo,au,common,generic,Target Creature loses 5 Energy and 5 to all Disciplines.,"Aivenna dug deep, willing herself to keep fighting... but her body had nothing left to give.",false,1,Jerico Santander,https://i.imgur.com/rlMoGw1.png,B,3,false,true,A,1,false,false,A,3,false,true,G,1,false,false,G,3,false,true,F,1,false,false,E,4,false,false,Diminuendo__au,
172/200,Dischord of Flame,au,common,generic,"Target Creature gains :fire:Fire. If that Creature already has :fire:Fire, it gains "":fire:Fire 5"" instead.","The grey coat of ash choked the petals, wilting the leaves, wilting the soul.",false,1,Martin Molski,https://i.imgur.com/bZEzmfj.png,,,,,,,,,,,,,,,,,,,,,,,,,,,,,Dischord of Flame__au,
160/200,Elemental Counterpoint,au,common,danian,Target attack deals 10 less damage for each Elemental Type that attack has.,"""You call that a Pebblestorm?! That was more like a Pebblebreeze!"" — Wamma",false,1,Martin Molski,https://i.imgur.com/ExWTvoi.png,C,3,false,false,G,2,false,false,F,3,true,false,A,2,false,false,E,2,false,true,C,2,false,false,D,4,false,false,Elemental Counterpoint__au,
161/200,Empowering Encore,au,rare,danian,Target Creature gains all Elemental Types your Creature Cards in your general discard pile have.,"""As long as you believe that the impossible is only what has yet to be accomplished, everything is possible."" — Lore",false,1,Martin Molski,https://i.imgur.com/bcQq1b9.png,F,2,false,false,C,1,false,false,B,2,false,false,A,1,false,false,G,1,true,false,D,1,false,false,E,4,false,false,Empowering Encore__au,
150/200,Fluid Fugue,au,super rare,overworld,"Heal 25 damage to target Creature. If the caster of this Mugic has :water:Water, that Creature gains :overworldmugic:.",Seven notes... infinite possibilities.,false,2,Martin Molski,https://i.imgur.com/BXhDkDu.png,B,2,false,true,F,2,false,false,A,2,false,false,C,2,false,false,B,2,false,false,F,2,false,false,C,4,false,false,Fluid Fugue__au,
173/200,Harmonics of Water,au,common,generic,"Target Creature gains :water:Water. If that Creature already has :water:Water, it gains "":water:Water 5"" instead.","And with one final wave, the flood washed away all remaining traces of the now-forgotten civilization.",false,1,Jerico Santander,https://i.imgur.com/9k52WPv.png,E,2,false,false,C,3,false,false,B,1,false,false,B,1,false,true,A,1,false,false,A,1,false,true,D,4,false,false,Harmonics of Water__au,
174/200,Howl of the Wind,au,common,generic,"Target Creature gains :air:Air. If that Creature already has :air:Air, it gains "":air:Air 5"" instead.","The tornado ripped across the fields, destroying the harvest, starving the land.",false,1,Martin Molski,https://i.imgur.com/RcwmaEU.png,C,3,false,false,B,4,false,false,B,1,false,true,A,1,false,false,A,1,false,true,G,1,false,false,E,4,false,false,Howl of the Wind__au,
151/200,Interlude of Interruption,au,rare,overworld,Negate target Mugic unless the casting Creature of that Mugic plays an additional :genericmugic:.,"When the Mugicians sing, all of Perim is blessed.",false,1,Martin Molski,https://i.imgur.com/vvfPGHC.png,C,2,false,false,D,2,false,false,E,4,false,true,F,2,false,false,G,2,false,false,A,3,false,true,D,4,false,true,Interlude of Interruption__au,
162/200,Rocky Refrain,au,super rare,danian,"Target engaged Creature gains 5 Energy for each Elemental Type the opposing engaged Creature has. If the caster of this Mugic has :earth:Earth, the target Creature gains an additional 5 Energy for each Elemental Type the opposing engaged Creature has.",,false,2,Martin Molski,https://i.imgur.com/NaZKEtx.png,,,,,,,,,,,,,,,,,,,,,,,,,,,,,Rocky Refrain__au,
158/200,Searing Symphony,au,rare,underworld,Deal 10 damage to target Creature for each Elemental Type it has.,The rain not only nourishes but drowns. The embers warm as well as burn.,true,1,Jerico Santander,https://i.imgur.com/bGR8eby.png,E,1,false,true,D,1,false,false,E,4,false,true,E,1,false,true,F,1,false,false,G,3,false,true,A,4,false,true,Searing Symphony__au,
166/200,Silent Requiem,au,rare,mipedian,Negate target Mugic or ability that targets a Creature with Invisibility.,"Unseen, unheard, unhittable... unbeatable!",false,1,Jerico Santander,https://i.imgur.com/C1uCFAN.png,B,3,false,true,F,1,false,false,A,2,false,true,F,2,false,false,E,4,false,true,B,1,false,true,C,3,false,false,Silent Requiem__au,
167/200,Sonata of Storms,au,super rare,mipedian,"Target Creature gains ""Range"" and ""Swift 3."" If the caster of this Mugic has :air:Air, the target Creature also gains ""Invisibility: Surprise.""","As the thief sped away, Gespedan blamed himself for leaving the battle plans out in the open.",false,2,Martin Molski,https://i.imgur.com/wXZwWR4.png,G,3,false,false,E,1,false,true,D,1,false,false,G,4,false,false,D,4,false,false,A,2,false,false,B,4,false,true,Sonata of Storms__au,
152/200,Song of Elemental Attunement,au,rare,overworld,Target Creature gains all of its Scanned Elemental Types.,"""As ice, liquid and vapor are different forms of water, the four elements are simply different forms of nature."" — Intress",false,1,Jerico Santander,https://i.imgur.com/uqwyLoZ.png,B,2,false,false,E,2,false,false,F,2,false,false,B,2,false,true,A,2,false,true,D,1,false,true,C,4,false,false,Song of Elemental Attunement__au,
168/200,Song of Translocation,au,rare,mipedian,Relocate target Creature you control to any unoccupied space on the Battleboard.,"""There's no shame in losing a fight. There's only shame in losing your life."" — Headmaster Ankhyja",false,1,Martin Molski,https://i.imgur.com/fEQnPl0.png,C,2,false,false,G,1,false,false,A,3,false,false,E,2,false,true,A,1,false,true,B,3,false,true,E,4,false,true,Song of Translocation__au,
169/200,Swartbron Battlesong,au,rare,m'arrillian,"If the caster is engaged, the opposing engaged Creature and the caster each gain Energy equal to their lowest Discipline.","In a maddening gyre, delving into the secrets of Mugic only reveals more secrets.",false,3,Jerico Santander,https://i.imgur.com/YaeXNAK.png,F,4,false,false,G,4,false,false,C,3,false,false,A,3,false,false,G,2,false,false,C,2,false,false,A,4,false,false,Swartbron Battlesong__au,
153/200,Symphony of Shielding,au,rare,overworld,Target attack or Mugic deals 0 damage.,"As Maxxor fearlessly charged through the rain of flaming arrows, he added another tale to his legend.",false,2,Jerico Santander,https://i.imgur.com/2hqyWjo.png,A,2,false,true,F,1,false,false,G,2,false,true,E,2,false,true,D,2,false,true,E,2,false,true,G,4,false,true,Symphony of Shielding__au,
163/200,Unbalancing Battlesong,au,rare,danian,Caster gains 15 Energy and Creatures engaged with caster lose 15 Energy.,"""Mugic is older than time and stronger than power. It will outlast us all."" — Tharc",false,1,Martin Molski,https://i.imgur.com/nYaBX9P.png,F,3,true,false,D,3,false,false,B,1,false,true,A,1,false,false,B,1,false,true,A,1,false,false,B,3,false,true,Unbalancing Battlesong__au,
FAS-jj1h2bi5,Mondo Rondo,fas,rare,mipedian,Target attack counts as the first attack played this combat.,"""Stop me if you've heard this one before"" - Enre-hep",false,2,,https://i.imgur.com/4XPRSiz.png,,,,,,,,,,,,,,,,,,,,,,,,,,,,,Mondo Rondo__fas,
OP-ysymn6ld,Najarin's Tower of Song,op,ultra rare,overworld,"Deal 20 damage to target Creature on your side of the Battleboard.
That Creature's controller discards a random Mugic Card from their hand.",,false,3,Jerico Santander,https://i.imgur.com/WK0VMYP.png,C,3,false,false,C,1,false,false,B,3,false,false,G,1,false,false,A,3,false,false,D,1,false,false,E,4,false,false,Najarin's Tower of Song__op,
OP-3r13npib,Ulmar's Activating Arpeggio,op,uncommon,underworld,Flip target face-down Battlegear face-up. Destroy that Battlegear at the beginning of the next turn.,,true,1,Jerico Santander,https://i.imgur.com/fa92axS.png,G,2,false,false,D,1,false,true,G,1,false,false,E,3,false,true,D,1,false,false,F,1,true,false,F,4,true,false,Ulmar's Activating Arpeggio__op,
OP1-17/20,"Fortissimo, (OP)",op,super rare,generic,"Target Creature gains 5 :courage:Courage, :power:Power, :wisdom:Wisdom, :speed:Speed, and Energy.","""The Cothica existed before the beginning. It will survive long past our end."" — Najarin",false,1,Martin Molski,https://i.imgur.com/QiwNb6J.png,G,2,true,false,C,1,true,false,E,2,false,false,C,2,true,false,D,2,true,false,G,1,false,false,F,4,true,false,"Fortissimo, (OP)__op",
